id,Name,ID,ALIGN,EYE,HAIR,ALIVE,APPEARANCES,FIRST APPEARANCE,YEAR
1,Batman (Bruce Wayne),Secret Identity,Good Characters,Blue Eyes,Black Hair,Living Characters,3093,"1939, May",1939
2,Superman (Clark Kent),Secret Identity,Good Characters,Blue Eyes,Black Hair,Living Characters,2496,"1938, June",1938
3,Green Lantern (Hal Jordan),Secret Identity,Good Characters,Brown Eyes,Brown Hair,Living Characters,1565,"1959, October",1959
4,James Gordon (New Earth),Public Identity,Good Characters,Brown Eyes,White Hair,Living Characters,1316,"1939, May",1939
5,Richard Grayson (New Earth),Secret Identity,Good Characters,Blue Eyes,Black Hair,Living Characters,1237,"1940, April",1940
6,Wonder Woman (Diana Prince),Public Identity,Good Characters,Blue Eyes,Black Hair,Living Characters,1231,"1941, December",1941
7,Aquaman (Arthur Curry),Public Identity,Good Characters,Blue Eyes,Blond Hair,Living Characters,1121,"1941, November",1941
8,Timothy Drake (New Earth),Secret Identity,Good Characters,Blue Eyes,Black Hair,Living Characters,1095,"1989, August",1989
9,Dinah Laurel Lance (New Earth),Public Identity,Good Characters,Blue Eyes,Blond Hair,Living Characters,1075,"1969, November",1969
10,Flash (Barry Allen),Secret Identity,Good Characters,Blue Eyes,Blond Hair,Living Characters,1028,"1956, October",1956
11,Alan Scott (New Earth),Secret Identity,Good Characters,Blue Eyes,Blond Hair,Deceased Characters,969,"1940, July",1940
12,Jason Garrick (New Earth),Public Identity,Good Characters,Blue Eyes,Brown Hair,Living Characters,951,"1940, January",1940
13,Barbara Gordon (New Earth),Secret Identity,Good Characters,Blue Eyes,Red Hair,Living Characters,951,"1967, January",1967
14,Lois Lane (New Earth),Public Identity,Good Characters,Blue Eyes,Black Hair,Living Characters,934,"1938, June",1938
15,Alfred Pennyworth (New Earth),Public Identity,Good Characters,Blue Eyes,Black Hair,Living Characters,930,"1943, April",1943
16,Carter Hall (New Earth),Secret Identity,Good Characters,Blue Eyes,Brown Hair,Living Characters,803,"1940, January",1940
17,Kyle Rayner (New Earth),Secret Identity,Good Characters,Green Eyes,Black Hair,Living Characters,716,"1994, January",1994
18,Raymond Palmer (New Earth),Public Identity,Good Characters,Brown Eyes,Unknown or None,Living Characters,706,"1961, October",1961
19,Alexander Luthor (New Earth),Public Identity,Bad Characters,Green Eyes,Unknown or None,Living Characters,677,"1940, April",1940
20,Roy Harper (New Earth),Secret Identity,Neutral Characters,Green Eyes,Red Hair,Living Characters,654,"1941, November",1941
21,Kara Zor-L (Earth-Two),Secret Identity,Good Characters,Blue Eyes,Blond Hair,Living Characters,635,"1976, February",1976
22,Ted Grant (New Earth),Secret Identity,Unknown or None,Blue Eyes,Black Hair,Living Characters,605,"1942, January",1942
23,Garfield Logan (New Earth),Public Identity,Good Characters,Green Eyes,Green Hair,Living Characters,595,"1965, November",1965
24,Guy Gardner (New Earth),Public Identity,Good Characters,Blue Eyes,Red Hair,Living Characters,593,"1968, March",1968
25,Victor Stone (New Earth),Public Identity,Good Characters,Brown Eyes,Black Hair,Living Characters,584,"1980, October",1980
26,Kon-El (New Earth),Secret Identity,Good Characters,Blue Eyes,Black Hair,Living Characters,560,"1993, June",1993
27,Ralph Dibny (New Earth),Public Identity,Unknown or None,Blue Eyes,Red Hair,Deceased Characters,558,"1960, May",1960
28,James Olsen (New Earth),Public Identity,Good Characters,Green Eyes,Red Hair,Living Characters,557,"1938, November",1938
29,John Stewart (New Earth),Public Identity,Good Characters,Brown Eyes,Black Hair,Living Characters,549,"1971, December",1971
30,Joker (New Earth),Secret Identity,Bad Characters,Green Eyes,Green Hair,Living Characters,517,"1940, June",1940
31,Franklin Rock (New Earth),Public Identity,Good Characters,Blue Eyes,Unknown or None,Living Characters,492,"1959, April",1959
32,Garth (New Earth),Public Identity,Good Characters,Purple Eyes,Black Hair,Deceased Characters,487,"1960, February",1960
33,Rex Mason (New Earth),Secret Identity,Unknown or None,Black Eyes,Unknown or None,Living Characters,470,"1965, January",1965
34,Zatanna Zatara (New Earth),Public Identity,Good Characters,Blue Eyes,Black Hair,Living Characters,439,"1964, November",1964
35,Aztar (New Earth),Secret Identity,Unknown or None,White Eyes,Unknown or None,Living Characters,436,"1940, February",1940
36,Theodore Kord (New Earth),Secret Identity,Unknown or None,Blue Eyes,Brown Hair,Deceased Characters,429,"1986, February",1986
37,Michael Jon Carter (New Earth),Public Identity,Good Characters,Blue Eyes,Blond Hair,Living Characters,427,"1986, February",1986
38,Cassandra Sandsmark (New Earth),Public Identity,Good Characters,Blue Eyes,Blond Hair,Living Characters,423,"1996, January",1996
39,Kent Nelson (New Earth),Secret Identity,Good Characters,Blue Eyes,Blond Hair,Deceased Characters,422,"1940, May",1940
40,Harvey Bullock (New Earth),Public Identity,Good Characters,Brown Eyes,Black Hair,Living Characters,413,"1974, July",1974
41,Rachel Roth (New Earth),Secret Identity,Good Characters,Purple Eyes,Black Hair,Living Characters,399,"1980, October",1980
42,Helena Bertinelli (New Earth),Secret Identity,Good Characters,Blue Eyes,Black Hair,Living Characters,393,"1989, April",1989
43,Wesley Dodds (New Earth),Secret Identity,Good Characters,Brown Eyes,Brown Hair,Deceased Characters,391,"1939, April",1939
44,Uxas (New Earth),Public Identity,Bad Characters,Red Eyes,Unknown or None,Deceased Characters,388,"1970, December",1970
45,Ronald Raymond (New Earth),Secret Identity,Good Characters,Blue Eyes,Unknown or None,Living Characters,386,"1978, March",1978
46,Nathaniel Adam (New Earth),Secret Identity,Good Characters,Blue Eyes,White Hair,Living Characters,386,"1987, March",1987
47,Red Tornado (New Earth),Secret Identity,Good Characters,Green Eyes,Unknown or None,Living Characters,374,"1968, August",1968
48,John Constantine (New Earth),Public Identity,Good Characters,Blue Eyes,Blond Hair,Living Characters,371,"1984, June",1984
49,Albert Pratt (New Earth),Secret Identity,Good Characters,Blue Eyes,Red Hair,Deceased Characters,370,"1940, October",1940
50,Charles McNider (New Earth),Secret Identity,Unknown or None,Blue Eyes,Blond Hair,Deceased Characters,361,"1941, April",1941
51,Theodore Knight (New Earth),Secret Identity,Good Characters,Brown Eyes,Brown Hair,Deceased Characters,356,"1941, April",1941
52,Lobo (New Earth),Public Identity,Neutral Characters,Red Eyes,Black Hair,Living Characters,353,"1983, June",1983
53,Perry White (New Earth),Public Identity,Unknown or None,Blue Eyes,Brown Hair,Living Characters,350,"1986, October",1986
54,John Henry Irons (New Earth),Public Identity,Good Characters,Brown Eyes,Unknown or None,Living Characters,345,"1993, June",1993
55,Jefferson Pierce (New Earth),Secret Identity,Good Characters,Brown Eyes,Unknown or None,Living Characters,344,"1977, April",1977
56,Slade Wilson (New Earth),Secret Identity,Neutral Characters,Blue Eyes,White Hair,Living Characters,336,"1980, December",1980
57,Phantom Stranger (New Earth),Secret Identity,Unknown or None,Black Eyes,Black Hair,Living Characters,335,"1952, September",1952
58,Beatriz da Costa (New Earth),Secret Identity,Good Characters,Green Eyes,Green Hair,Living Characters,325,"1982, June",1982
59,William Batson (New Earth),Secret Identity,Good Characters,Blue Eyes,Black Hair,Living Characters,321,"1940, February",1940
60,Carol Ferris (New Earth),Public Identity,Neutral Characters,Blue Eyes,Black Hair,Living Characters,319,"1959, October",1959
61,Clifford Steele (New Earth),Public Identity,Unknown or None,Photocellular Eyes,Unknown or None,Living Characters,314,"1963, June",1963
62,Etrigan (New Earth),Public Identity,Neutral Characters,Red Eyes,Unknown or None,Living Characters,311,"1972, September",1972
63,Jennifer-Lynn Hayden (New Earth),Secret Identity,Good Characters,Green Eyes,Green Hair,Living Characters,309,"1983, September",1983
64,Swamp Thing (New Earth),Public Identity,Good Characters,Red Eyes,Unknown or None,Living Characters,309,"1972, November",1972
65,Renee Montoya (New Earth),Secret Identity,Good Characters,Brown Eyes,Black Hair,Living Characters,308,"1992, March",1992
66,Harvey Dent (New Earth),Public Identity,Bad Characters,Blue Eyes,Brown Hair,Living Characters,306,"1942, August",1942
67,Courtney Whitmore (New Earth),Secret Identity,Good Characters,Blue Eyes,Blond Hair,Living Characters,305,"1999, July",1999
68,Kendra Saunders (New Earth),Secret Identity,Good Characters,Hazel Eyes,Brown Hair,Deceased Characters,301,"1999, August",1999
69,Michael Holt (New Earth),Secret Identity,Unknown or None,Brown Eyes,Black Hair,Living Characters,300,"1997, June",1997
70,Kilowog (New Earth),Public Identity,Good Characters,Red Eyes,Unknown or None,Living Characters,299,"1986, June",1986
71,Kara Zor-El (New Earth),Secret Identity,Good Characters,Blue Eyes,Blond Hair,Living Characters,297,"2004, May",2004
72,Jonah Hex (New Earth),Public Identity,Good Characters,Blue Eyes,Blond Hair,Deceased Characters,291,"1972, March",1972
73,Rex Tyler (New Earth),Secret Identity,Good Characters,Blue Eyes,Brown Hair,Living Characters,288,"1940, March",1940
74,Pamela Isley (New Earth),Secret Identity,Neutral Characters,Green Eyes,Red Hair,Living Characters,286,"1966, June",1966
75,Pieter Cross (New Earth),Secret Identity,Good Characters,Blue Eyes,Black Hair,Living Characters,284,"1999, February",1999
76,Jonathan L. Thunder (New Earth),Secret Identity,Good Characters,Blue Eyes,Blond Hair,Living Characters,282,"1940, January",1940
77,Mari McCabe (New Earth),Secret Identity,Good Characters,Amber Eyes,Brown Hair,Living Characters,268,"1981, July",1981
78,Scott Free (New Earth),Secret Identity,Good Characters,Blue Eyes,Black Hair,Living Characters,268,"1971, April",1971
79,Martha Clark (New Earth),Public Identity,Good Characters,Blue Eyes,White Hair,Living Characters,266,"1986, October",1986
80,Boston Brand (New Earth),Secret Identity,Good Characters,Blue Eyes,Unknown or None,Deceased Characters,262,"1967, October",1967
81,Daniel Turpin (New Earth),Public Identity,Unknown or None,Brown Eyes,Brown Hair,Deceased Characters,261,"1942, June",1942
82,John Zatara (New Earth),Secret Identity,Good Characters,Blue Eyes,Black Hair,Deceased Characters,256,"1938, June",1938
83,Jonathan Kent (New Earth),Public Identity,Good Characters,Blue Eyes,White Hair,Deceased Characters,254,"1986, October",1986
84,Oswald Cobblepot (New Earth),Public Identity,Unknown or None,Blue Eyes,Black Hair,Living Characters,253,"1941, December",1941
85,Tatsu Yamashiro (New Earth),Secret Identity,Good Characters,Brown Eyes,Black Hair,Living Characters,252,"1983, July",1983
86,Lawrence Trainor (New Earth),Secret Identity,Good Characters,Blue Eyes,Blond Hair,Living Characters,250,"1963, June",1963
87,Albert Rothstein (New Earth),Secret Identity,Good Characters,Blue Eyes,Unknown or None,Living Characters,245,"1983, September",1983
88,Brion Markov (New Earth),Secret Identity,Good Characters,Green Eyes,Strawberry Blond Hair,Living Characters,245,"1983, July",1983
89,Sanderson Hawkins (New Earth),Secret Identity,Good Characters,Blue Eyes,Blond Hair,Living Characters,241,"1941, December",1941
90,Jonathan Chambers (New Earth),Secret Identity,Good Characters,Blue Eyes,Blond Hair,Deceased Characters,239,"1941, September",1941
91,Orion (New Earth),Public Identity,Good Characters,Blue Eyes,Strawberry Blond Hair,Deceased Characters,237,"1971, March",1971
92,Thaal Sinestro (New Earth),Public Identity,Neutral Characters,Yellow Eyes,Black Hair,Living Characters,237,"1961, August",1961
93,Jason Todd (New Earth),Secret Identity,Neutral Characters,Blue Eyes,Black Hair,Living Characters,235,"1987, June",1987
94,Cassandra Cain (New Earth),Secret Identity,Good Characters,Brown Eyes,Black Hair,Living Characters,235,"1999, July",1999
95,Susan Dearbon (New Earth),Public Identity,Good Characters,Unknown or None,Black Hair,Deceased Characters,235,"1961, March",1961
96,Jean-Paul Valley (New Earth),Secret Identity,Good Characters,Blue Eyes,Blond Hair,Deceased Characters,234,"1992, October",1992
97,Hippolyta (New Earth),Public Identity,Good Characters,Blue Eyes,Black Hair,Living Characters,231,"1987, February",1987
98,Sylvester Pemberton (New Earth),Secret Identity,Good Characters,Blue Eyes,Black Hair,Deceased Characters,229,"1941, October",1941
99,Bernhard Baker (New Earth),Secret Identity,Good Characters,Blue Eyes,Blond Hair,Living Characters,229,"1965, September",1965
100,Joseph Wilson (New Earth),Secret Identity,Neutral Characters,Green Eyes,Blond Hair,Living Characters,229,"1984, May",1984
101,Jesse Chambers (New Earth),Public Identity,Good Characters,Blue Eyes,Blond Hair,Living Characters,228,"1992, August",1992
102,Floyd Lawton (New Earth),Secret Identity,Neutral Characters,Blue Eyes,Brown Hair,Living Characters,227,"1950, June",1950
103,Mera (New Earth),Public Identity,Unknown or None,Blue Eyes,Red Hair,Living Characters,226,"1963, October",1963
104,Tora Olafsdotter (New Earth),Public Identity,Good Characters,Blue Eyes,White Hair,Living Characters,225,"1988, April",1988
105,George Harkness (New Earth),Secret Identity,Unknown or None,Brown Eyes,Brown Hair,Living Characters,224,"1960, December",1960
106,Jonathan Crane (New Earth),Public Identity,Bad Characters,Blue Eyes,Brown Hair,Living Characters,222,"1941, September",1941
107,Amanda Waller (New Earth),Public Identity,Good Characters,Brown Eyes,Black Hair,Living Characters,222,"1986, November",1986
108,Shiera Sanders (New Earth),Secret Identity,Good Characters,Brown Eyes,Red Hair,Living Characters,219,"1940, January",1940
109,Leonard Snart (New Earth),Secret Identity,Unknown or None,Brown Eyes,Brown Hair,Living Characters,219,"1957, June",1957
110,Maxwell Lord IV (New Earth),Public Identity,Neutral Characters,Black Eyes,Brown Hair,Living Characters,218,"1987, May",1987
111,Jeb Stuart (New Earth),Public Identity,Good Characters,Blue Eyes,Brown Hair,Living Characters,218,"1961, May",1961
112,Damian Wayne (Prime Earth),Secret Identity,Good Characters,Blue Eyes,Black Hair,Deceased Characters,216,"1987, September",1987
113,Big Barda (New Earth),Secret Identity,Good Characters,Blue Eyes,Black Hair,Deceased Characters,216,"1971, October",1971
114,Niles Caulder (New Earth),Public Identity,Good Characters,Blue Eyes,Grey Hair,Living Characters,214,"1963, June",1963
115,James Corrigan (New Earth),Secret Identity,Good Characters,Blue Eyes,Red Hair,Deceased Characters,214,"1940, February",1940
116,Samuel Bradley (New Earth),Public Identity,Good Characters,Grey Eyes,Grey Hair,Living Characters,213,"1937, March",1937
117,Richard Tyler (New Earth),Public Identity,Good Characters,Brown Eyes,Brown Hair,Living Characters,212,"1985, November",1985
118,James Ewell Brown Stuart (New Earth),Public Identity,Good Characters,Unknown or None,Brown Hair,Deceased Characters,212,"1961, May",1961
119,Todd Rice (New Earth),Public Identity,Good Characters,Brown Eyes,Brown Hair,Living Characters,208,"1983, September",1983
120,Yz (New Earth),Secret Identity,Good Characters,Red Eyes,Unknown or None,Living Characters,207,"1940, January",1940
121,Matrix (Pocket Universe),Public Identity,Good Characters,Blue Eyes,Blond Hair,Living Characters,206,"1988, April",1988
122,Wolfgang Winks (New Earth),Public Identity,Good Characters,Unknown or None,Black Hair,Living Characters,206,"1942, November",1942
123,William Glenmorgan (New Earth),Public Identity,Good Characters,Blue Eyes,Black Hair,Deceased Characters,199,"1940, June",1940
124,Stephanie Brown (New Earth),Secret Identity,Good Characters,Blue Eyes,Blond Hair,Living Characters,198,"1992, August",1992
125,Raymond Terrill (New Earth),Secret Identity,Good Characters,Green Eyes,Red Hair,Living Characters,192,"1992, February",1992
126,Adam Blake (New Earth),Public Identity,Good Characters,Hazel Eyes,Brown Hair,Living Characters,191,"1951, June",1951
127,Kimiyo Hoshi (New Earth),Secret Identity,Unknown or None,Black Eyes,Black Hair,Living Characters,189,"1985, July",1985
128,Jack Ryder (New Earth),Secret Identity,Good Characters,Blue Eyes,Black Hair,Living Characters,188,"1968, April",1968
129,Vandar Adg (New Earth),Public Identity,Unknown or None,Brown Eyes,Black Hair,Living Characters,188,"1943, December",1943
130,Justin Arthur (New Earth),Secret Identity,Good Characters,Blue Eyes,Blond Hair,Living Characters,184,"1941, September",1941
131,Max Mercury (New Earth),Secret Identity,Good Characters,Blue Eyes,Grey Hair,Living Characters,183,"1940, November",1940
132,Abigail Arcane (New Earth),Public Identity,Good Characters,Blue Eyes,White Hair,Living Characters,182,"1973, January",1973
133,Thomas Haukins (New Earth),Secret Identity,Good Characters,Blue Eyes,Blond Hair,Deceased Characters,181,"1947, June",1947
134,Travis Morgan (New Earth),Public Identity,Good Characters,Blue Eyes,White Hair,Deceased Characters,180,"1975, November",1975
135,Margaret Sawyer (New Earth),Public Identity,Unknown or None,Blue Eyes,Unknown or None,Living Characters,180,"1987, April",1987
136,Waylon Jones (New Earth),Public Identity,Bad Characters,Red Eyes,Unknown or None,Living Characters,180,"1983, March",1983
137,Gorilla Grodd (New Earth),Public Identity,Bad Characters,Grey Eyes,Black Hair,Living Characters,179,"1959, May",1959
138,Adam Strange (New Earth),Public Identity,Unknown or None,Blue Eyes,Blond Hair,Living Characters,177,"1958, December",1958
139,Patrick Dugan (New Earth),Secret Identity,Good Characters,Blue Eyes,Red Hair,Living Characters,177,"1941, October",1941
140,Talia al Ghul (New Earth),Secret Identity,Bad Characters,Brown Eyes,Brown Hair,Deceased Characters,177,"1971, May",1971
141,James Harper Clone (New Earth),Public Identity,Good Characters,Blue Eyes,Brown Hair,Living Characters,176,"1971, January",1971
142,Thomas Kalmaku (New Earth),Public Identity,Good Characters,Brown Eyes,Black Hair,Living Characters,176,"1960, October",1960
143,Daniel Cassidy (New Earth),Secret Identity,Good Characters,Yellow Eyes,Unknown or None,Living Characters,176,"1984, June",1984
144,Gabrielle Doe (New Earth),Secret Identity,Good Characters,Blue Eyes,Blond Hair,Living Characters,175,"1983, July",1983
145,Henry Hall (New Earth),Secret Identity,Good Characters,Red Eyes,Brown Hair,Living Characters,175,"1968, June",1968
146,Cyrus Gold (New Earth),Secret Identity,Bad Characters,Black Eyes,White Hair,Deceased Characters,174,"1944, October",1944
147,Linda Park (New Earth),Public Identity,Unknown or None,Brown Eyes,Black Hair,Living Characters,174,"1989, July",1989
148,Connor Hawke (New Earth),Secret Identity,Good Characters,Green Eyes,Blond Hair,Living Characters,174,"1994, October",1994
149,Edward Nashton (New Earth),Public Identity,Neutral Characters,Blue Eyes,Black Hair,Living Characters,173,"1988, January",1988
150,Arisia Rrab (New Earth),Public Identity,Good Characters,Yellow Eyes,Blond Hair,Living Characters,173,"1981, May",1981
151,Joan Williams (New Earth),Public Identity,Unknown or None,Blue Eyes,Grey Hair,Living Characters,171,"1940, January",1940
152,Robert Crane (New Earth),Secret Identity,Good Characters,Red Eyes,Unknown or None,Living Characters,171,"1942, April",1942
153,William Magnus (New Earth),Public Identity,Good Characters,Blue Eyes,Brown Hair,Living Characters,170,"1962, April",1962
154,Mary Batson (New Earth),Secret Identity,Good Characters,Blue Eyes,Brown Hair,Living Characters,168,"1995, April",1995
155,Jean Loring (New Earth),Public Identity,Bad Characters,Green Eyes,Black Hair,Deceased Characters,168,"1961, October",1961
156,Oberon (New Earth),Public Identity,Unknown or None,Blue Eyes,White Hair,Living Characters,167,"1971, April",1971
157,Grant Emerson (New Earth),Public Identity,Good Characters,Blue Eyes,Black Hair,Deceased Characters,166,"1994, April",1994
158,Rita Farr (New Earth),Secret Identity,Good Characters,Brown Eyes,Brown Hair,Living Characters,166,"1963, June",1963
159,Hector Hall (New Earth),Secret Identity,Good Characters,Blue Eyes,White Hair,Deceased Characters,165,"1983, September",1983
160,Jason Rusch (New Earth),Secret Identity,Good Characters,Brown Eyes,Black Hair,Living Characters,165,"2004, July",2004
161,Mercury (New Earth),Secret Identity,Good Characters,Photocellular Eyes,Unknown or None,Living Characters,165,"1962, April",1962
162,Daniel Leong (New Earth),Secret Identity,Good Characters,Black Eyes,Black Hair,Deceased Characters,164,"1942, February",1942
163,Jaime Reyes (New Earth),Secret Identity,Good Characters,Brown Eyes,Black Hair,Living Characters,164,"2006, February",2006
164,Platinum (New Earth),Secret Identity,Good Characters,Photocellular Eyes,Unknown or None,Living Characters,164,"1962, April",1962
165,Andre Chavard (New Earth),Public Identity,Good Characters,Unknown or None,Brown Hair,Living Characters,164,"1942, June",1942
166,"Roy Raymond, Sr. (New Earth)",Public Identity,Good Characters,Blue Eyes,Brown Hair,Living Characters,163,"1949, November",1949
167,Vril Dox II (New Earth),Public Identity,Good Characters,Green Eyes,Blond Hair,Living Characters,163,"1964, February",1964
168,Uncle Sam (New Earth),Secret Identity,Unknown or None,Blue Eyes,White Hair,Living Characters,162,"1940, July",1940
169,Lucas Carr (New Earth),Public Identity,Unknown or None,Blue Eyes,Brown Hair,Living Characters,161,"1960, March",1960
170,Metron (New Earth),Secret Identity,Neutral Characters,Blue Eyes,Black Hair,Deceased Characters,161,"1971, March",1971
171,Iron (New Earth),Secret Identity,Good Characters,Photocellular Eyes,Unknown or None,Living Characters,161,"1962, April",1962
172,Lead (New Earth),Secret Identity,Good Characters,Photocellular Eyes,Unknown or None,Living Characters,161,"1962, April",1962
173,Hartley Rathaway (New Earth),Secret Identity,Good Characters,Blue Eyes,Red Hair,Living Characters,160,"1959, May",1959
174,Lana Lang (New Earth),Public Identity,Good Characters,Green Eyes,Red Hair,Living Characters,159,"1986, October",1986
175,DeSaad (New Earth),Public Identity,Bad Characters,Black Eyes,Black Hair,Living Characters,158,"1971, May",1971
176,Charles Taine (Pre-Zero Hour),Secret Identity,Good Characters,Black Eyes,Black Hair,Living Characters,158,"1961, May",1961
177,Rose Wilson (New Earth),Secret Identity,Good Characters,Blue Eyes,White Hair,Living Characters,158,"1992, October",1992
178,Bane (New Earth),Secret Identity,Bad Characters,Brown Eyes,Brown Hair,Living Characters,157,"1993, January",1993
179,Tin (New Earth),Secret Identity,Good Characters,Photocellular Eyes,Unknown or None,Living Characters,155,"1962, April",1962
180,Samuel Morgan (New Earth),Unknown,Good Characters,Unknown or None,Red Hair,Deceased Characters,155,"1937, March",1937
181,Salakk (New Earth),Secret Identity,Good Characters,White Eyes,Unknown or None,Living Characters,155,"1982, February",1982
182,Eve Eden (New Earth),Secret Identity,Neutral Characters,Blue Eyes,Blond Hair,Living Characters,154,"1966, September",1966
183,Harleen Quinzel (New Earth),Public Identity,Bad Characters,Blue Eyes,Blond Hair,Living Characters,153,"1999, October",1999
184,Benjamin Turner (New Earth),Secret Identity,Neutral Characters,Brown Eyes,Black Hair,Living Characters,153,"1975, May",1975
185,Mark Mardon (New Earth),Secret Identity,Bad Characters,Blue Eyes,Black Hair,Living Characters,152,"1960, January",1960
186,Teth-Adam (New Earth),Secret Identity,Neutral Characters,Brown Eyes,Black Hair,Living Characters,152,"1945, December",1945
187,Catherine Grant (New Earth),Public Identity,Good Characters,Blue Eyes,Blond Hair,Living Characters,151,"1987, January",1987
188,Terrence Sloane (New Earth),Secret Identity,Good Characters,Blue Eyes,Brown Hair,Deceased Characters,151,"1942, January",1942
189,Jason Blood (New Earth),Public Identity,Good Characters,Blue Eyes,Red Hair,Living Characters,148,"1972, September",1972
190,Gold (New Earth),Secret Identity,Good Characters,Photocellular Eyes,Unknown or None,Living Characters,147,"1962, April",1962
191,Victor Fries (New Earth),Secret Identity,Bad Characters,Blue Eyes,Unknown or None,Living Characters,143,"1959, February",1959
192,Arthur Light (New Earth),Public Identity,Bad Characters,Black Eyes,Black Hair,Deceased Characters,142,"1962, June",1962
193,Thomas Wayne (New Earth),Public Identity,Good Characters,Brown Eyes,Brown Hair,Deceased Characters,142,"1987, February",1987
194,Lester Davis (New Earth),Public Identity,Good Characters,Unknown or None,Black Hair,Living Characters,142,"1957, February",1957
195,Alanna Strange (New Earth),Public Identity,Good Characters,Blue Eyes,Black Hair,Living Characters,141,"1958, December",1958
196,Artemis of Bana-Mighdall (New Earth),Public Identity,Good Characters,Green Eyes,Red Hair,Living Characters,141,"1994, September",1994
197,Nuidis Vulko (New Earth),Public Identity,Good Characters,Blue Eyes,White Hair,Living Characters,140,"1967, September",1967
198,Steven Dayton (New Earth),Secret Identity,Good Characters,Blue Eyes,Brown Hair,Living Characters,140,"1964, November",1964
199,Lee Travis (New Earth),Secret Identity,Good Characters,Black Eyes,Black Hair,Deceased Characters,139,"1938, October",1938
200,Solis (New Earth),Secret Identity,Unknown or None,Blue Eyes,Strawberry Blond Hair,Living Characters,138,"1971, March",1971
201,Martin Stein (New Earth),Secret Identity,Good Characters,Brown Eyes,Grey Hair,Deceased Characters,138,"1978, March",1978
202,Alfred Twidgett (New Earth),Public Identity,Unknown or None,Unknown or None,Unknown or None,Living Characters,137,"1942, June",1942
203,Tubby Watts (New Earth),Unknown,Good Characters,Unknown or None,Red Hair,Living Characters,137,"1941, September",1941
204,Unknown Soldier I (New Earth),Secret Identity,Good Characters,Blue Eyes,Blond Hair,Deceased Characters,136,"1970, July",1970
205,Giovanni Giuseppe (New Earth),Secret Identity,Neutral Characters,Blue Eyes,Blond Hair,Deceased Characters,136,"1960, July",1960
206,Victoria Vale (New Earth),Public Identity,Good Characters,Blue Eyes,Red Hair,Living Characters,134,"1948, October",1948
207,Cynthia Reynolds (New Earth),Secret Identity,Good Characters,Blue Eyes,Black Hair,Living Characters,134,"1984, October",1984
208,Lucius Fox (New Earth),Public Identity,Good Characters,Brown Eyes,Black Hair,Living Characters,133,"1979, January",1979
209,Ganthet (New Earth),Public Identity,Good Characters,Green Eyes,White Hair,Living Characters,132,1992,1992
210,Izaya (New Earth),Public Identity,Good Characters,Grey Eyes,White Hair,Deceased Characters,132,"1971, March",1971
211,Matthew Ryan (New Earth),Public Identity,Good Characters,Blue Eyes,Red Hair,Living Characters,131,"1957, February",1957
212,Mick Rory (New Earth),Public Identity,Unknown or None,Blue Eyes,Unknown or None,Living Characters,131,"1963, November",1963
213,Dinah Drake (New Earth),Secret Identity,Good Characters,Blue Eyes,Black Hair,Deceased Characters,131,"1947, August",1947
214,Rory Regan (New Earth),Secret Identity,Good Characters,Blue Eyes,Brown Hair,Living Characters,131,"1976, September",1976
215,Kyle Morgan (New Earth),Public Identity,Good Characters,Brown Eyes,Blond Hair,Living Characters,131,"1957, February",1957
216,Barbara Ann Minerva (New Earth),Public Identity,Unknown or None,Brown Eyes,Unknown or None,Living Characters,131,"1987, August",1987
217,Eclipso (New Earth),Secret Identity,Bad Characters,Red Eyes,Black Hair,Living Characters,131,"1963, July",1963
218,Victory (New Earth),Unknown,Good Characters,Black Eyes,White Hair,Living Characters,130,"1941, September",1941
219,Sargent Steel (New Earth),Public Identity,Good Characters,Blue Eyes,Brown Hair,Living Characters,130,"1964, December",1964
220,Robert Langstrom (New Earth),Secret Identity,Neutral Characters,Brown Eyes,Brown Hair,Living Characters,130,"1970, June",1970
221,Walter Haley (New Earth),Public Identity,Good Characters,Brown Eyes,Brown Hair,Living Characters,129,"1957, February",1957
222,Katma Tui (New Earth),Public Identity,Good Characters,Unknown or None,Black Hair,Deceased Characters,129,"1964, July",1964
223,Charles Victor Szasz (New Earth),Secret Identity,Good Characters,Blue Eyes,Strawberry Blond Hair,Deceased Characters,128,"1967, June",1967
224,Ares (New Earth),Public Identity,Bad Characters,Red Eyes,Blond Hair,Living Characters,127,"1987, February",1987
225,Rip Carter (New Earth),Public Identity,Good Characters,Unknown or None,Black Hair,Living Characters,127,"1942, June",1942
226,Richard Swift (New Earth),Secret Identity,Neutral Characters,Grey Eyes,Black Hair,Living Characters,126,"1942, September",1942
227,Emil Hamilton (New Earth),Public Identity,Bad Characters,Hazel Eyes,Grey Hair,Living Characters,126,"1987, January",1987
228,Eradicator (New Earth),Public Identity,Good Characters,Photocellular Eyes,Black Hair,Deceased Characters,126,"1989, May",1989
229,Frederick Freeman (New Earth),Secret Identity,Good Characters,Blue Eyes,Black Hair,Living Characters,125,"1995, May",1995
230,Katar Hol (New Earth),Secret Identity,Good Characters,Blue Eyes,Black Hair,Living Characters,125,"1989, August",1989
231,Richard Occult (New Earth),Secret Identity,Unknown or None,Grey Eyes,Black Hair,Living Characters,125,"1935, October",1935
232,Dawn Granger (New Earth),Secret Identity,Good Characters,Blue Eyes,White Hair,Living Characters,124,"1988, October",1988
233,Maxima (New Earth),Public Identity,Good Characters,Brown Eyes,Red Hair,Deceased Characters,124,"1989, September",1989
234,Inza Cramer (New Earth),Secret Identity,Good Characters,Green Eyes,Strawberry Blond Hair,Deceased Characters,124,"1940, May",1940
235,Gunner MacKay (New Earth),Public Identity,Good Characters,Blue Eyes,Blond Hair,Deceased Characters,123,"1959, May",1959
236,Linda Danvers (New Earth),Secret Identity,Good Characters,Blue Eyes,Blond Hair,Living Characters,123,"1996, September",1996
237,Dubbilex (New Earth),Public Identity,Good Characters,Green Eyes,Unknown or None,Living Characters,123,"1971, March",1971
238,Jack Knight (New Earth),Public Identity,Good Characters,Black Eyes,Black Hair,Living Characters,122,"1994, September",1994
239,Antonia Monetti (New Earth),Secret Identity,Good Characters,Blue Eyes,Black Hair,Living Characters,122,"1996, October",1996
240,Skeets (New Earth),Public Identity,Good Characters,Unknown or None,Unknown or None,Living Characters,122,"1986, February",1986
241,Sarge Clay (New Earth),Public Identity,Good Characters,Blue Eyes,Strawberry Blond Hair,Deceased Characters,121,"1959, May",1959
242,Nimue Inwudu (New Earth),Public Identity,Good Characters,Green Eyes,Black Hair,Living Characters,121,"1978, February",1978
243,Khaji Da (New Earth),Secret Identity,Good Characters,Unknown or None,Unknown or None,Living Characters,121,"1964, June",1964
244,Elizabeth Lawrence (New Earth),Secret Identity,Unknown or None,Blue Eyes,Blond Hair,Living Characters,120,"1942, December",1942
245,Pallas Athena (New Earth),Public Identity,Neutral Characters,Grey Eyes,Brown Hair,Living Characters,118,"1958, May",1958
246,Terrence Long (New Earth),Public Identity,Good Characters,Blue Eyes,Red Hair,Deceased Characters,116,"1981, June",1981
247,Evan McCulloch (New Earth),Secret Identity,Bad Characters,Brown Eyes,Brown Hair,Living Characters,116,"1989, February",1989
248,Crispus Allen (New Earth),Secret Identity,Good Characters,Brown Eyes,Unknown or None,Deceased Characters,116,"2000, March",2000
249,Granny Goodness (New Earth),Public Identity,Bad Characters,Blue Eyes,White Hair,Deceased Characters,115,"1971, June",1971
250,Zeus (New Earth),Public Identity,Neutral Characters,Blue Eyes,White Hair,Living Characters,115,"1941, December",1941
251,Dolphin (New Earth),Unknown,Good Characters,Blue Eyes,Silver Hair,Deceased Characters,115,"1968, December",1968
252,Strata (New Earth),Public Identity,Good Characters,White Eyes,Unknown or None,Living Characters,115,"1989, February",1989
253,Holly Robinson (New Earth),Secret Identity,Good Characters,Blue Eyes,Red Hair,Living Characters,114,"1987, February",1987
254,Martha Kane (New Earth),Public Identity,Good Characters,Blue Eyes,Black Hair,Deceased Characters,113,"1987, February",1987
255,John Sargent (New Earth),Secret Identity,Good Characters,Brown Eyes,Brown Hair,Deceased Characters,113,"1941, May",1941
256,Dian Belmont (New Earth),Public Identity,Good Characters,Hazel Eyes,Brown Hair,Deceased Characters,113,"1940, February",1940
257,Jason Woodrue (New Earth),Public Identity,Bad Characters,Red Eyes,Green Hair,Living Characters,113,"1962, July",1962
258,Leslie Thompkins (New Earth),Public Identity,Good Characters,Blue Eyes,White Hair,Living Characters,111,"1976, March",1976
259,Edward Bloomberg (New Earth),Secret Identity,Good Characters,Yellow Eyes,Grey Hair,Deceased Characters,111,"1984, June",1984
260,Tara Markov (Team Titans),Secret Identity,Good Characters,Blue Eyes,Blond Hair,Deceased Characters,110,1991,1991
261,Dmitri Pushkin (New Earth),Secret Identity,Good Characters,Brown Eyes,Brown Hair,Deceased Characters,110,"1987, February",1987
262,June Moone (New Earth),Secret Identity,Good Characters,Green Eyes,Black Hair,Living Characters,110,"1966, April",1966
263,Ohiyesa I (New Earth),Public Identity,Good Characters,Black Eyes,Black Hair,Living Characters,109,"1949, September",1949
264,Mia Dearden (New Earth),Secret Identity,Good Characters,Blue Eyes,Blond Hair,Living Characters,109,"2001, May",2001
265,Krypto (New Earth),Secret Identity,Good Characters,Blue Eyes,White Hair,Living Characters,109,"1955, March",1955
266,Donald Richards (New Earth),Secret Identity,Good Characters,Brown Eyes,Brown Hair,Deceased Characters,109,"1942, March",1942
267,Thomas Blake (New Earth),Secret Identity,Neutral Characters,Blue Eyes,Blond Hair,Living Characters,108,"1963, January",1963
268,Leonid Kovar (New Earth),Secret Identity,Good Characters,Green Eyes,Blond Hair,Living Characters,108,"1968, December",1968
269,Zauriel (New Earth),Public Identity,Good Characters,Red Eyes,White Hair,Living Characters,108,"1997, June",1997
270,Emily Briggs (New Earth),Public Identity,Good Characters,Blue Eyes,Red Hair,Living Characters,107,"1985, September",1985
271,Lilith Clay (New Earth),Secret Identity,Good Characters,Green Eyes,Strawberry Blond Hair,Deceased Characters,107,"1970, February",1970
272,Hans von Hammer (New Earth),Public Identity,Good Characters,Blue Eyes,Red Hair,Living Characters,106,"1965, February",1965
273,Thomas Tresser (New Earth),Secret Identity,Good Characters,Blue Eyes,Blond Hair,Living Characters,106,"1980, September",1980
274,William Polk (New Earth),Secret Identity,Good Characters,Blue Eyes,Brown Hair,Living Characters,106,"1948, February",1948
275,Jervis Tetch (New Earth),Secret Identity,Bad Characters,Blue Eyes,Red Hair,Living Characters,105,"1948, October",1948
276,Lyla Michaels (New Earth),Public Identity,Good Characters,Green Eyes,Blond Hair,Deceased Characters,105,"1982, July",1982
277,Bruce Gordon (New Earth),Public Identity,Good Characters,Unknown or None,Brown Hair,Living Characters,105,"1963, July",1963
278,Sugar Plumm (New Earth),Unknown,Good Characters,Unknown or None,Blond Hair,Living Characters,105,"1956, May",1956
279,Aphrodite (New Earth),Public Identity,Neutral Characters,Blue Eyes,Blond Hair,Living Characters,104,"1941, December",1941
280,Enya Wazzo (New Earth),Secret Identity,Good Characters,Blue Eyes,Black Hair,Living Characters,104,"1989, November",1989
281,Zinda Blake (New Earth),Secret Identity,Good Characters,Blue Eyes,Blond Hair,Living Characters,104,"1959, February",1959
282,Werner Vertigo (New Earth),Secret Identity,Neutral Characters,Blue Eyes,Blond Hair,Living Characters,104,"1978, July",1978
283,Sapphire Stagg (New Earth),Unknown,Neutral Characters,Blue Eyes,Blond Hair,Living Characters,104,"1965, January",1965
284,Cecil Wilson (New Earth),Unknown,Good Characters,Unknown or None,Red Hair,Living Characters,104,"1956, May",1956
285,Sarah Essen (New Earth),Public Identity,Good Characters,Blue Eyes,Blond Hair,Deceased Characters,103,"1987, March",1987
286,Rip Hunter (New Earth),Secret Identity,Unknown or None,Blue Eyes,Blond Hair,Living Characters,103,"1959, June",1959
287,Wing How (New Earth),Secret Identity,Good Characters,Brown Eyes,Black Hair,Living Characters,103,"1938, October",1938
288,Jade Nguyen (New Earth),Secret Identity,Bad Characters,Green Eyes,Black Hair,Living Characters,103,"1983, August",1983
289,Jack Drake (New Earth),Unknown,Good Characters,Black Eyes,Brown Hair,Deceased Characters,102,"1989, August",1989
290,Vril Dox I (New Earth),Secret Identity,Bad Characters,Green Eyes,Unknown or None,Living Characters,102,"1988, March",1988
291,Adolf Hitler (New Earth),Public Identity,Bad Characters,Brown Eyes,Brown Hair,Deceased Characters,101,"1942, March",1942
292,Grace Choi (New Earth),Secret Identity,Good Characters,Brown Eyes,Red Hair,Living Characters,100,"2003, August",2003
293,Lawrence Jordan (New Earth),Secret Identity,Unknown or None,Brown Eyes,Brown Hair,Deceased Characters,100,"1942, February",1942
294,Natasha Irons (New Earth),Public Identity,Good Characters,Brown Eyes,Black Hair,Living Characters,99,"1994, February",1994
295,Katherine Spencer (New Earth),Secret Identity,Good Characters,Blue Eyes,Black Hair,Living Characters,98,"2004, October",2004
296,Lorraine Reilly (New Earth),Secret Identity,Good Characters,Blue Eyes,Red Hair,Living Characters,98,"1982, June",1982
297,Noah Kuttler (New Earth),Public Identity,Bad Characters,Green Eyes,Brown Hair,Living Characters,98,"1976, September",1976
298,Stealth (New Earth),Secret Identity,Good Characters,Pink Eyes,White Hair,Deceased Characters,98,"1989, February",1989
299,Jan Haasan (New Earth),Public Identity,Good Characters,Unknown or None,Blond Hair,Living Characters,98,"1942, June",1942
300,Despero (New Earth),Public Identity,Bad Characters,Yellow Eyes,Unknown or None,Living Characters,98,"1960, November",1960
301,Jeffrey Franklin Burr (New Earth),Secret Identity,Bad Characters,Black Eyes,Unknown or None,Deceased Characters,97,"1976, March",1976
302,Hippolyta Trevor (New Earth),Secret Identity,Good Characters,Blue Eyes,Blond Hair,Deceased Characters,97,"1983, February",1983
303,Tef\u00e9 Holland (New Earth),Unknown,Bad Characters,Blue Eyes,White Hair,Living Characters,97,"1989, December",1989
304,Bizarro (New Earth),Public Identity,Neutral Characters,Black Eyes,Black Hair,Living Characters,96,"2000, September",2000
305,Henry Henshaw (New Earth),Secret Identity,Bad Characters,Blue Eyes,Black Hair,Living Characters,96,"1990, May",1990
306,Charles Dickles (New Earth),Public Identity,Good Characters,Unknown or None,Unknown or None,Living Characters,96,"1941, June",1941
307,Dream (New Earth),Secret Identity,Neutral Characters,Black Eyes,Black Hair,Deceased Characters,95,"1989, January",1989
308,Black Manta (New Earth),Secret Identity,Bad Characters,Brown Eyes,Black Hair,Living Characters,95,"1967, October",1967
309,Felix Faust (New Earth),Secret Identity,Bad Characters,Brown Eyes,Black Hair,Living Characters,95,"1962, March",1962
310,Maxine Hunkel (New Earth),Secret Identity,Good Characters,Green Eyes,Red Hair,Living Characters,95,"2007, February",2007
311,Wade Eiling (New Earth),Public Identity,Bad Characters,Red Eyes,Brown Hair,Living Characters,95,"1987, March",1987
312,James Harper (New Earth),Public Identity,Good Characters,Blue Eyes,Brown Hair,Deceased Characters,94,"1942, April",1942
313,Virgil Hawkins (Dakotaverse),Secret Identity,Good Characters,Brown Eyes,Black Hair,Living Characters,94,"1993, June",1993
314,Soranik Natu (New Earth),Public Identity,Good Characters,Purple Eyes,Black Hair,Living Characters,93,"2005, November",2005
315,Roman Sionis (New Earth),Public Identity,Bad Characters,Black Eyes,Unknown or None,Deceased Characters,92,"1985, August",1985
316,Merlin (New Earth),Secret Identity,Neutral Characters,Black Eyes,White Hair,Living Characters,92,"1936, February",1936
317,"Henry King, Jr. (New Earth)",Public Identity,Good Characters,Blue Eyes,Strawberry Blond Hair,Living Characters,92,"1983, August",1983
318,Abin Sur (New Earth),Public Identity,Good Characters,Blue Eyes,Unknown or None,Deceased Characters,92,"1959, October",1959
319,Citizen Abra (New Earth),Secret Identity,Bad Characters,Blue Eyes,Black Hair,Living Characters,92,"1962, May",1962
320,Orm Marius (New Earth),Secret Identity,Bad Characters,Brown Eyes,Brown Hair,Living Characters,92,"1966, October",1966
321,Anissa Pierce (New Earth),Secret Identity,Good Characters,Brown Eyes,Black Hair,Living Characters,92,"2003, August",2003
322,Jonathan Tane (New Earth),Secret Identity,Good Characters,Blue Eyes,Blond Hair,Deceased Characters,91,"1948, August",1948
323,Danette Reilly (New Earth),Secret Identity,Good Characters,Blue Eyes,Red Hair,Living Characters,91,"1981, August",1981
324,William Payton (New Earth),Secret Identity,Good Characters,Brown Eyes,Brown Hair,Deceased Characters,91,"1988, October",1988
325,Hermes (New Earth),Public Identity,Neutral Characters,Blue Eyes,Blond Hair,Living Characters,90,"1959, April",1959
326,Ronald Troupe (New Earth),Public Identity,Good Characters,Brown Eyes,Black Hair,Living Characters,90,"1991, July",1991
327,William Storm (New Earth),Public Identity,Good Characters,Brown Eyes,Brown Hair,Deceased Characters,90,"1964, June",1964
328,Timothy Hunter (New Earth),Public Identity,Good Characters,Black Eyes,Black Hair,Living Characters,89,"1990, December",1990
329,William Zard (New Earth),Public Identity,Bad Characters,Blue Eyes,Black Hair,Living Characters,89,"1947, April",1947
330,Eobard Thawne (New Earth),Secret Identity,Bad Characters,Blue Eyes,Strawberry Blond Hair,Deceased Characters,89,"1963, September",1963
331,Sandra Wu-San (New Earth),Secret Identity,Neutral Characters,Brown Eyes,Black Hair,Living Characters,89,"1976, January",1976
332,Taghurrhu (New Earth),Public Identity,Good Characters,Green Eyes,Orange Hair,Living Characters,89,"1981, June",1981
333,Bobo T. Chimpanzee (New Earth),Unknown,Unknown or None,Black Eyes,Black Hair,Living Characters,88,"1952, August",1952
334,Arnold Wesker (New Earth),Public Identity,Bad Characters,Blue Eyes,White Hair,Deceased Characters,88,"1988, February",1988
335,David Clinton (New Earth),Secret Identity,Unknown or None,Blue Eyes,Black Hair,Living Characters,88,"1962, November",1962
336,Philippus (New Earth),Public Identity,Good Characters,Brown Eyes,Black Hair,Living Characters,88,"1987, February",1987
337,Miriam Delgado (Team Titans),Secret Identity,Good Characters,Black Eyes,Black Hair,Living Characters,87,1991,1991
338,Peter Ross (New Earth),Public Identity,Good Characters,Blue Eyes,Blond Hair,Living Characters,87,"1961, January",1961
339,Mikaal Tomas (New Earth),Secret Identity,Good Characters,Blue Eyes,Purple Hair,Living Characters,87,"1976, March",1976
340,Mister Bones (New Earth),Secret Identity,Neutral Characters,Unknown or None,Unknown or None,Living Characters,87,"1985, July",1985
341,Sardath (New Earth),Public Identity,Good Characters,Blue Eyes,Unknown or None,Living Characters,86,"1958, December",1958
342,Suzanne King-Jones (New Earth),Secret Identity,Good Characters,Blue Eyes,Blond Hair,Living Characters,86,"1997, August",1997
343,Harold Thompson (New Earth),Secret Identity,Unknown or None,Blue Eyes,Blond Hair,Living Characters,86,"1938, June",1938
344,Herakles (New Earth),Public Identity,Unknown or None,Brown Eyes,Brown Hair,Living Characters,86,"1941, December",1941
345,Rosabelle Mendez (New Earth),Secret Identity,Good Characters,Red Eyes,Unknown or None,Deceased Characters,86,"1991, February",1991
346,Matthew Tyler (New Earth),Public Identity,Good Characters,White Eyes,Unknown or None,Deceased Characters,86,"1997, November",1997
347,Congorilla (New Earth),Public Identity,Good Characters,Blue Eyes,Gold Hair,Living Characters,85,"1959, January",1959
348,Shayera Thal (New Earth),Secret Identity,Good Characters,Blue Eyes,Red Hair,Deceased Characters,85,"1989, August",1989
349,Mallah (New Earth),Secret Identity,Bad Characters,Brown Eyes,Brown Hair,Deceased Characters,85,"1964, March",1964
350,Julia Deneiros (New Earth),Public Identity,Good Characters,Blue Eyes,Grey Hair,Living Characters,84,"1987, April",1987
351,Thomas Elliot (New Earth),Secret Identity,Bad Characters,Blue Eyes,Red Hair,Living Characters,84,"2003, January",2003
352,Greta Hayes (New Earth),Secret Identity,Good Characters,Blue Eyes,Blond Hair,Living Characters,84,"1998, June",1998
353,Jonathan Law (New Earth),Secret Identity,Unknown or None,Blue Eyes,Blond Hair,Deceased Characters,84,"1941, October",1941
354,Etta Candy (New Earth),Public Identity,Good Characters,Green Eyes,Brown Hair,Living Characters,84,"1942, February",1942
355,Parallax (New Earth),Secret Identity,Bad Characters,Unknown or None,Unknown or None,Living Characters,84,"1994, March",1994
356,Simon Stagg (New Earth),Public Identity,Bad Characters,Blue Eyes,White Hair,Living Characters,83,"1965, January",1965
357,"Rex, the Wonder Dog (New Earth)",Public Identity,Good Characters,Blue Eyes,White Hair,Living Characters,83,"1952, February",1952
358,Thomas Bronson (New Earth),Secret Identity,Good Characters,Blue Eyes,Black Hair,Living Characters,83,"2007, February",2007
359,Karen Beecher (New Earth),Secret Identity,Good Characters,Brown Eyes,Black Hair,Living Characters,83,"1976, December",1976
360,Ellen Frazier (New Earth),Public Identity,Good Characters,Green Eyes,Red Hair,Living Characters,83,"1965, September",1965
361,Norda Cantrell (New Earth),Secret Identity,Unknown or None,White Eyes,Brown Hair,Living Characters,83,"1983, September",1983
362,Thomas Monaghan (New Earth),Public Identity,Good Characters,Black Eyes,Black Hair,Deceased Characters,82,1993,1993
363,Hannibal Hawkes (New Earth),Secret Identity,Good Characters,Black Eyes,Black Hair,Living Characters,82,"1948, October",1948
364,Terrence Thirteen (New Earth),Public Identity,Good Characters,Brown Eyes,Brown Hair,Living Characters,82,"1951, November",1951
365,Kalibak (New Earth),Public Identity,Bad Characters,Red Eyes,Black Hair,Deceased Characters,82,"1971, March",1971
366,Drury Walker (New Earth),Secret Identity,Bad Characters,Red Eyes,Brown Hair,Deceased Characters,82,"1951, February",1951
367,Tomar-Tu (New Earth),Secret Identity,Good Characters,White Eyes,Unknown or None,Living Characters,82,"1990, October",1990
368,Isamot Kol (New Earth),Secret Identity,Good Characters,Yellow Eyes,Unknown or None,Living Characters,82,"2005, November",2005
369,Baran Flinders (New Earth),Public Identity,Bad Characters,Blue Eyes,Red Hair,Living Characters,81,"1981, January",1981
370,Mark Shaw (New Earth),Public Identity,Good Characters,Blue Eyes,Brown Hair,Living Characters,81,"1975, August",1975
371,Neal Emerson (New Earth),Secret Identity,Bad Characters,Blue Eyes,Black Hair,Deceased Characters,81,"1963, June",1963
372,Circe (New Earth),Public Identity,Bad Characters,Red Eyes,Purple Hair,Living Characters,81,"1988, August",1988
373,Vanessa Kapatelis (New Earth),Unknown,Good Characters,Blue Eyes,Brown Hair,Living Characters,80,"1987, April",1987
374,Samuel Scudder (New Earth),Secret Identity,Bad Characters,Brown Eyes,Brown Hair,Deceased Characters,80,"1959, March",1959
375,Malcolm Duncan (New Earth),Secret Identity,Good Characters,Brown Eyes,Black Hair,Living Characters,80,"1970, April",1970
376,Lian Harper (New Earth),Public Identity,Good Characters,Green Eyes,Black Hair,Deceased Characters,80,"1986, June",1986
377,Cameron Chase (New Earth),Secret Identity,Good Characters,Green Eyes,Blond Hair,Living Characters,80,"1998, January",1998
378,John Corben (New Earth),Secret Identity,Bad Characters,Photocellular Eyes,Brown Hair,Living Characters,80,"1987, January",1987
379,Abigail Hunkel (New Earth),Secret Identity,Good Characters,Black Eyes,Brown Hair,Living Characters,79,"1939, June",1939
380,Sasha Bordeaux (New Earth),Secret Identity,Good Characters,Blue Eyes,Black Hair,Living Characters,79,"2000, December",2000
381,Valentina Vostok (New Earth),Secret Identity,Good Characters,Blue Eyes,Blond Hair,Deceased Characters,79,"1977, September",1977
382,Paul Booker (New Earth),Secret Identity,Good Characters,Brown Eyes,Black Hair,Deceased Characters,79,"1966, March",1966
383,Jakeem Williams (New Earth),Secret Identity,Unknown or None,Brown Eyes,Unknown or None,Living Characters,79,,
384,Cyril Saunders (New Earth),Public Identity,Good Characters,Hazel Eyes,White Hair,Living Characters,79,"1937, March",1937
385,L-Ron (New Earth),Public Identity,Good Characters,Photocellular Eyes,Unknown or None,Living Characters,79,"1988, June",1988
386,Rudolph Jones (New Earth),Secret Identity,Bad Characters,Unknown or None,Unknown or None,Living Characters,79,"1987, April",1987
387,Hector Hammond (New Earth),Public Identity,Bad Characters,Blue Eyes,Brown Hair,Living Characters,78,"1961, April",1961
388,Christopher Smith (New Earth),Public Identity,Good Characters,Blue Eyes,Black Hair,Living Characters,78,"1966, November",1966
389,Roger Hayden (New Earth),Secret Identity,Bad Characters,Blue Eyes,Red Hair,Deceased Characters,78,"1965, June",1965
390,Owen Mercer (New Earth),Secret Identity,Reformed Criminals,Blue Eyes,Red Hair,Deceased Characters,78,"2004, October",2004
391,"Thaddeus Sivana, Sr. (New Earth)",Public Identity,Bad Characters,Black Eyes,Unknown or None,Living Characters,77,"1987, April",1987
392,Samuel Lane (New Earth),Public Identity,Bad Characters,Blue Eyes,Grey Hair,Deceased Characters,77,"1987, January",1987
393,Lashina (New Earth),Secret Identity,Bad Characters,Blue Eyes,Black Hair,Living Characters,77,"1972, February",1972
394,Lorena Marquez (New Earth),Secret Identity,Good Characters,Brown Eyes,Brown Hair,Living Characters,77,"2004, May",2004
395,Joshua Clay (New Earth),Secret Identity,Unknown or None,Brown Eyes,Black Hair,Deceased Characters,77,"1977, September",1977
396,Boodikka (New Earth),Public Identity,Good Characters,Green Eyes,Black Hair,Deceased Characters,77,"1992, January",1992
397,Brain (New Earth),Secret Identity,Bad Characters,Unknown or None,Unknown or None,Living Characters,77,"1964, March",1964
398,Java (New Earth),Public Identity,Bad Characters,Black Eyes,Black Hair,Living Characters,76,"1965, January",1965
399,Adrian Chase (New Earth),Public Identity,Unknown or None,Blue Eyes,Blond Hair,Deceased Characters,76,"1982, September",1982
400,Curtis Metcalf (Dakotaverse),Secret Identity,Good Characters,Brown Eyes,Black Hair,Living Characters,76,"1993, April",1993
401,Captain Harding (New Earth),Public Identity,Good Characters,Unknown or None,Brown Hair,Living Characters,76,"1956, February",1956
402,Horace Canfield (New Earth),Public Identity,Good Characters,Unknown or None,Unknown or None,Living Characters,76,"1961, April",1961
403,Brik (New Earth),Secret Identity,Good Characters,White Eyes,Unknown or None,Living Characters,76,"1991, May",1991
404,"Richard Flag, Jr. (New Earth)",Secret Identity,Good Characters,Blue Eyes,Brown Hair,Living Characters,75,"1959, September",1959
405,Sarah Charles (New Earth),Public Identity,Good Characters,Brown Eyes,Black Hair,Living Characters,75,"1985, September",1985
406,Helena Sandsmark (New Earth),Public Identity,Good Characters,Brown Eyes,Brown Hair,Living Characters,75,"1996, January",1996
407,Tomar-Re (New Earth),Secret Identity,Good Characters,Red Eyes,Unknown or None,Deceased Characters,75,"1961, June",1961
408,Starro (New Earth),Unknown,Bad Characters,Black Eyes,Unknown or None,Living Characters,74,"1960, March",1960
409,Winslow Schott (New Earth),Public Identity,Bad Characters,Blue Eyes,Unknown or None,Living Characters,74,"1943, September",1943
410,Nathaniel Heywood (New Earth),Secret Identity,Good Characters,Green Eyes,Red Hair,Living Characters,74,"2007, March",2007
411,Ultra-Humanite (New Earth),Secret Identity,Unknown or None,Red Eyes,White Hair,Living Characters,74,"1939, June",1939
412,Matthew Cable (New Earth),Secret Identity,Unknown or None,Unknown or None,Black Hair,Living Characters,74,"1972, November",1972
413,Topo (New Earth),Unknown,Good Characters,Unknown or None,Unknown or None,Living Characters,74,"1956, October",1956
414,Hugh Dawkins (New Earth),Secret Identity,Good Characters,White Eyes,Blond Hair,Living Characters,74,"1986, November",1986
415,Victor Zsasz (New Earth),Public Identity,Bad Characters,Blue Eyes,Blond Hair,Living Characters,73,"1992, June",1992
416,Kay Challis (New Earth),Public Identity,Good Characters,Blue Eyes,Black Hair,Living Characters,73,"1989, February",1989
417,Roland Desmond (New Earth),Public Identity,Bad Characters,Brown Eyes,Brown Hair,Deceased Characters,73,"1965, November",1965
418,Dane Dorrance (New Earth),Public Identity,Good Characters,Brown Eyes,Brown Hair,Living Characters,73,"1960, August",1960
419,Flying Cloud (New Earth),Public Identity,Good Characters,Brown Eyes,Brown Hair,Deceased Characters,73,"1960, December",1960
420,Carl Sands (New Earth),Secret Identity,Bad Characters,Brown Eyes,Black Hair,Living Characters,73,"1961, July",1961
421,Neron (New Earth),Secret Identity,Bad Characters,White Eyes,Blond Hair,Living Characters,73,"1995, November",1995
422,Cain (New Earth),Public Identity,Bad Characters,Black Eyes,Brown Hair,Living Characters,72,"1968, August",1968
423,Steven Trevor (New Earth),Public Identity,Good Characters,Blue Eyes,Blond Hair,Living Characters,72,"1941, December",1941
424,Garryn Bek (New Earth),Public Identity,Good Characters,Blue Eyes,Brown Hair,Living Characters,72,"1989, January",1989
425,Jose Delgado (New Earth),Secret Identity,Good Characters,Brown Eyes,Black Hair,Living Characters,72,"1987, May",1987
426,"Peter Merkel, Jr. (New Earth)",Secret Identity,Bad Characters,Grey Eyes,Red Hair,Living Characters,72,"2005, July",2005
427,Mogo (New Earth),Public Identity,Good Characters,Unknown or None,Unknown or None,Living Characters,72,"1985, May",1985
428,Louise Lincoln (New Earth),Public Identity,Bad Characters,Blue Eyes,Blue Hair,Living Characters,71,"1984, March",1984
429,Thomas Oscar Morrow (New Earth),Public Identity,Bad Characters,Blue Eyes,Brown Hair,Living Characters,71,"1964, March",1964
430,Brian Savage (New Earth),Public Identity,Good Characters,Blue Eyes,Black Hair,Deceased Characters,71,"1977, April",1977
431,Edgar Cizko (New Earth),Secret Identity,Bad Characters,Blue Eyes,Black Hair,Living Characters,71,"1991, May",1991
432,Amazo (New Earth),Public Identity,Bad Characters,Red Eyes,Unknown or None,Living Characters,71,"1960, July",1960
433,Kingsley Faraday (New Earth),Public Identity,Good Characters,Blue Eyes,White Hair,Living Characters,70,"1950, August",1950
434,Nabu (New Earth),Public Identity,Good Characters,Blue Eyes,White Hair,Deceased Characters,69,"1941, May",1941
435,Clifford Zmeck (New Earth),Secret Identity,Bad Characters,Blue Eyes,Brown Hair,Living Characters,69,"1988, February",1988
436,Hop Harrigan (New Earth),Public Identity,Good Characters,Blue Eyes,Blond Hair,Living Characters,68,"1939, April",1939
437,Bleez (New Earth),Public Identity,Neutral Characters,Blue Eyes,Black Hair,Living Characters,68,"2008, December",2008
438,Tara Markov (New Earth),Secret Identity,Bad Characters,Blue Eyes,Blond Hair,Deceased Characters,68,"1982, December",1982
439,Isaac Bowin (New Earth),Secret Identity,Unknown or None,Blue Eyes,Unknown or None,Deceased Characters,68,"1948, January",1948
440,Catherine Cobert (New Earth),Unknown,Good Characters,Blue Eyes,Black Hair,Living Characters,68,"1987, December",1987
441,Harry Stein (New Earth),Public Identity,Good Characters,Brown Eyes,Brown Hair,Living Characters,68,"1985, November",1985
442,Adeline Kane (New Earth),Secret Identity,Neutral Characters,Green Eyes,Brown Hair,Deceased Characters,68,"1983, August",1983
443,Green Man (New Earth),Public Identity,Unknown or None,Red Eyes,Unknown or None,Deceased Characters,68,"1983, May",1983
444,Shakira (New Earth),Public Identity,Good Characters,Unknown or None,Black Hair,Living Characters,68,"1980, April",1980
445,Tara Morgan (New Earth),Public Identity,Good Characters,Unknown or None,Brown Hair,Living Characters,68,"1975, November",1975
446,Hannu (New Earth),Public Identity,Good Characters,White Eyes,Unknown or None,Living Characters,68,"1994, February",1994
447,Vath Sarn (New Earth),Public Identity,Good Characters,Black Eyes,Black Hair,Living Characters,67,"2005, November",2005
448,Mercy Graves (New Earth),Public Identity,Bad Characters,Blue Eyes,Blond Hair,Living Characters,67,"1999, August",1999
449,Arnold Munro (New Earth),Public Identity,Good Characters,Blue Eyes,Black Hair,Living Characters,67,"1987, June",1987
450,Lydea Mallor (New Earth),Public Identity,Good Characters,Blue Eyes,Black Hair,Living Characters,67,"1982, August",1982
451,Lawrence Bolatinsky (New Earth),Secret Identity,Bad Characters,Blue Eyes,Black Hair,Deceased Characters,67,"1984, November",1984
452,Jebediah of Canaan (New Earth),Secret Identity,Good Characters,Blue Eyes,White Hair,Living Characters,67,"1987, April",1987
453,Bibbo Bibbowski (New Earth),Public Identity,Good Characters,Grey Eyes,Grey Hair,Living Characters,67,"1987, May",1987
454,Sonia Sato (New Earth),Secret Identity,Good Characters,Unknown or None,Black Hair,Living Characters,67,"2007, January",2007
455,Frances Kane (New Earth),Public Identity,Unknown or None,Blue Eyes,Purple Hair,Living Characters,66,"1982, March",1982
456,Daniel Dunbar (New Earth),Secret Identity,Good Characters,Blue Eyes,Red Hair,Living Characters,66,"1942, March",1942
457,Tana Moon (New Earth),Public Identity,Good Characters,Brown Eyes,Black Hair,Deceased Characters,66,"1993, June",1993
458,Jason Bard (New Earth),Public Identity,Good Characters,Brown Eyes,Brown Hair,Living Characters,66,"1969, October",1969
459,Krona (New Earth),Public Identity,Bad Characters,Green Eyes,White Hair,Deceased Characters,66,"1965, October",1965
460,Maxine Baker (New Earth),Public Identity,Good Characters,Green Eyes,Red Hair,Living Characters,66,"1988, September",1988
461,Garv (New Earth),Public Identity,Good Characters,Blue Eyes,Unknown or None,Living Characters,65,"1990, May",1990
462,Mackenzie Bock (New Earth),Public Identity,Good Characters,Brown Eyes,Unknown or None,Living Characters,65,"1995, January",1995
463,Scandal Savage (New Earth),Secret Identity,Bad Characters,Brown Eyes,Brown Hair,Living Characters,65,"2005, July",2005
464,Karen Lou Faulkner (New Earth),Secret Identity,Neutral Characters,Brown Eyes,Brown Hair,Living Characters,65,"1987, July",1987
465,Albert Desmond (New Earth),Unknown,Unknown or None,Green Eyes,Red Hair,Living Characters,65,"1958, April",1958
466,Jeremiah Arkham (New Earth),Public Identity,Bad Characters,Unknown or None,Unknown or None,Living Characters,65,"1992, June",1992
467,Amon Hakk (New Earth),Public Identity,Good Characters,Unknown or None,Black Hair,Living Characters,65,"1991, August",1991
468,Mister Mxyzptlk (New Earth),Secret Identity,Neutral Characters,Black Eyes,White Hair,Living Characters,64,"1987, November",1987
469,Janos Prohaska (New Earth),Public Identity,Good Characters,Blue Eyes,Black Hair,Living Characters,64,"1988, March",1988
470,Jor-El (New Earth),Public Identity,Good Characters,Blue Eyes,Black Hair,Deceased Characters,64,"1986, October",1986
471,Edward Fyers (New Earth),Public Identity,Good Characters,Blue Eyes,Brown Hair,Living Characters,64,"1987, October",1987
472,William Hand (New Earth),Secret Identity,Bad Characters,Brown Eyes,Black Hair,Living Characters,64,"1964, June",1964
473,Kent V. Nelson (New Earth),Secret Identity,Good Characters,Brown Eyes,Blond Hair,Living Characters,64,"2007, November",2007
474,Yolanda Montez (New Earth),Secret Identity,Good Characters,Brown Eyes,Reddish Brown Hair,Deceased Characters,64,"1985, March",1985
475,Molly Mayne (New Earth),Secret Identity,Good Characters,Green Eyes,Red Hair,Living Characters,64,"1947, September",1947
476,Scribbly Jibbet (New Earth),Public Identity,Good Characters,Unknown or None,Black Hair,Living Characters,64,"1939, April",1939
477,William Randolph Wintergreen (New Earth),Public Identity,Neutral Characters,Unknown or None,White Hair,Deceased Characters,64,"1980, December",1980
478,Charis-Nar (New Earth),Secret Identity,Good Characters,Black Eyes,Unknown or None,Living Characters,63,"1981, June",1981
479,Tex (New Earth),Public Identity,Good Characters,Unknown or None,Red Hair,Living Characters,63,"1947, June",1947
480,Pooch (New Earth),Public Identity,Good Characters,Unknown or None,White Hair,Deceased Characters,63,"1959, September",1959
481,Clifford DeVoe (New Earth),Secret Identity,Bad Characters,Unknown or None,Black Hair,Deceased Characters,63,"1943, September",1943
482,Amy Winston (New Earth),Secret Identity,Good Characters,Violet Eyes,Blond Hair,Living Characters,63,"1983, April",1983
483,Klarion Bleak (New Earth),Secret Identity,Neutral Characters,Black Eyes,Black Hair,Living Characters,62,"1973, March",1973
484,Mark Merlin (New Earth),Public Identity,Good Characters,Blue Eyes,Brown Hair,Deceased Characters,62,"1959, August",1959
485,Garfield Lynns (New Earth),Secret Identity,Bad Characters,Blue Eyes,White Hair,Living Characters,62,"1952, June",1952
486,Morgaine le Fey (New Earth),Public Identity,Bad Characters,Black Eyes,Black Hair,Living Characters,61,"1972, September",1972
487,Nanaue (New Earth),Secret Identity,Bad Characters,Black Eyes,Unknown or None,Living Characters,61,"1994, October",1994
488,David Reid (New Earth),Public Identity,Neutral Characters,Blue Eyes,Blond Hair,Deceased Characters,61,"2008, March",2008
489,"Henry Heywood, Sr. (New Earth)",Secret Identity,Unknown or None,Blue Eyes,Black Hair,Deceased Characters,61,"1978, March",1978
490,Francine Lee (New Earth),Public Identity,Good Characters,Brown Eyes,Unknown or None,Living Characters,61,"1970, August",1970
491,Emil LaSalle (New Earth),Secret Identity,Bad Characters,Brown Eyes,Black Hair,Deceased Characters,61,"1981, December",1981
492,Clifford Carmichael (New Earth),Secret Identity,Bad Characters,Brown Eyes,Brown Hair,Deceased Characters,61,"1978, March",1978
493,Per Degaton (New Earth),Secret Identity,Bad Characters,Red Eyes,Red Hair,Living Characters,61,"1947, June",1947
494,Roxanne Leech (New Earth),Public Identity,Good Characters,Blue Eyes,Blond Hair,Living Characters,60,"1993, July",1993
495,Bette Sans Souci (New Earth),Secret Identity,Bad Characters,Blue Eyes,Red Hair,Living Characters,60,"1982, December",1982
496,Paco Ramone (New Earth),Public Identity,Good Characters,Brown Eyes,Brown Hair,Deceased Characters,60,"1984, October",1984
497,Martha Roberts (New Earth),Secret Identity,Good Characters,Brown Eyes,Brown Hair,Deceased Characters,60,"1939, December",1939
498,Chaselon (New Earth),Public Identity,Unknown or None,White Eyes,Black Hair,Deceased Characters,60,"1961, December",1961
499,Richard Starr (New Earth),Secret Identity,Good Characters,Blue Eyes,Black Hair,Living Characters,59,"1958, August",1958
500,Langford Terrill (New Earth),Secret Identity,Good Characters,Blue Eyes,Blond Hair,Living Characters,59,"1940, September",1940
501,Pren (New Earth),Secret Identity,Good Characters,Blue Eyes,Red Hair,Deceased Characters,59,"1981, June",1981
502,Arthur Brown (New Earth),Unknown,Bad Characters,Blue Eyes,Blond Hair,Living Characters,59,"1966, May",1966
503,Angela Hawkins III (New Earth),Secret Identity,Bad Characters,Green Eyes,Black Hair,Living Characters,59,"1981, December",1981
504,Paula Brooks (New Earth),Secret Identity,Unknown or None,Green Eyes,Black Hair,Living Characters,59,"1947, August",1947
505,Simon Jones (New Earth),Public Identity,Bad Characters,White Eyes,Unknown or None,Deceased Characters,59,"1981, January",1981
506,Ferrin Colos (New Earth),Public Identity,Good Characters,White Eyes,Unknown or None,Deceased Characters,59,"1992, October",1992
507,Jonathan Gabrielli I (New Earth),Public Identity,Good Characters,Black Eyes,Black Hair,Deceased Characters,58,"1942, April",1942
508,Death (New Earth),Secret Identity,Neutral Characters,Black Eyes,Black Hair,Living Characters,58,"1989, August",1989
509,Tula (New Earth),Public Identity,Unknown or None,Blue Eyes,Brown Hair,Deceased Characters,58,"1967, June",1967
510,Roscoe Dillon (New Earth),Secret Identity,Bad Characters,Blue Eyes,Brown Hair,Deceased Characters,58,"1961, August",1961
511,Cameron Mahkent (New Earth),Secret Identity,Bad Characters,Blue Eyes,White Hair,Living Characters,58,"1987, January",1987
512,Ryan Kendall (New Earth),Secret Identity,Good Characters,Blue Eyes,Black Hair,Deceased Characters,58,"1992, June",1992
513,James Rook (New Earth),Secret Identity,Good Characters,Green Eyes,Brown Hair,Living Characters,58,"1969, May",1969
514,Irwin Schwab (New Earth),Secret Identity,Good Characters,Green Eyes,Unknown or None,Living Characters,58,"1982, December",1982
515,Trigon (New Earth),Public Identity,Bad Characters,Red Eyes,Red Hair,Living Characters,58,"1981, March",1981
516,Chemo (New Earth),Public Identity,Bad Characters,Unknown or None,Unknown or None,Living Characters,58,"1962, July",1962
517,Ronald Reagan (New Earth),Public Identity,Good Characters,Unknown or None,Black Hair,Living Characters,58,"1950, June",1950
518,Anthony Rodriguez I (New Earth),Public Identity,Good Characters,Black Eyes,Brown Hair,Deceased Characters,57,"1942, April",1942
519,Hera (New Earth),Public Identity,Neutral Characters,Blue Eyes,Red Hair,Living Characters,57,"1941, December",1941
520,Paul Kirk II (New Earth),Secret Identity,Good Characters,Blue Eyes,Brown Hair,Deceased Characters,57,"1942, April",1942
521,Arak Red-Hand (New Earth),Public Identity,Good Characters,Brown Eyes,Black Hair,Deceased Characters,57,"1981, August",1981
522,Anita Fite (New Earth),Secret Identity,Good Characters,Brown Eyes,Black Hair,Living Characters,57,"2000, January",2000
523,Thomas Thompkins I (New Earth),Public Identity,Good Characters,Unknown or None,Brown Hair,Deceased Characters,57,"1942, April",1942
524,Anthony Ivo (New Earth),Secret Identity,Bad Characters,Unknown or None,Black Hair,Living Characters,57,"1960, July",1960
525,Troy Stewart (Pre-Zero Hour),Public Identity,Good Characters,Black Eyes,Black Hair,Living Characters,56,"1976, April",1976
526,Patrick MacGuire I (New Earth),Public Identity,Good Characters,Unknown or None,Red Hair,Living Characters,56,"1942, April",1942
527,Jennifer Morgan (New Earth),Secret Identity,Good Characters,Unknown or None,Brown Hair,Living Characters,56,"1980, October",1980
528,Graf Toren (New Earth),Secret Identity,Good Characters,Unknown or None,Unknown or None,Living Characters,56,"1993, August",1993
529,Baby Wildebeest (New Earth),Public Identity,Good Characters,White Eyes,Black Hair,Deceased Characters,56,"1992, April",1992
530,Anton Arcane (New Earth),Public Identity,Bad Characters,Black Eyes,White Hair,Deceased Characters,55,"1973, January",1973
531,Sebastian Faust (New Earth),Public Identity,Good Characters,Blue Eyes,Black Hair,Living Characters,55,"1993, November",1993
532,Stanley Kitch (New Earth),Public Identity,Good Characters,Blue Eyes,Blond Hair,Living Characters,55,"1989, January",1989
533,Judy Walton (New Earth),Public Identity,Good Characters,Blue Eyes,Blond Hair,Living Characters,55,"1960, August",1960
534,Henry Heywood III (New Earth),Public Identity,Good Characters,Blue Eyes,Red Hair,Deceased Characters,55,"1984, October",1984
535,Johnny Peril (New Earth),Secret Identity,Good Characters,Blue Eyes,Blond Hair,Living Characters,55,"1947, February",1947
536,Voz (New Earth),Secret Identity,Good Characters,Brown Eyes,Brown Hair,Living Characters,55,"1993, August",1993
537,Stel (New Earth),Public Identity,Good Characters,Photocellular Eyes,Unknown or None,Living Characters,55,"1962, March",1962
538,Yera Allon (Pre-Zero Hour),Public Identity,Good Characters,Purple Eyes,Purple Hair,Living Characters,55,"1982, May",1982
539,Mongul I (New Earth),Public Identity,Bad Characters,Red Eyes,Unknown or None,Deceased Characters,55,"1980, November",1980
540,Nicholas Walton (New Earth),Public Identity,Good Characters,Unknown or None,Blond Hair,Living Characters,55,"1960, August",1960
541,Randu Singh (New Earth),Unknown,Good Characters,Unknown or None,Black Hair,Living Characters,55,"1972, September",1972
542,Atrocitus (New Earth),Secret Identity,Neutral Characters,Yellow Eyes,Unknown or None,Living Characters,55,"2008, January",2008
543,Shift (New Earth),Public Identity,Good Characters,Black Eyes,Unknown or None,Living Characters,54,"2003, August",2003
544,Merlyn (New Earth),Secret Identity,Bad Characters,Black Eyes,Black Hair,Living Characters,54,"1971, November",1971
545,Jared Stevens (New Earth),Public Identity,Good Characters,Blue Eyes,Black Hair,Deceased Characters,54,"1994, October",1994
546,"Arthur Curry, Jr. (New Earth)",Public Identity,Neutral Characters,Blue Eyes,Blond Hair,Deceased Characters,54,"1965, October",1965
547,Michael Akins (New Earth),Public Identity,Neutral Characters,Brown Eyes,Black Hair,Living Characters,54,"2001, January",2001
548,Natt Walls (New Earth),Public Identity,Neutral Characters,Brown Eyes,Black Hair,Deceased Characters,54,"1996, August",1996
549,Carol Bucklen (New Earth),Unknown,Good Characters,Brown Eyes,Black Hair,Living Characters,54,"1995, April",1995
550,Big Bear (New Earth),Public Identity,Good Characters,Green Eyes,Red Hair,Deceased Characters,54,"1971, March",1971
551,Satanus (New Earth),Secret Identity,Bad Characters,Red Eyes,Black Hair,Living Characters,54,"1992, August",1992
552,Danny the Street (New Earth),Public Identity,Good Characters,Unknown or None,Unknown or None,Living Characters,54,"1990, August",1990
553,Alice Spencer (New Earth),Public Identity,Good Characters,Unknown or None,White Hair,Living Characters,54,"1987, May",1987
554,Danton Black (New Earth),Secret Identity,Bad Characters,Blue Eyes,Black Hair,Living Characters,53,"1978, March",1978
555,Knockout (New Earth),Secret Identity,Bad Characters,Blue Eyes,Red Hair,Living Characters,53,"1994, February",1994
556,Jennifer Pierce (New Earth),Secret Identity,Good Characters,Brown Eyes,Black Hair,Living Characters,53,"2008, March",2008
557,Clifford Baker (New Earth),Public Identity,Unknown or None,Green Eyes,Red Hair,Deceased Characters,53,"1988, September",1988
558,Daniel Chase (New Earth),Secret Identity,Good Characters,Green Eyes,Red Hair,Deceased Characters,53,1987,1987
559,Kanjar Ro (New Earth),Public Identity,Bad Characters,Yellow Eyes,Unknown or None,Living Characters,53,"1961, March",1961
560,James Craddock (New Earth),Public Identity,Bad Characters,Blue Eyes,Brown Hair,Deceased Characters,52,"1947, October",1947
561,Beautiful Dreamer (New Earth),Secret Identity,Good Characters,Blue Eyes,Black Hair,Deceased Characters,52,"1971, March",1971
562,Lori Zechlin (New Earth),Secret Identity,Neutral Characters,Blue Eyes,Black Hair,Living Characters,52,"2005, January",2005
563,Cody Driscoll (New Earth),Secret Identity,Good Characters,Green Eyes,Blond Hair,Living Characters,52,"1996, October",1996
564,Helena Kosmatos (New Earth),Secret Identity,Good Characters,Red Eyes,Blond Hair,Living Characters,52,"1987, March",1987
565,Franklin Delano Roosevelt (New Earth),Public Identity,Good Characters,Unknown or None,Grey Hair,Living Characters,52,"1936, March",1936
566,Biff Bailey (New Earth),Public Identity,Good Characters,Unknown or None,Red Hair,Living Characters,52,"1960, August",1960
567,Kalista (New Earth),Public Identity,Good Characters,White Eyes,Purple Hair,Deceased Characters,52,"1981, June",1981
568,Arkillo (New Earth),Public Identity,Bad Characters,Black Eyes,Unknown or None,Living Characters,51,"2006, May",2006
569,Phillip Mason (New Earth),Public Identity,Good Characters,Blue Eyes,Blond Hair,Living Characters,51,"1959, August",1959
570,"Artemis, Goddess of the Hunt (New Earth)",Public Identity,Neutral Characters,Blue Eyes,Red Hair,Living Characters,51,"1987, February",1987
571,Joar Mahkent (New Earth),Secret Identity,Bad Characters,Blue Eyes,Red Hair,Deceased Characters,51,"1947, October",1947
572,Mark Moonrider (New Earth),Secret Identity,Good Characters,Blue Eyes,Black Hair,Deceased Characters,51,"1971, March",1971
573,Serifan (New Earth),Secret Identity,Good Characters,Blue Eyes,Blond Hair,Deceased Characters,51,"1971, March",1971
574,Machiste (New Earth),Public Identity,Good Characters,Brown Eyes,Unknown or None,Living Characters,51,"1976, April",1976
575,Copperhead (New Earth),Secret Identity,Bad Characters,Brown Eyes,Unknown or None,Deceased Characters,51,"1968, July",1968
576,Katherine Kane (New Earth),Secret Identity,Good Characters,Green Eyes,Red Hair,Living Characters,51,"2006, June",2006
577,Rex Leech (New Earth),Public Identity,Neutral Characters,Hazel Eyes,Brown Hair,Living Characters,51,"1993, February",1993
578,Andrew Bennett (New Earth),Secret Identity,Good Characters,Red Eyes,Black Hair,Living Characters,51,"1981, March",1981
579,Jayne Payton (New Earth),Public Identity,Neutral Characters,Unknown or None,Red Hair,Living Characters,51,"1988, October",1988
580,Mad Harriet (New Earth),Secret Identity,Bad Characters,Black Eyes,Green Hair,Deceased Characters,50,"1972, February",1972
581,"Henry King, Sr. (New Earth)",Public Identity,Bad Characters,Blue Eyes,Unknown or None,Deceased Characters,50,"1943, February",1943
582,Chester Williams (New Earth),Public Identity,Good Characters,Blue Eyes,Red Hair,Living Characters,50,"1985, December",1985
583,Angela Roth (New Earth),Secret Identity,Good Characters,Blue Eyes,Black Hair,Deceased Characters,50,"1981, January",1981
584,Christopher King (New Earth),Secret Identity,Good Characters,Blue Eyes,Blond Hair,Living Characters,50,"1981, February",1981
585,Donald Hall (New Earth),Secret Identity,Good Characters,Blue Eyes,Blond Hair,Deceased Characters,50,"1968, June",1968
586,Lonnie Machin (New Earth),Secret Identity,Good Characters,Blue Eyes,Red Hair,Living Characters,50,"1989, November",1989
587,Koryak (New Earth),Public Identity,Good Characters,Brown Eyes,Black Hair,Deceased Characters,50,"1995, January",1995
588,Vykin the Black (New Earth),Secret Identity,Good Characters,Brown Eyes,Black Hair,Deceased Characters,50,"1971, March",1971
589,Lyrl Dox (New Earth),Public Identity,Bad Characters,Green Eyes,Blond Hair,Living Characters,50,"1991, June",1991
590,Sodam Yat (New Earth),Public Identity,Good Characters,Green Eyes,Black Hair,Living Characters,50,1986,1986
591,Scar (New Earth),Secret Identity,Bad Characters,Black Eyes,Unknown or None,Deceased Characters,49,"2008, January",2008
592,Bernadeth (New Earth),Secret Identity,Bad Characters,Brown Eyes,Black Hair,Living Characters,49,"1972, February",1972
593,Mortimer Jibbet (New Earth),Secret Identity,Good Characters,Brown Eyes,Black Hair,Living Characters,49,"1939, April",1939
594,Lor-Zod (New Earth),Secret Identity,Good Characters,Brown Eyes,Brown Hair,Living Characters,49,"2006, December",2006
595,Mary Loyd (New Earth),Public Identity,Unknown or None,Green Eyes,Black Hair,Deceased Characters,49,"1989, August",1989
596,Jay Abrams (New Earth),Secret Identity,Good Characters,Grey Eyes,Black Hair,Living Characters,49,"1971, February",1971
597,Blaze (New Earth),Secret Identity,Bad Characters,Red Eyes,Black Hair,Living Characters,49,"1990, July",1990
598,Jeffrey Graves (New Earth),Secret Identity,Unknown or None,Unknown or None,Brown Hair,Living Characters,49,"2007, February",2007
599,Otto von Furth (New Earth),Secret Identity,Bad Characters,Yellow Eyes,Unknown or None,Deceased Characters,49,"1981, December",1981
600,Aristotle Rodor (New Earth),Public Identity,Unknown or None,Blue Eyes,White Hair,Living Characters,48,"1987, February",1987
601,Mona Bennett (New Earth),Unknown,Good Characters,Blue Eyes,Blond Hair,Living Characters,48,"1963, July",1963
602,Traci Thirteen (New Earth),Public Identity,Unknown or None,Brown Eyes,Black Hair,Living Characters,48,"2003, February",2003
603,Yrra Cynril (New Earth),Secret Identity,Neutral Characters,Brown Eyes,Black Hair,Living Characters,48,"1997, February",1997
604,Harold Jordan (New Earth),Secret Identity,Unknown or None,Brown Eyes,Brown Hair,Deceased Characters,48,"1978, January",1978
605,Hugo Strange (New Earth),Public Identity,Bad Characters,Grey Eyes,Unknown or None,Living Characters,48,"1940, February",1940
606,Iolande (New Earth),Public Identity,Good Characters,Purple Eyes,Black Hair,Living Characters,48,"2006, August",2006
607,Jonathan Gabrielli II (New Earth),Secret Identity,Good Characters,Unknown or None,Black Hair,Living Characters,48,"1970, October",1970
608,Linda Strauss (New Earth),Secret Identity,Good Characters,Unknown or None,Blond Hair,Deceased Characters,48,"1987, July",1987
609,Neptune Perkins (New Earth),Public Identity,Good Characters,Blue Eyes,Black Hair,Deceased Characters,47,"1945, August",1945
610,Joseph Jones (New Earth),Secret Identity,Good Characters,Blue Eyes,Black Hair,Deceased Characters,47,"1991, January",1991
611,Matthew Ryder (New Earth),Secret Identity,Good Characters,Blue Eyes,Blond Hair,Deceased Characters,47,"1991, September",1991
612,Irene Miller (New Earth),Public Identity,Good Characters,Grey Eyes,Black Hair,Living Characters,47,"1940, September",1940
613,Keith Kenyon (New Earth),Public Identity,Bad Characters,Unknown or None,Unknown or None,Living Characters,47,"1965, July",1965
614,Amelia Hunkel (New Earth),Secret Identity,Good Characters,Unknown or None,Unknown or None,Living Characters,47,"1939, June",1939
615,Alec Holland (New Earth),Public Identity,Good Characters,Blue Eyes,Blond Hair,Living Characters,46,"1972, November",1972
616,Helen Claiborne (New Earth),Public Identity,Neutral Characters,Blue Eyes,Black Hair,Living Characters,46,"1995, June",1995
617,Bito Wladon (New Earth),Secret Identity,Bad Characters,Blue Eyes,Black Hair,Living Characters,46,"1962, July",1962
618,Mary Elizabeth Kane (New Earth),Secret Identity,Good Characters,Blue Eyes,Blond Hair,Living Characters,46,1989,1989
619,Miya Shimada (New Earth),Secret Identity,Good Characters,Brown Eyes,Black Hair,Living Characters,46,"1984, May",1984
620,Crystal Brown (New Earth),Public Identity,Good Characters,Green Eyes,Brown Hair,Living Characters,46,"1992, August",1992
621,Joseph Chilton (New Earth),Public Identity,Bad Characters,Hazel Eyes,Blond Hair,Deceased Characters,46,"1987, February",1987
622,Duncan Pramble (New Earth),Secret Identity,Bad Characters,Hazel Eyes,Unknown or None,Living Characters,46,"1960, July",1960
623,Stompa (New Earth),Public Identity,Bad Characters,Unknown or None,Strawberry Blond Hair,Living Characters,46,"1972, February",1972
624,Mark Scheffer (New Earth),Secret Identity,Bad Characters,Unknown or None,Unknown or None,Living Characters,46,"1988, April",1988
625,Hooty the Owl (New Earth),Unknown,Good Characters,Unknown or None,Brown Hair,Living Characters,46,"1941, April",1941
626,Poseidon (New Earth),Public Identity,Neutral Characters,White Eyes,White Hair,Living Characters,46,"1940, September",1940
627,Siobhan McDougal (New Earth),Secret Identity,Bad Characters,White Eyes,White Hair,Living Characters,46,"1987, December",1987
628,Wendy Jones (New Earth),Public Identity,Good Characters,Blue Eyes,Blond Hair,Deceased Characters,45,"1984, April",1984
629,Calvin Carson (New Earth),Public Identity,Good Characters,Blue Eyes,Brown Hair,Living Characters,45,"1960, August",1960
630,Richard Drakunovski (New Earth),Public Identity,Good Characters,Blue Eyes,Red Hair,Living Characters,45,"1975, May",1975
631,Mist I (New Earth),Secret Identity,Bad Characters,Blue Eyes,White Hair,Deceased Characters,45,"1941, October",1941
632,Arani Desai (New Earth),Secret Identity,Good Characters,Blue Eyes,Black Hair,Deceased Characters,45,"1977, September",1977
633,Rodney Gaynor (New Earth),Secret Identity,Good Characters,Blue Eyes,Black Hair,Deceased Characters,45,"1940, January",1940
634,Ryan Choi (New Earth),Public Identity,Good Characters,Brown Eyes,Black Hair,Living Characters,45,"2006, August",2006
635,Gregory Sanders (New Earth),Secret Identity,Good Characters,Brown Eyes,Brown Hair,Living Characters,45,"1941, November",1941
636,Ion (New Earth),Secret Identity,Good Characters,Green Eyes,Unknown or None,Deceased Characters,45,"2006, April",2006
637,Duela Dent (Earth-3),Secret Identity,Neutral Characters,Purple Eyes,Red Hair,Deceased Characters,45,"1976, August",1976
638,Hunter Zolomon (New Earth),Secret Identity,Bad Characters,Red Eyes,Brown Hair,Living Characters,45,"2001, November",2001
639,Doc (New Earth),Public Identity,Good Characters,Unknown or None,Unknown or None,Living Characters,45,"1983, June",1983
640,Karshon (New Earth),Unknown,Bad Characters,Black Eyes,Unknown or None,Living Characters,44,"1963, October",1963
641,Morgan Edge (New Earth),Public Identity,Bad Characters,Blue Eyes,Unknown or None,Living Characters,44,"1988, January",1988
642,Lara Lor-Van (New Earth),Public Identity,Unknown or None,Blue Eyes,Black Hair,Deceased Characters,44,"1986, October",1986
643,Selinda Flinders (New Earth),Secret Identity,Bad Characters,Blue Eyes,Red Hair,Living Characters,44,"1981, January",1981
644,Gavyn (New Earth),Secret Identity,Good Characters,Blue Eyes,Blond Hair,Living Characters,44,"1980, January",1980
645,Lisa Snart (New Earth),Unknown,Unknown or None,Blue Eyes,Blond Hair,Deceased Characters,44,"1977, June",1977
646,Sean Noonan (New Earth),Public Identity,Good Characters,Brown Eyes,Black Hair,Deceased Characters,44,1993,1993
647,"William Everett, Sr. (New Earth)",Public Identity,Good Characters,Brown Eyes,Black Hair,Deceased Characters,44,"1983, July",1983
648,Jon Valor (New Earth),Secret Identity,Good Characters,Brown Eyes,Brown Hair,Deceased Characters,44,"1940, April",1940
649,Rhosyn Forrest (New Earth),Secret Identity,Good Characters,Green Eyes,Unknown or None,Living Characters,44,"1986, March",1986
650,John Grayson (New Earth),Public Identity,Good Characters,Unknown or None,Black Hair,Deceased Characters,44,"1989, August",1989
651,Elaine Marsh-Morton (New Earth),Secret Identity,Bad Characters,Unknown or None,Blond Hair,Living Characters,44,"1997, January",1997
652,Victoria Grant (New Earth),Unknown,Good Characters,Unknown or None,Blond Hair,Living Characters,44,"1981, February",1981
653,Larfleeze (New Earth),Public Identity,Neutral Characters,Yellow Eyes,Orange Hair,Living Characters,44,"2008, June",2008
654,Dru-Zod II (New Earth),Public Identity,Bad Characters,Black Eyes,Black Hair,Living Characters,43,"1961, April",1961
655,Sandra Knight (New Earth),Secret Identity,Good Characters,Black Eyes,Black Hair,Living Characters,43,"1987, June",1987
656,Alura In-Ze (New Earth),Public Identity,Good Characters,Blue Eyes,Blond Hair,Deceased Characters,43,"2004, June",2004
657,Axel Walker (New Earth),Secret Identity,Unknown or None,Blue Eyes,Blond Hair,Living Characters,43,"2002, April",2002
658,Louis Kiyahani (New Earth),Public Identity,Good Characters,Brown Eyes,Black Hair,Living Characters,43,"1963, February",1963
659,Emmaline Brady (New Earth),Public Identity,Unknown or None,Brown Eyes,Brown Hair,Living Characters,43,"1962, December",1962
660,Elizabeth Chapel (New Earth),Secret Identity,Good Characters,Brown Eyes,Black Hair,Deceased Characters,43,"1985, October",1985
661,Zachary Zatara (New Earth),Public Identity,Good Characters,Green Eyes,Black Hair,Living Characters,43,"2006, May",2006
662,Iris West II (New Earth),Secret Identity,Good Characters,Green Eyes,Red Hair,Living Characters,43,"1999, March",1999
663,Beverly Lewis (New Earth),Unknown,Unknown or None,Green Eyes,Red Hair,Living Characters,43,"1980, May",1980
664,Teekl (New Earth),Public Identity,Neutral Characters,Red Eyes,Orange Hair,Living Characters,43,"1973, March",1973
665,Xiang Po (New Earth),Secret Identity,Good Characters,Red Eyes,Unknown or None,Deceased Characters,43,"1988, January",1988
666,Harry Matthews (New Earth),Public Identity,Good Characters,Unknown or None,Brown Hair,Living Characters,43,"1972, September",1972
667,Borb Borbb (New Earth),Public Identity,Good Characters,Unknown or None,Unknown or None,Living Characters,43,"1991, August",1991
668,Jock Kellogg (New Earth),Secret Identity,Good Characters,Unknown or None,Black Hair,Deceased Characters,43,"1940, July",1940
669,Edward Indelicato (New Earth),Unknown,Good Characters,Unknown or None,Brown Hair,Living Characters,43,"1988, April",1988
670,Zilius Zox (New Earth),Public Identity,Bad Characters,Yellow Eyes,Unknown or None,Deceased Characters,43,"2008, December",2008
671,Paco Testas (New Earth),Public Identity,Good Characters,Black Eyes,Brown Hair,Living Characters,42,"2006, February",2006
672,Janu (New Earth),Public Identity,Good Characters,Black Eyes,Brown Hair,Living Characters,42,"1954, April",1954
673,Rama Kushna (New Earth),Public Identity,Neutral Characters,Black Eyes,Black Hair,Living Characters,42,"1967, October",1967
674,Glorious Godfrey (New Earth),Secret Identity,Bad Characters,Black Eyes,Red Hair,Living Characters,42,"1971, July",1971
675,"Roy Raymond, Jr. (New Earth)",Secret Identity,Good Characters,Black Eyes,Blond Hair,Living Characters,42,"1997, February",1997
676,William Walker (New Earth),Secret Identity,Neutral Characters,Black Eyes,Black Hair,Deceased Characters,42,"1971, July",1971
677,Traya Sutton (New Earth),Public Identity,Good Characters,Blue Eyes,Black Hair,Living Characters,42,"1978, March",1978
678,Myra Mason (New Earth),Public Identity,Good Characters,Blue Eyes,Blond Hair,Deceased Characters,42,"1941, April",1941
679,Laura De Mille (New Earth),Secret Identity,Bad Characters,Blue Eyes,Black Hair,Deceased Characters,42,"1964, March",1964
680,Helga Jace (New Earth),Secret Identity,Bad Characters,Blue Eyes,Grey Hair,Deceased Characters,42,"1983, August",1983
681,Rac Shade (New Earth),Secret Identity,Good Characters,Blue Eyes,Red Hair,Living Characters,42,"1977, July",1977
682,June Robbins (New Earth),Secret Identity,Good Characters,Blue Eyes,Strawberry Blond Hair,Living Characters,42,"1957, April",1957
683,Appa Ali Apsa (New Earth),Secret Identity,Unknown or None,Blue Eyes,White Hair,Deceased Characters,42,"1970, April",1970
684,William Henderson (New Earth),Public Identity,Good Characters,Brown Eyes,Brown Hair,Living Characters,42,"1987, January",1987
685,Mitchell Shelley (New Earth),Public Identity,Good Characters,Brown Eyes,White Hair,Living Characters,42,"1997, May",1997
686,Audrey Spears (New Earth),Secret Identity,Good Characters,Brown Eyes,Brown Hair,Living Characters,42,"1996, October",1996
687,Edward Raymond (New Earth),Secret Identity,Good Characters,Brown Eyes,Brown Hair,Living Characters,42,"1978, April",1978
688,Harold Allnut (New Earth),Public Identity,Good Characters,Unknown or None,Blond Hair,Deceased Characters,42,"1989, December",1989
689,Nathaniel Kane (New Earth),Public Identity,Good Characters,Unknown or None,Brown Hair,Living Characters,42,"1992, December",1992
690,Source (New Earth),Secret Identity,Neutral Characters,Unknown or None,Unknown or None,Living Characters,42,"1971, March",1971
691,Ariana Dzerchenko (New Earth),Public Identity,Good Characters,Blue Eyes,Black Hair,Living Characters,41,"1992, December",1992
692,Phoebus Apollo (New Earth),Public Identity,Neutral Characters,Blue Eyes,Blond Hair,Living Characters,41,"1941, December",1941
693,Veronica Cale (New Earth),Public Identity,Unknown or None,Blue Eyes,Blond Hair,Living Characters,41,"2003, November",2003
694,Lazarus Lane (New Earth),Secret Identity,Good Characters,Blue Eyes,Black Hair,Deceased Characters,41,"1970, November",1970
695,Abel (New Earth),Secret Identity,Neutral Characters,Blue Eyes,Black Hair,Living Characters,41,"1969, July",1969
696,Josephine MacDonald (New Earth),Public Identity,Good Characters,Brown Eyes,Black Hair,Living Characters,41,"2001, December",2001
697,Strong Bow (New Earth),Public Identity,Good Characters,Brown Eyes,Black Hair,Deceased Characters,41,"1951, May",1951
698,Arthur Pendragon (New Earth),Public Identity,Good Characters,Brown Eyes,Brown Hair,Living Characters,41,"1936, February",1936
699,Demeter (New Earth),Public Identity,Neutral Characters,Brown Eyes,Unknown or None,Living Characters,41,"1985, October",1985
700,Catalina Flores (New Earth),Secret Identity,Good Characters,Brown Eyes,Black Hair,Deceased Characters,41,"2002, September",2002
701,Sayd (New Earth),Public Identity,Good Characters,Green Eyes,White Hair,Living Characters,41,"2007, August",2007
702,Patrick MacGuire II (New Earth),Secret Identity,Good Characters,Unknown or None,Red Hair,Living Characters,41,"1970, October",1970
703,Iroque (New Earth),Secret Identity,Neutral Characters,Unknown or None,Purple Hair,Living Characters,41,"2008, January",2008
704,Dana Winters (New Earth),Unknown,Unknown or None,Unknown or None,Unknown or None,Deceased Characters,41,"1994, December",1994
705,Manitou Raven (New Earth),Secret Identity,Good Characters,White Eyes,Black Hair,Deceased Characters,41,"2002, July",2002
706,Jessica Midnight (New Earth),Public Identity,Good Characters,Blue Eyes,Black Hair,Living Characters,40,"2002, October",2002
707,Christopher Chance (New Earth),Public Identity,Good Characters,Blue Eyes,Black Hair,Living Characters,40,"1972, December",1972
708,Donna Carol Force (New Earth),Public Identity,Good Characters,Blue Eyes,Brown Hair,Living Characters,40,1993,1993
709,Mariah Romanova (New Earth),Public Identity,Good Characters,Blue Eyes,Red Hair,Living Characters,40,"1977, May",1977
710,Harold Shapiro (New Earth),Public Identity,Good Characters,Blue Eyes,Red Hair,Living Characters,40,"1961, December",1961
711,Jenet Klyburn (New Earth),Public Identity,Unknown or None,Blue Eyes,Red Hair,Living Characters,40,"1976, October",1976
712,Jai West (New Earth),Public Identity,Good Characters,Brown Eyes,Black Hair,Living Characters,40,"2005, October",2005
713,Brenda Del Vecchio (New Earth),Public Identity,Good Characters,Brown Eyes,Red Hair,Living Characters,40,"2006, February",2006
714,Eve Aries (Pre-Zero Hour),Public Identity,Bad Characters,Green Eyes,Red Hair,Living Characters,40,"1961, August",1961
715,Stacy (New Earth),Public Identity,Neutral Characters,Green Eyes,Red Hair,Living Characters,40,"2000, March",2000
716,Alexander Sartorius (New Earth),Public Identity,Bad Characters,Red Eyes,Unknown or None,Living Characters,40,"1977, May",1977
717,Maurice Douglas (New Earth),Public Identity,Good Characters,Unknown or None,Brown Hair,Deceased Characters,40,"1992, October",1992
718,Eric Strauss (New Earth),Secret Identity,Good Characters,Unknown or None,Brown Hair,Living Characters,40,"1987, July",1987
719,Thomas Thompkins II (New Earth),Secret Identity,Good Characters,Unknown or None,Brown Hair,Living Characters,40,"1970, October",1970
720,Thaddeus Ryerstad (New Earth),Unknown,Bad Characters,Unknown or None,Blond Hair,Living Characters,40,"1997, May",1997
721,Serling Roquette (New Earth),Unknown,Unknown or None,Unknown or None,Blond Hair,Living Characters,40,"1998, October",1998
722,Mongul II (New Earth),Public Identity,Bad Characters,White Eyes,Unknown or None,Living Characters,40,"1995, September",1995
723,Anthony Woodward (New Earth),Secret Identity,Bad Characters,Yellow Eyes,Unknown or None,Living Characters,40,"2001, August",2001
724,Preston Lindsay (New Earth),Public Identity,Good Characters,Blue Eyes,Blond Hair,Living Characters,39,"1995, April",1995
725,Artemis Crock (New Earth),Secret Identity,Bad Characters,Blue Eyes,Unknown or None,Living Characters,39,"1987, January",1987
726,Ursa (New Earth),Public Identity,Bad Characters,Brown Eyes,Brown Hair,Living Characters,39,"2007, January",2007
727,Shilo Norman (New Earth),Public Identity,Good Characters,Brown Eyes,Black Hair,Living Characters,39,"1973, September",1973
728,Amon Tomaz (New Earth),Secret Identity,Bad Characters,Brown Eyes,Brown Hair,Living Characters,39,"2006, October",2006
729,John Dee (New Earth),Secret Identity,Bad Characters,Brown Eyes,Brown Hair,Living Characters,39,"1961, July",1961
730,William Everett III (New Earth),Secret Identity,Good Characters,Brown Eyes,Black Hair,Deceased Characters,39,"1994, March",1994
731,Taleb Beni Khalid (New Earth),Secret Identity,Neutral Characters,Brown Eyes,Brown Hair,Living Characters,39,"2006, June",2006
732,Faith (New Earth),Secret Identity,Unknown or None,Brown Eyes,Brown Hair,Living Characters,39,"2002, October",2002
733,Frieda Goren (Dakotaverse),Public Identity,Good Characters,Green Eyes,Red Hair,Living Characters,39,"1993, June",1993
734,Dudley Soames (New Earth),Public Identity,Bad Characters,Hazel Eyes,Brown Hair,Deceased Characters,39,"1996, October",1996
735,Tegra Kalmaku (New Earth),Public Identity,Good Characters,Unknown or None,Black Hair,Living Characters,39,"1961, August",1961
736,Richard Craemer (New Earth),Public Identity,Good Characters,Unknown or None,Brown Hair,Living Characters,39,"1988, February",1988
737,Menalippe (New Earth),Public Identity,Good Characters,Unknown or None,Unknown or None,Deceased Characters,39,"1987, February",1987
738,Sydney Happersen (New Earth),Public Identity,Unknown or None,Unknown or None,Black Hair,Deceased Characters,39,"1987, February",1987
739,Robert Daley (New Earth),Secret Identity,Good Characters,Unknown or None,Unknown or None,Living Characters,39,"1938, July",1938
740,Fang Zhifu (New Earth),Secret Identity,Unknown or None,Unknown or None,Unknown or None,Living Characters,39,"2006, June",2006
741,Skallox (New Earth),Public Identity,Bad Characters,Yellow Eyes,Unknown or None,Living Characters,39,"2008, December",2008
742,Aleea Strange (New Earth),Public Identity,Good Characters,Blue Eyes,Blond Hair,Living Characters,38,"1990, May",1990
743,Sigrid Nansen (New Earth),Public Identity,Good Characters,Blue Eyes,White Hair,Living Characters,38,"1986, November",1986
744,Kole Weathers (New Earth),Secret Identity,Good Characters,Blue Eyes,Red Hair,Deceased Characters,38,"1985, June",1985
745,Anatoli Knyazev (New Earth),Public Identity,Bad Characters,Brown Eyes,Blond Hair,Deceased Characters,38,"1988, March",1988
746,Arthur Hall (New Earth),Public Identity,Good Characters,Brown Eyes,White Hair,Living Characters,38,"1982, December",1982
747,Adrianna Tomaz (New Earth),Public Identity,Neutral Characters,Brown Eyes,Brown Hair,Deceased Characters,38,"2006, May",2006
748,Cyril Sheldrake (New Earth),Secret Identity,Good Characters,Brown Eyes,Brown Hair,Deceased Characters,38,"1950, December",1950
749,Mister Mind (New Earth),Secret Identity,Bad Characters,Red Eyes,Unknown or None,Living Characters,38,"1943, March",1943
750,Brainiac 8 (New Earth),Secret Identity,Good Characters,Red Eyes,Pink Hair,Deceased Characters,38,"2003, July",2003
751,Amy Rohrbach (New Earth),Public Identity,Good Characters,Unknown or None,Brown Hair,Living Characters,38,"2000, October",2000
752,Davroth Catto (New Earth),Public Identity,Good Characters,Unknown or None,Brown Hair,Living Characters,38,"1991, August",1991
753,James Cameron (New Earth),Public Identity,Good Characters,Unknown or None,Brown Hair,Living Characters,38,"1987, September",1987
754,Zena Moonstruk (New Earth),Public Identity,Good Characters,Unknown or None,White Hair,Living Characters,38,"1991, August",1991
755,Robert Reed (New Earth),Secret Identity,Good Characters,Unknown or None,Blond Hair,Living Characters,38,"1966, January",1966
756,Keith Everet (New Earth),Secret Identity,Good Characters,Unknown or None,Brown Hair,Living Characters,38,"1942, January",1942
757,Solovar (New Earth),Secret Identity,Unknown or None,Unknown or None,Black Hair,Deceased Characters,38,"1959, May",1959
758,James Jordan (New Earth),Unknown,Good Characters,Unknown or None,Brown Hair,Living Characters,38,"1961, December",1961
759,Predator (New Earth),Unknown,Unknown or None,Unknown or None,Unknown or None,Deceased Characters,38,"1984, July",1984
760,John Jones (New Earth),Public Identity,Good Characters,Black Eyes,Unknown or None,Living Characters,37,"1942, August",1942
761,Bat-Mite (New Earth),Secret Identity,Good Characters,Black Eyes,Unknown or None,Living Characters,37,"1959, May",1959
762,Lawrence Belmont (New Earth),Public Identity,Good Characters,Blue Eyes,Brown Hair,Living Characters,37,"1940, February",1940
763,Elizabeth Tremayne (New Earth),Public Identity,Good Characters,Blue Eyes,Red Hair,Living Characters,37,"1982, July",1982
764,Joan Dale (New Earth),Secret Identity,Good Characters,Blue Eyes,Black Hair,Living Characters,37,"1941, August",1941
765,Lance Gallant (Earth-X),Secret Identity,Good Characters,Blue Eyes,Blond Hair,Living Characters,37,"1943, January",1943
766,Amy Allen (New Earth),Secret Identity,Neutral Characters,Blue Eyes,Brown Hair,Living Characters,37,"2006, November",2006
767,Lawrence Crock (New Earth),Secret Identity,Bad Characters,Brown Eyes,Brown Hair,Living Characters,37,"1947, May",1947
768,Walter Johnson II (New Earth),Secret Identity,Good Characters,Brown Eyes,Black Hair,Living Characters,37,"1970, October",1970
769,Thara Ak-Var (New Earth),Secret Identity,Good Characters,Brown Eyes,Brown Hair,Deceased Characters,37,"2008, December",2008
770,Isaiah Crockett (New Earth),Secret Identity,Good Characters,Brown Eyes,Brown Hair,Living Characters,37,"1996, October",1996
771,Azrael (New Earth),Public Identity,Neutral Characters,Gold Eyes,Black Hair,Living Characters,37,"1985, April",1985
772,Kathleen Sutton (New Earth),Public Identity,Good Characters,Unknown or None,Blond Hair,Living Characters,37,"1973, July",1973
773,Lonocelu Ospho (New Earth),Public Identity,Good Characters,Unknown or None,Unknown or None,Living Characters,37,"1985, May",1985
774,Jemm (New Earth),Public Identity,Good Characters,Yellow Eyes,Unknown or None,Living Characters,37,"1984, September",1984
775,Larvox (New Earth),Public Identity,Good Characters,Black Eyes,Orange Hair,Living Characters,36,"1961, December",1961
776,Robert Hinckley Long (New Earth),Public Identity,Neutral Characters,Black Eyes,Red Hair,Deceased Characters,36,"1992, September",1992
777,Non (New Earth),Public Identity,Bad Characters,Blue Eyes,Black Hair,Living Characters,36,"2007, January",2007
778,Stormy Knight (New Earth),Public Identity,Good Characters,Blue Eyes,Black Hair,Living Characters,36,"2006, June",2006
779,Zor-El (New Earth),Public Identity,Good Characters,Blue Eyes,Blond Hair,Deceased Characters,36,"2004, June",2004
780,Sarah Simms (New Earth),Public Identity,Good Characters,Blue Eyes,Blond Hair,Living Characters,36,"1981, June",1981
781,Glenda Mark (New Earth),Public Identity,Good Characters,Blue Eyes,Blond Hair,Living Characters,36,"1972, September",1972
782,Hephaestus (New Earth),Public Identity,Neutral Characters,Blue Eyes,White Hair,Living Characters,36,"1941, December",1941
783,Ramsey Robinson (New Earth),Secret Identity,Good Characters,Blue Eyes,Black Hair,Living Characters,36,"2004, November",2004
784,Charlotte Gage-Radcliffe (New Earth),Secret Identity,Good Characters,Blue Eyes,Red Hair,Living Characters,36,"2006, September",2006
785,Maximillian Zeus (New Earth),Public Identity,Bad Characters,Brown Eyes,Brown Hair,Living Characters,36,"1979, May",1979
786,Anthro (New Earth),Public Identity,Good Characters,Brown Eyes,Brown Hair,Deceased Characters,36,"1968, May",1968
787,Thomas Ludlow Hallaway (New Earth),Secret Identity,Bad Characters,Brown Eyes,Brown Hair,Deceased Characters,36,"1940, May",1940
788,Anthony Rodriguez II (New Earth),Secret Identity,Good Characters,Brown Eyes,Brown Hair,Living Characters,36,"1970, October",1970
789,Shado (New Earth),Secret Identity,Neutral Characters,Brown Eyes,Black Hair,Living Characters,36,"1987, August",1987
790,Mark Desmond (New Earth),Public Identity,Bad Characters,Hazel Eyes,Brown Hair,Deceased Characters,36,"1965, November",1965
791,Mordru (New Earth),Public Identity,Bad Characters,Hazel Eyes,Unknown or None,Living Characters,36,"1968, June",1968
792,Tobias Whale (New Earth),Public Identity,Bad Characters,Pink Eyes,Unknown or None,Living Characters,36,"1977, April",1977
793,Bruno Mannheim (New Earth),Public Identity,Bad Characters,Unknown or None,Unknown or None,Deceased Characters,36,"1971, July",1971
794,Andrew Franklin (New Earth),Secret Identity,Good Characters,Unknown or None,Unknown or None,Living Characters,36,"2006, June",2006
795,Bridget Clancy (New Earth),Unknown,Good Characters,Unknown or None,Black Hair,Living Characters,36,"1996, November",1996
796,Joshua Morgan (New Earth),Unknown,Good Characters,Unknown or None,Red Hair,Living Characters,36,"1978, November",1978
797,Munk (New Earth),Secret Identity,Good Characters,White Eyes,Unknown or None,Living Characters,36,"2008, January",2008
798,Merayn Dethalis (New Earth),Public Identity,Good Characters,Yellow Eyes,Purple Hair,Living Characters,36,"1993, December",1993
799,Lady Chian (New Earth),Unknown,Good Characters,Black Eyes,Black Hair,Living Characters,35,"1982, March",1982
800,Frederick Chyre (New Earth),Public Identity,Good Characters,Blue Eyes,Grey Hair,Living Characters,35,"2000, September",2000
801,Mary James (New Earth),Public Identity,Good Characters,Blue Eyes,Strawberry Blond Hair,Deceased Characters,35,"1940, October",1940
802,Laura Neilsen (New Earth),Public Identity,Good Characters,Blue Eyes,White Hair,Deceased Characters,35,"1971, February",1971
803,Myra Connelly (New Earth),Public Identity,Unknown or None,Blue Eyes,Unknown or None,Living Characters,35,"1987, February",1987
804,General Immortus (New Earth),Secret Identity,Bad Characters,Blue Eyes,Unknown or None,Living Characters,35,"1963, June",1963
805,Jeannette (New Earth),Secret Identity,Bad Characters,Blue Eyes,White Hair,Living Characters,35,"2009, January",2009
806,Arthur Joseph Curry (New Earth),Secret Identity,Good Characters,Blue Eyes,Blond Hair,Living Characters,35,"2006, May",2006
807,Beryl Hutchinson (New Earth),Secret Identity,Good Characters,Blue Eyes,Red Hair,Living Characters,35,"1999, February",1999
808,Gardner Grayle (New Earth),Secret Identity,Good Characters,Blue Eyes,Red Hair,Living Characters,35,"1983, May",1983
809,Jeffrey Smith (New Earth),Public Identity,Good Characters,Brown Eyes,Black Hair,Living Characters,35,"1990, February",1990
810,Carla White (New Earth),Public Identity,Good Characters,Brown Eyes,Brown Hair,Living Characters,35,"1992, October",1992
811,Michael Lane (New Earth),Secret Identity,Good Characters,Brown Eyes,Black Hair,Living Characters,35,"2007, June",2007
812,Delilah Tyler (New Earth),Secret Identity,Good Characters,Brown Eyes,Black Hair,Deceased Characters,35,"1989, January",1989
813,Sebastian Blood VIII (New Earth),Secret Identity,Bad Characters,Grey Eyes,Black Hair,Deceased Characters,35,"1982, July",1982
814,Varix (New Earth),Public Identity,Good Characters,Unknown or None,White Hair,Deceased Characters,35,1986,1986
815,Mickey Cannon (New Earth),Unknown,Good Characters,Unknown or None,Brown Hair,Living Characters,35,"1998, October",1998
816,Elsa Magnusson (New Earth),Unknown,Good Characters,Unknown or None,Unknown or None,Living Characters,35,"1959, August",1959
817,Rhea Jones (New Earth),Secret Identity,Good Characters,White Eyes,Red Hair,Living Characters,35,"1987, December",1987
818,Dex-Starr (New Earth),Public Identity,Bad Characters,Yellow Eyes,Blue Hair,Living Characters,35,"2008, December",2008
819,Samuel Makoa (New Earth),Public Identity,Good Characters,Black Eyes,Black Hair,Living Characters,34,"1994, February",1994
820,Oswald Loomis (New Earth),Public Identity,Bad Characters,Blue Eyes,Brown Hair,Living Characters,34,"1988, April",1988
821,Courtney Mason (New Earth),Public Identity,Good Characters,Blue Eyes,Blond Hair,Deceased Characters,34,"1993, July",1993
822,Diane Meade (New Earth),Public Identity,Good Characters,Blue Eyes,Blond Hair,Living Characters,34,"1957, August",1957
823,Bonnie Baxter (New Earth),Public Identity,Good Characters,Blue Eyes,Brown Hair,Living Characters,34,"1990, February",1990
824,Prometheus (New Earth),Secret Identity,Bad Characters,Blue Eyes,White Hair,Deceased Characters,34,"1998, February",1998
825,Jack Wheeler (New Earth),Secret Identity,Good Characters,Blue Eyes,Blond Hair,Living Characters,34,"1987, September",1987
826,Brian Kent (New Earth),Secret Identity,Good Characters,Blue Eyes,Blond Hair,Deceased Characters,34,"1955, September",1955
827,King Standish (New Earth),Secret Identity,Good Characters,Blue Eyes,Blond Hair,Living Characters,34,"1940, March",1940
828,Natasha Ulyanov (New Earth),Unknown,Bad Characters,Blue Eyes,Blond Hair,Living Characters,34,"1986, August",1986
829,Frankenstein (New Earth),Public Identity,Good Characters,Brown Eyes,Black Hair,Living Characters,34,"2006, January",2006
830,Onyx Adams (New Earth),Public Identity,Unknown or None,Brown Eyes,Unknown or None,Living Characters,34,"1985, January",1985
831,Augustus Freeman (Dakotaverse),Secret Identity,Good Characters,Brown Eyes,Black Hair,Living Characters,34,"1993, May",1993
832,Sebastian Ives (New Earth),Public Identity,Good Characters,Unknown or None,Blond Hair,Living Characters,34,"1991, October",1991
833,Hath-Set (New Earth),Secret Identity,Bad Characters,Unknown or None,Unknown or None,Deceased Characters,34,"1940, January",1940
834,Valerie Kameya (Dakotaverse),Secret Identity,Good Characters,Unknown or None,Black Hair,Living Characters,34,"1994, January",1994
835,Mikhail Arkadin (New Earth),Secret Identity,Good Characters,Unknown or None,Brown Hair,Living Characters,34,"1987, October",1987
836,Nimbus (New Earth),Secret Identity,Good Characters,White Eyes,Unknown or None,Living Characters,34,"1981, June",1981
837,Charlie the Owl (New Earth),Public Identity,Good Characters,Amber Eyes,Unknown or None,Living Characters,33,"1999, February",1999
838,Bloodwynd (New Earth),Public Identity,Good Characters,Blue Eyes,Black Hair,Living Characters,33,"1993, July",1993
839,Felicity Smoak (New Earth),Public Identity,Neutral Characters,Blue Eyes,Black Hair,Living Characters,33,"1984, May",1984
840,Jewelee (New Earth),Secret Identity,Bad Characters,Blue Eyes,Blond Hair,Living Characters,33,"1988, July",1988
841,Darla Aquista (New Earth),Secret Identity,Good Characters,Blue Eyes,Black Hair,Living Characters,33,"2004, February",2004
842,Jonathan Fox (New Earth),Secret Identity,Good Characters,Blue Eyes,Black Hair,Living Characters,33,1990,1990
843,Patricia Trayce (New Earth),Secret Identity,Good Characters,Blue Eyes,Blond Hair,Living Characters,33,"1992, January",1992
844,Rod Reilly (New Earth),Secret Identity,Good Characters,Blue Eyes,Brown Hair,Deceased Characters,33,"1941, August",1941
845,May Bennett (New Earth),Unknown,Neutral Characters,Blue Eyes,Brown Hair,Living Characters,33,"1982, July",1982
846,Isuma Yasunari (New Earth),Secret Identity,Good Characters,Brown Eyes,Black Hair,Deceased Characters,33,"1982, June",1982
847,Monitor Bob,Unknown,Neutral Characters,Red Eyes,Black Hair,Deceased Characters,33,"2007, July",2007
848,Ubu (New Earth),Public Identity,Bad Characters,Unknown or None,Unknown or None,Living Characters,33,"1971, June",1971
849,Peter Merkel (New Earth),Secret Identity,Bad Characters,Unknown or None,Red Hair,Deceased Characters,33,"1942, December",1942
850,Lester Buchinsky (New Earth),Secret Identity,Bad Characters,Unknown or None,Unknown or None,Deceased Characters,33,"1992, May",1992
851,Sensei (New Earth),Secret Identity,Bad Characters,Unknown or None,White Hair,Living Characters,33,"1968, December",1968
852,Leroy Johnson (New Earth),Unknown,Good Characters,Unknown or None,Unknown or None,Deceased Characters,33,"1965, April",1965
853,Simon LaGrieve (New Earth),Unknown,Neutral Characters,Unknown or None,Grey Hair,Living Characters,33,"1987, May",1987
854,Marcia King (New Earth),Public Identity,Good Characters,Auburn Hair,Unknown or None,Living Characters,32,"1984, April",1984
855,Hades (New Earth),Public Identity,Neutral Characters,Black Eyes,Black Hair,Living Characters,32,"1941, December",1941
856,Amos Fortune (New Earth),Secret Identity,Bad Characters,Black Eyes,Black Hair,Living Characters,32,"1961, September",1961
857,Aaron Helzinger (New Earth),Secret Identity,Bad Characters,Black Eyes,Unknown or None,Living Characters,32,"1992, August",1992
858,Joseph Martin (New Earth),Secret Identity,Bad Characters,Black Eyes,Unknown or None,Living Characters,32,"1991, October",1991
859,Julian Day (New Earth),Secret Identity,Bad Characters,Black Eyes,Unknown or None,Living Characters,32,"1958, September",1958
860,Ira Quimby (New Earth),Public Identity,Bad Characters,Blue Eyes,Brown Hair,Living Characters,32,"1963, November",1963
861,Atlan (New Earth),Public Identity,Good Characters,Blue Eyes,Blond Hair,Living Characters,32,"1990, July",1990
862,William Vickers (New Earth),Public Identity,Good Characters,Blue Eyes,Blond Hair,Deceased Characters,32,"1984, September",1984
863,Steven Smith (New Earth),Public Identity,Good Characters,Blue Eyes,Blond Hair,Living Characters,32,"1972, October",1972
864,Corky Baxter (New Earth),Public Identity,Good Characters,Blue Eyes,Brown Hair,Deceased Characters,32,"1990, March",1990
865,Marla Bloom (New Earth),Public Identity,Good Characters,Blue Eyes,Unknown or None,Deceased Characters,32,"1984, June",1984
866,Santa Claus,Public Identity,Good Characters,Blue Eyes,White Hair,Living Characters,32,1940,1940
867,Albrecht Krieger (New Earth),Secret Identity,Bad Characters,Blue Eyes,Blond Hair,Living Characters,32,"1995, July",1995
868,Gerri Brauer (Dakotaverse),Secret Identity,Good Characters,Blue Eyes,Blond Hair,Living Characters,32,"1994, January",1994
869,Michelle Carter (New Earth),Secret Identity,Good Characters,Blue Eyes,Blond Hair,Living Characters,32,"1986, July",1986
870,William Tockman (New Earth),Unknown,Bad Characters,Blue Eyes,Black Hair,Deceased Characters,32,"1960, August",1960
871,Boris Ulyanov (New Earth),Unknown,Bad Characters,Blue Eyes,Blond Hair,Living Characters,32,"1986, August",1986
872,Chester Runk (New Earth),Public Identity,Unknown or None,Brown Eyes,Black Hair,Living Characters,32,"1988, February",1988
873,Eric Needham (New Earth),Secret Identity,Bad Characters,Brown Eyes,Black Hair,Living Characters,32,"1976, September",1976
874,Simon Hurt (New Earth),Secret Identity,Bad Characters,Brown Eyes,Brown Hair,Living Characters,32,"1963, June",1963
875,Mortimer Drake (New Earth),Secret Identity,Bad Characters,Brown Eyes,Brown Hair,Living Characters,32,"1943, November",1943
876,Ulysses Hazard (New Earth),Secret Identity,Good Characters,Brown Eyes,Black Hair,Living Characters,32,"1977, August",1977
877,Space Cabby (New Earth),Secret Identity,Unknown or None,Brown Eyes,Brown Hair,Living Characters,32,"1954, September",1954
878,Tweedledum and Tweedledee (New Earth),Secret Identity,Bad Characters,Green Eyes,Unknown or None,Living Characters,32,"1943, April",1943
879,Wendy Kuttler (New Earth),Secret Identity,Good Characters,Green Eyes,Black Hair,Living Characters,32,"2006, May",2006
880,Tawky Tawny (New Earth),Public Identity,Good Characters,Orange Eyes,Orange Hair,Living Characters,32,"1995, June",1995
881,Joshua Saunders (New Earth),Unknown,Good Characters,Red Eyes,Unknown or None,Deceased Characters,32,"1996, June",1996
882,Elinore Lane (New Earth),Public Identity,Good Characters,Unknown or None,Black Hair,Living Characters,32,"1959, November",1959
883,Deadline (New Earth),Secret Identity,Bad Characters,Unknown or None,Unknown or None,Living Characters,32,"1989, October",1989
884,Liri Lee (New Earth),Secret Identity,Good Characters,Unknown or None,Blond Hair,Living Characters,32,"1991, September",1991
885,Aleksandr Creote (New Earth),Secret Identity,Good Characters,Unknown or None,Brown Hair,Living Characters,32,"2003, August",2003
886,Takeo Yakata (New Earth),Secret Identity,Good Characters,Unknown or None,Unknown or None,Deceased Characters,32,"1988, January",1988
887,Harry Chawney (Dakotaverse),Secret Identity,Good Characters,White Eyes,Grey Hair,Living Characters,32,"1994, January",1994
888,William MacIntyre (New Earth),Secret Identity,Good Characters,White Eyes,White Hair,Deceased Characters,32,"1994, August",1994
889,Prince Topaz (New Earth),Public Identity,Good Characters,Yellow Eyes,Blond Hair,Living Characters,32,"1983, August",1983
890,Chandi Gupta (New Earth),Secret Identity,Good Characters,Black Eyes,Black Hair,Living Characters,31,"1993, February",1993
891,Marcus Driver (New Earth),Public Identity,Good Characters,Blue Eyes,Blond Hair,Living Characters,31,"2003, February",2003
892,Andre Twist (New Earth),Secret Identity,Good Characters,Blue Eyes,Blond Hair,Deceased Characters,31,"2006, June",2006
893,Benjamin Lockwood (New Earth),Secret Identity,Good Characters,Blue Eyes,Brown Hair,Deceased Characters,31,"1991, October",1991
894,Jared Morillo (New Earth),Public Identity,Good Characters,Brown Eyes,Black Hair,Living Characters,31,"2001, April",2001
895,Atlanna (New Earth),Public Identity,Good Characters,Brown Eyes,Brown Hair,Deceased Characters,31,"1959, May",1959
896,Lynn Stewart (New Earth),Public Identity,Neutral Characters,Brown Eyes,Black Hair,Living Characters,31,"1977, July",1977
897,Jean-Louis Droo (New Earth),Secret Identity,Bad Characters,Brown Eyes,Black Hair,Living Characters,31,"1981, December",1981
898,Erica Alexandra del Portenza (New Earth),Secret Identity,Bad Characters,Brown Eyes,Brown Hair,Deceased Characters,31,"1995, June",1995
899,David Kim (Dakotaverse),Secret Identity,Good Characters,Brown Eyes,Black Hair,Living Characters,31,"1994, January",1994
900,Flying Fox (New Earth),Secret Identity,Good Characters,Brown Eyes,Black Hair,Living Characters,31,"1987, June",1987
901,Mythus (New Earth),Unknown,Good Characters,Green Eyes,Unknown or None,Deceased Characters,31,"1981, January",1981
902,Roy G. Bivolo (New Earth),Secret Identity,Bad Characters,Grey Eyes,Black Hair,Deceased Characters,31,"1980, June",1980
903,Armand Krol (New Earth),Public Identity,Bad Characters,Unknown or None,Brown Hair,Deceased Characters,31,"1992, August",1992
904,Slushh (New Earth),Public Identity,Bad Characters,Unknown or None,Unknown or None,Living Characters,31,"2007, August",2007
905,Jacob Kane (New Earth),Public Identity,Good Characters,Unknown or None,Unknown or None,Living Characters,31,"2009, August",2009
906,Karon (New Earth),Public Identity,Good Characters,Unknown or None,Unknown or None,Living Characters,31,"2002, June",2002
907,Quislet (Pre-Zero Hour),Public Identity,Good Characters,Unknown or None,Unknown or None,Living Characters,31,"1985, September",1985
908,Apros (New Earth),Public Identity,Good Characters,Unknown or None,Unknown or None,Living Characters,31,"1981, May",1981
909,Gretchen Kelley (New Earth),Public Identity,Unknown or None,Unknown or None,Grey Hair,Living Characters,31,"1987, February",1987
910,Zastrow (New Earth),Secret Identity,Bad Characters,Unknown or None,Unknown or None,Living Characters,31,"1987, August",1987
911,Laira Omoto (New Earth),Secret Identity,Neutral Characters,White Eyes,Red Hair,Deceased Characters,31,"1993, September",1993
912,King Chimera (New Earth),Secret Identity,Good Characters,Black Eyes,Black Hair,Living Characters,30,"2009, April",2009
913,David Cain (New Earth),Public Identity,Bad Characters,Blue Eyes,Grey Hair,Living Characters,30,"1999, July",1999
914,Funky Flashman (New Earth),Public Identity,Bad Characters,Blue Eyes,Unknown or None,Living Characters,30,"1972, February",1972
915,Iluthin (New Earth),Secret Identity,Bad Characters,Blue Eyes,Black Hair,Deceased Characters,30,"1972, April",1972
916,Abel Tarrant (New Earth),Secret Identity,Bad Characters,Blue Eyes,Brown Hair,Deceased Characters,30,"1963, September",1963
917,Daniel Garrett (New Earth),Secret Identity,Good Characters,Blue Eyes,Brown Hair,Deceased Characters,30,"1986, May",1986
918,Wanda Wayland (New Earth),Public Identity,Bad Characters,Brown Eyes,Blond Hair,Living Characters,30,"1982, June",1982
919,Mark Richards (New Earth),Public Identity,Good Characters,Brown Eyes,Black Hair,Living Characters,30,"2006, April",2006
920,Charles Grayson (New Earth),Public Identity,Good Characters,Brown Eyes,Brown Hair,Living Characters,30,"1942, April",1942
921,Nommo (New Earth),Secret Identity,Good Characters,Brown Eyes,Black Hair,Deceased Characters,30,"1982, June",1982
922,Raquel Ervin (Dakotaverse),Secret Identity,Good Characters,Brown Eyes,Brown Hair,Living Characters,30,"1993, May",1993
923,Euboea (New Earth),Unknown,Good Characters,Brown Eyes,Black Hair,Living Characters,30,"1987, November",1987
924,Michael Schorr (New Earth),Public Identity,Good Characters,Green Eyes,Brown Hair,Living Characters,30,"1995, September",1995
925,Rodunn (New Earth),Public Identity,Good Characters,Grey Eyes,Brown Hair,Living Characters,30,"2000, January",2000
926,Mantis (New Earth),Secret Identity,Bad Characters,Orange Eyes,Unknown or None,Deceased Characters,30,"1971, May",1971
927,Kelex (New Earth),Public Identity,Neutral Characters,Photocellular Eyes,Unknown or None,Deceased Characters,30,"1988, February",1988
928,Jinx (New Earth),Secret Identity,Bad Characters,Purple Eyes,Unknown or None,Living Characters,30,"1985, August",1985
929,Percival Clearweather (New Earth),Public Identity,Good Characters,Unknown or None,Brown Hair,Living Characters,30,"1947, September",1947
930,Carl Ferris (New Earth),Public Identity,Good Characters,Unknown or None,White Hair,Living Characters,30,"1959, October",1959
931,Hook (New Earth),Secret Identity,Bad Characters,Unknown or None,Black Hair,Living Characters,30,"1968, March",1968
932,Loren Jupiter (New Earth),Secret Identity,Good Characters,Unknown or None,Grey Hair,Living Characters,30,"1970, February",1970
933,Manga Khan (New Earth),Secret Identity,Neutral Characters,Unknown or None,Unknown or None,Living Characters,30,"1988, June",1988
934,Whit (New Earth),Unknown,Good Characters,Unknown or None,White Hair,Living Characters,30,"1987, May",1987
935,Vashnu (New Earth),Unknown,Neutral Characters,Unknown or None,Unknown or None,Living Characters,30,"1967, October",1967
936,Noddy Toylan (New Earth),Unknown,Unknown or None,Unknown or None,Black Hair,Deceased Characters,30,"1942, June",1942
937,Winky Moylan (New Earth),Unknown,Unknown or None,Unknown or None,Brown Hair,Deceased Characters,30,"1942, June",1942
938,Blinky Boylan (New Earth),Unknown,Unknown or None,Unknown or None,Red Hair,Deceased Characters,30,"1942, June",1942
939,Amon Sur (New Earth),Public Identity,Unknown or None,White Eyes,Unknown or None,Deceased Characters,30,"2003, June",2003
940,Thaddeus Thawne II (New Earth),Secret Identity,Bad Characters,Yellow Eyes,Blond Hair,Deceased Characters,30,"1999, July",1999
941,Heinrich Megala (New Earth),Public Identity,Good Characters,Black Eyes,Red Hair,Deceased Characters,29,"1987, March",1987
942,Amentep (New Earth),Secret Identity,Good Characters,Black Eyes,Black Hair,Living Characters,29,"1940, February",1940
943,Medphyll (New Earth),Secret Identity,Unknown or None,Black Eyes,Unknown or None,Deceased Characters,29,"1962, March",1962
944,Nekron (New Earth),Unknown,Bad Characters,Black Eyes,Unknown or None,Deceased Characters,29,"1981, June",1981
945,Marcus Aelius (New Earth),Public Identity,Good Characters,Blue Eyes,Blond Hair,Living Characters,29,"1994, September",1994
946,Remoni-Notra (New Earth),Secret Identity,Bad Characters,Blue Eyes,Black Hair,Deceased Characters,29,"1976, June",1976
947,Brian Durlin (New Earth),Secret Identity,Good Characters,Blue Eyes,Blond Hair,Living Characters,29,"2003, August",2003
948,Natalia Knight (New Earth),Secret Identity,Unknown or None,Blue Eyes,Black Hair,Living Characters,29,"1983, August",1983
949,Alberto Reyes (New Earth),Public Identity,Good Characters,Brown Eyes,Black Hair,Living Characters,29,"2006, May",2006
950,Bianca Reyes (New Earth),Public Identity,Good Characters,Brown Eyes,Black Hair,Living Characters,29,"2006, May",2006
951,Jamie Harper (New Earth),Public Identity,Good Characters,Brown Eyes,Black Hair,Living Characters,29,"2006, May",2006
952,"Pedro, Ghost Patrol (New Earth)",Public Identity,Good Characters,Brown Eyes,Brown Hair,Deceased Characters,29,"1942, May",1942
953,Hacken (New Earth),Public Identity,Neutral Characters,Brown Eyes,Brown Hair,Living Characters,29,"1996, April",1996
954,Edmund Dorrance (New Earth),Secret Identity,Bad Characters,Brown Eyes,Blond Hair,Deceased Characters,29,"1991, January",1991
955,Angelo Bend (New Earth),Secret Identity,Bad Characters,Brown Eyes,Brown Hair,Living Characters,29,"2002, May",2002
956,Barbara Eileen Gordon (New Earth),Public Identity,Good Characters,Hazel Eyes,Red Hair,Living Characters,29,"1987, February",1987
957,Key (New Earth),Secret Identity,Bad Characters,Red Eyes,White Hair,Living Characters,29,"1965, December",1965
958,John Trujillo (New Earth),Secret Identity,Good Characters,Red Eyes,Black Hair,Living Characters,29,"2006, November",2006
959,Renata Takamori (New Earth),Public Identity,Good Characters,Unknown or None,Black Hair,Living Characters,29,"1988, October",1988
960,John Economos (New Earth),Public Identity,Good Characters,Unknown or None,Brown Hair,Living Characters,29,"1987, May",1987
961,Lorna Hill (New Earth),Public Identity,Good Characters,Unknown or None,Red Hair,Living Characters,29,"1967, October",1967
962,Celia Windward (New Earth),Public Identity,Good Characters,Unknown or None,Unknown or None,Living Characters,29,"1988, January",1988
963,Denise Howard (New Earth),Public Identity,Unknown or None,Unknown or None,Brown Hair,Living Characters,29,"1984, April",1984
964,Benjamin Krullen (New Earth),Secret Identity,Bad Characters,Unknown or None,Unknown or None,Deceased Characters,29,"1988, July",1988
965,Gregorio de la Vega (New Earth),Secret Identity,Good Characters,Unknown or None,Black Hair,Living Characters,29,"1988, January",1988
966,Joseph Carny (New Earth),Unknown,Bad Characters,Unknown or None,Unknown or None,Living Characters,29,"1982, June",1982
967,Clarice Winston (New Earth),Unknown,Good Characters,Unknown or None,Brown Hair,Living Characters,29,"1940, February",1940
968,Arnold Burnsteel (New Earth),Public Identity,Good Characters,White Eyes,Black Hair,Living Characters,29,"1994, November",1994
969,Romat-Ru (New Earth),Public Identity,Bad Characters,Black Eyes,Unknown or None,Living Characters,28,"2007, August",2007
970,Ghast (New Earth),Unknown,Bad Characters,Black Eyes,Black Hair,Living Characters,28,"1962, March",1962
971,Virman Vundabar (New Earth),Public Identity,Bad Characters,Blue Eyes,Black Hair,Living Characters,28,"1971, December",1971
972,Bonny Hoffman (New Earth),Public Identity,Bad Characters,Blue Eyes,Blond Hair,Living Characters,28,"1997, May",1997
973,Lyrissa Mallor (New Earth),Public Identity,Good Characters,Blue Eyes,Black Hair,Deceased Characters,28,"1989, February",1989
974,Zazzala (New Earth),Secret Identity,Bad Characters,Blue Eyes,Black Hair,Living Characters,28,"1963, November",1963
975,Matthew Hagen (New Earth),Secret Identity,Bad Characters,Blue Eyes,Blond Hair,Deceased Characters,28,"1961, December",1961
976,Candace Jean Gennaro (New Earth),Secret Identity,Good Characters,Blue Eyes,Black Hair,Living Characters,28,"2002, February",2002
977,Hope Taya (New Earth),Public Identity,Bad Characters,Brown Eyes,Black Hair,Living Characters,28,"1999, December",1999
978,Salvatore Maroni (New Earth),Public Identity,Bad Characters,Brown Eyes,Brown Hair,Deceased Characters,28,"1942, August",1942
979,Deborah Tiegel (New Earth),Public Identity,Good Characters,Brown Eyes,Black Hair,Living Characters,28,"1994, March",1994
980,Star Hawkins (New Earth),Public Identity,Good Characters,Brown Eyes,Black Hair,Deceased Characters,28,"1960, March",1960
981,Ravan (New Earth),Secret Identity,Bad Characters,Brown Eyes,Black Hair,Deceased Characters,28,"1987, May",1987
982,Celia Forrestal (New Earth),Secret Identity,Good Characters,Brown Eyes,Black Hair,Living Characters,28,"2002, February",2002
983,Gary Washington (New Earth),Secret Identity,Good Characters,Brown Eyes,Black Hair,Living Characters,28,"1985, December",1985
984,Steven Lombard (New Earth),Public Identity,Neutral Characters,Green Eyes,Red Hair,Living Characters,28,"1989, October",1989
985,Lagoon Boy (New Earth),Secret Identity,Good Characters,Red Eyes,Unknown or None,Living Characters,28,"1998, December",1998
986,Deimos (New Earth),Public Identity,Bad Characters,Unknown or None,Black Hair,Living Characters,28,"1975, November",1975
987,Avery Carlton Sunderland (New Earth),Public Identity,Bad Characters,Unknown or None,White Hair,Deceased Characters,28,"1982, October",1982
988,Thorndyke Thompkins (New Earth),Public Identity,Good Characters,Unknown or None,Unknown or None,Living Characters,28,"1940, November",1940
989,Dabney Donovan (New Earth),Secret Identity,Bad Characters,Unknown or None,Black Hair,Living Characters,28,"1990, June",1990
990,Cassius Payne (New Earth),Secret Identity,Bad Characters,Unknown or None,Unknown or None,Living Characters,28,"1994, May",1994
991,"Slim, Ghost Patrol (New Earth)",Secret Identity,Good Characters,Unknown or None,Blond Hair,Deceased Characters,28,"1942, May",1942
992,Bertron Diib (New Earth),Secret Identity,Good Characters,Unknown or None,Unknown or None,Deceased Characters,28,"1991, August",1991
993,Hugh Hazzard (New Earth),Secret Identity,Good Characters,Unknown or None,Unknown or None,Living Characters,28,"1939, August",1939
994,Gehenna (New Earth),Unknown,Good Characters,Unknown or None,Brown Hair,Deceased Characters,28,"2005, November",2005
995,Jack Jordan (New Earth),Unknown,Good Characters,Unknown or None,Brown Hair,Living Characters,28,"1961, December",1961
996,Robin Hood (New Earth),Unknown,Good Characters,Unknown or None,Brown Hair,Living Characters,28,"1938, January",1938
997,Susan Linden I (New Earth),Secret Identity,Good Characters,Violet Eyes,Violet Hair,Deceased Characters,28,"1973, August",1973
998,Torquemada (New Earth),Public Identity,Good Characters,White Eyes,Unknown or None,Living Characters,28,"1993, March",1993
999,Mona Taylor (New Earth),Public Identity,Bad Characters,Black Eyes,Black Hair,Living Characters,27,"1982, June",1982
1000,Roland (New Earth),Public Identity,Good Characters,Black Eyes,Brown Hair,Living Characters,27,"1995, June",1995
1001,Drax (New Earth),Secret Identity,Good Characters,Black Eyes,Unknown or None,Living Characters,27,"1971, March",1971
1002,Theresa Collins (New Earth),Public Identity,Good Characters,Blue Eyes,Red Hair,Living Characters,27,"1986, February",1986
1003,Epoch (New Earth),Secret Identity,Bad Characters,Blue Eyes,Black Hair,Living Characters,27,"1962, March",1962
1004,Martin van Wyck (New Earth),Secret Identity,Bad Characters,Blue Eyes,Blond Hair,Deceased Characters,27,"1999, March",1999
1005,Elizabeth Thorne (New Earth),Secret Identity,Good Characters,Blue Eyes,Black Hair,Living Characters,27,"1987, September",1987
1006,Carmen Leno (New Earth),Public Identity,Bad Characters,Brown Eyes,Black Hair,Living Characters,27,"1997, May",1997
1007,Rupert Thorne (New Earth),Public Identity,Bad Characters,Brown Eyes,White Hair,Living Characters,27,"1977, May",1977
1008,Lori Lemaris (New Earth),Public Identity,Good Characters,Brown Eyes,Brown Hair,Living Characters,27,"1987, December",1987
1009,Rose Lewis (New Earth),Public Identity,Good Characters,Brown Eyes,Red Hair,Living Characters,27,"1990, June",1990
1010,Tong (New Earth),Public Identity,Good Characters,Brown Eyes,Unknown or None,Living Characters,27,"1938, June",1938
1011,Robert West (New Earth),Public Identity,Unknown or None,Brown Eyes,Brown Hair,Deceased Characters,27,"1960, November",1960
1012,Michael Christian Amar (New Earth),Secret Identity,Bad Characters,Brown Eyes,Grey Hair,Living Characters,27,"2001, August",2001
1013,Geoffrey Barron (New Earth),Secret Identity,Good Characters,Brown Eyes,Black Hair,Living Characters,27,"1993, November",1993
1014,Karras (New Earth),Public Identity,Good Characters,Green Eyes,Brown Hair,Deceased Characters,27,"1985, July",1985
1015,Shlagen (New Earth),Public Identity,Unknown or None,Orange Eyes,Unknown or None,Living Characters,27,"1983, June",1983
1016,Robot F2324 (New Earth),Public Identity,Good Characters,Photocellular Eyes,Unknown or None,Living Characters,27,"1960, March",1960
1017,Lyssa Drak (New Earth),Public Identity,Bad Characters,Red Eyes,Black Hair,Living Characters,27,"2007, May",2007
1018,Dark Opal (New Earth),Public Identity,Bad Characters,Red Eyes,Black Hair,Deceased Characters,27,"1983, April",1983
1019,Dirk Davis (New Earth),Public Identity,Bad Characters,Unknown or None,Red Hair,Living Characters,27,"1986, February",1986
1020,Glomulus (New Earth),Public Identity,Bad Characters,Unknown or None,Unknown or None,Living Characters,27,"2009, April",2009
1021,Sharon Scott (New Earth),Public Identity,Good Characters,Unknown or None,Blond Hair,Living Characters,27,"1984, June",1984
1022,"Fred, Ghost Patrol (New Earth)",Public Identity,Good Characters,Unknown or None,Brown Hair,Deceased Characters,27,"1942, May",1942
1023,William Clinton (New Earth),Public Identity,Good Characters,Unknown or None,Grey Hair,Living Characters,27,"1993, February",1993
1024,Rebecca Carstairs (New Earth),Public Identity,Good Characters,Unknown or None,Red Hair,Living Characters,27,"2002, February",2002
1025,Tiny (New Earth),Public Identity,Good Characters,Unknown or None,Unknown or None,Living Characters,27,"1967, October",1967
1026,Destiny (New Earth),Secret Identity,Neutral Characters,Unknown or None,Unknown or None,Living Characters,27,"1972, August",1972
1027,Florence Crawley (New Earth),Unknown,Good Characters,Unknown or None,Black Hair,Deceased Characters,27,"1987, May",1987
1028,Athena Tremor (New Earth),Unknown,Good Characters,Unknown or None,Blond Hair,Living Characters,27,"1966, June",1966
1029,David Lincoln (New Earth),Unknown,Good Characters,Unknown or None,Brown Hair,Living Characters,27,"1971, March",1971
1030,Flora Black (New Earth),Secret Identity,Neutral Characters,Violet Eyes,Violet Hair,Deceased Characters,27,"1988, December",1988
1031,Wotan (New Earth),Secret Identity,Bad Characters,Black Eyes,Green Hair,Living Characters,26,"1940, May",1940
1032,"James Gordon, Jr. (New Earth)",Public Identity,Bad Characters,Blue Eyes,Red Hair,Living Characters,26,"1987, May",1987
1033,Susan Williams (New Earth),Public Identity,Good Characters,Blue Eyes,Blond Hair,Living Characters,26,"1961, December",1961
1034,Carl Andrew Bork (New Earth),Public Identity,Good Characters,Blue Eyes,Brown Hair,Living Characters,26,"1969, January",1969
1035,Pythia II (New Earth),Public Identity,Good Characters,Blue Eyes,White Hair,Living Characters,26,"1988, October",1988
1036,Silver St. Cloud (New Earth),Public Identity,Unknown or None,Blue Eyes,Silver Hair,Deceased Characters,26,"1977, June",1977
1037,Evil Star (New Earth),Secret Identity,Bad Characters,Blue Eyes,Blond Hair,Living Characters,26,"1965, June",1965
1038,Matthew Ryder (Armageddon 2001),Secret Identity,Good Characters,Blue Eyes,Blond Hair,Deceased Characters,26,"1991, May",1991
1039,Summer Day (New Earth),Secret Identity,Neutral Characters,Blue Eyes,Brown Hair,Deceased Characters,26,"1978, September",1978
1040,Dufus P. Ratchet (New Earth),Secret Identity,Unknown or None,Blue Eyes,Unknown or None,Deceased Characters,26,"1984, October",1984
1041,Weng Chan (New Earth),Public Identity,Good Characters,Brown Eyes,Black Hair,Living Characters,26,"1988, March",1988
1042,Lord Garnet (New Earth),Public Identity,Good Characters,Brown Eyes,Black Hair,Living Characters,26,"1983, October",1983
1043,Kevin Franklin (Dakotaverse),Public Identity,Good Characters,Brown Eyes,Brown Hair,Living Characters,26,"1993, June",1993
1044,Kahina Eskandari (Dakotaverse),Secret Identity,Good Characters,Brown Eyes,Black Hair,Living Characters,26,"1994, January",1994
1045,Shyleen Lao (New Earth),Secret Identity,Good Characters,Brown Eyes,Blond Hair,Deceased Characters,26,"2001, December",2001
1046,Mi-Sun Kwon (New Earth),Secret Identity,Good Characters,Brown Eyes,Brown Hair,Deceased Characters,26,"2004, May",2004
1047,Isadora Wellington-Smythe (Dakotaverse),Secret Identity,Good Characters,Brown Eyes,Brown Hair,Living Characters,26,"1994, January",1994
1048,Lester Colt (New Earth),Secret Identity,Good Characters,Brown Eyes,Unknown or None,Living Characters,26,"2006, July",2006
1049,Vesper Fairchild (New Earth),Public Identity,Good Characters,Green Eyes,Unknown or None,Deceased Characters,26,"1997, March",1997
1050,Sam Simeon (New Earth),Secret Identity,Good Characters,Hazel Eyes,Black Hair,Living Characters,26,"1968, September",1968
1051,Marco Polo (New Earth),Public Identity,Good Characters,Unknown or None,Black Hair,Living Characters,26,"1938, June",1938
1052,Richard Rawlins (New Earth),Public Identity,Good Characters,Unknown or None,Blond Hair,Living Characters,26,"1961, May",1961
1053,Celia Penbrook (New Earth),Public Identity,Good Characters,Unknown or None,Blond Hair,Living Characters,26,"1955, September",1955
1054,Lena Luthor II (New Earth),Public Identity,Neutral Characters,Unknown or None,Unknown or None,Living Characters,26,"1998, January",1998
1055,William Pettit (New Earth),Public Identity,Neutral Characters,Unknown or None,White Hair,Deceased Characters,26,"1996, February",1996
1056,Hannibal Bates (New Earth),Secret Identity,Bad Characters,Unknown or None,Unknown or None,Deceased Characters,26,"2006, July",2006
1057,Thomas Rogers (New Earth),Secret Identity,Good Characters,Unknown or None,Black Hair,Living Characters,26,"1942, January",1942
1058,Erik Storn (New Earth),Secret Identity,Good Characters,Unknown or None,Brown Hair,Deceased Characters,26,"2006, July",2006
1059,Weird (New Earth),Secret Identity,Good Characters,Unknown or None,Unknown or None,Living Characters,26,"1988, April",1988
1060,Myron Victor (New Earth),Unknown,Good Characters,Unknown or None,Brown Hair,Living Characters,26,"1966, June",1966
1061,Wonder Boy (Earth-X),Unknown,Unknown or None,Unknown or None,Black Hair,Living Characters,26,"1940, July",1940
1062,Mrs. McIlvaine (New Earth),Unknown,Unknown or None,Unknown or None,Grey Hair,Living Characters,26,"1993, February",1993
1063,Kryb (New Earth),Public Identity,Bad Characters,Black Eyes,Black Hair,Deceased Characters,25,"2007, August",2007
1064,Xax (New Earth),Secret Identity,Good Characters,Black Eyes,Unknown or None,Deceased Characters,25,"1961, December",1961
1065,Valda (New Earth),Public Identity,Good Characters,Blue Eyes,Brown Hair,Living Characters,25,"1981, November",1981
1066,Carl Nelligan (New Earth),Public Identity,Neutral Characters,Blue Eyes,Black Hair,Living Characters,25,"1983, April",1983
1067,Eros (New Earth),Public Identity,Neutral Characters,Blue Eyes,Blond Hair,Living Characters,25,"1981, April",1981
1068,Nathaniel Tryon (New Earth),Secret Identity,Bad Characters,Blue Eyes,Black Hair,Deceased Characters,25,"1981, November",1981
1069,Grant Wilson (New Earth),Secret Identity,Bad Characters,Blue Eyes,Blond Hair,Deceased Characters,25,"1980, November",1980
1070,Christopher Freeman (New Earth),Secret Identity,Good Characters,Blue Eyes,Black Hair,Living Characters,25,"1942, December",1942
1071,Uno (New Earth),Secret Identity,Good Characters,Blue Eyes,Blond Hair,Deceased Characters,25,"1996, August",1996
1072,Jarras Minion (New Earth),Secret Identity,Good Characters,Blue Eyes,Green Hair,Living Characters,25,"1994, September",1994
1073,Joseph Higgins (New Earth),Secret Identity,Good Characters,Blue Eyes,Red Hair,Living Characters,25,"2009, July",2009
1074,Firehair (New Earth),Secret Identity,Good Characters,Blue Eyes,Red Hair,Living Characters,25,"1969, September",1969
1075,Bonnie King (New Earth),Secret Identity,Unknown or None,Blue Eyes,Blond Hair,Living Characters,25,"1960, November",1960
1076,Wildstar (New Earth),Public Identity,Good Characters,Brown Eyes,Black Hair,Living Characters,25,"2009, May",2009
1077,Valcan (New Earth),Public Identity,Good Characters,Brown Eyes,Black Hair,Living Characters,25,"1975, June",1975
1078,Alvin Rusch (New Earth),Public Identity,Neutral Characters,Brown Eyes,Unknown or None,Living Characters,25,"2004, July",2004
1079,Jerry McGee (New Earth),Public Identity,Unknown or None,Brown Eyes,Black Hair,Living Characters,25,"1987, October",1987
1080,Clyde Phillips (New Earth),Secret Identity,Bad Characters,Brown Eyes,Brown Hair,Deceased Characters,25,"1988, July",1988
1081,Eric Morden (New Earth),Secret Identity,Bad Characters,Brown Eyes,Brown Hair,Living Characters,25,"1964, March",1964
1082,Manitou Dawn (New Earth),Secret Identity,Good Characters,Brown Eyes,Black Hair,Living Characters,25,"2003, January",2003
1083,Gavin King (New Earth),Secret Identity,Good Characters,Brown Eyes,Black Hair,Deceased Characters,25,"2001, October",2001
1084,Donald Fite (New Earth),Secret Identity,Good Characters,Brown Eyes,Black Hair,Living Characters,25,"1998, September",1998
1085,Thomas N. Thomas (New Earth),Secret Identity,Good Characters,Brown Eyes,Brown Hair,Deceased Characters,25,"1942, April",1942
1086,Lady Turquoise (New Earth),Public Identity,Good Characters,Green Eyes,Red Hair,Living Characters,25,"1983, November",1983
1087,Helena Kyle (New Earth),Public Identity,Neutral Characters,Green Eyes,Brown Hair,Living Characters,25,"2006, May",2006
1088,Nash (New Earth),Secret Identity,Bad Characters,Grey Eyes,Black Hair,Deceased Characters,25,"1994, October",1994
1089,Felicity (New Earth),Public Identity,Good Characters,Pink Eyes,White Hair,Deceased Characters,25,"1983, July",1983
1090,Baytor (New Earth),Public Identity,Unknown or None,Red Eyes,Unknown or None,Living Characters,25,"1994, January",1994
1091,Preston Payne (New Earth),Secret Identity,Bad Characters,Red Eyes,Unknown or None,Deceased Characters,25,"1978, June",1978
1092,Damon Matthews (New Earth),Public Identity,Good Characters,Unknown or None,Blond Hair,Living Characters,25,"2004, October",2004
1093,Sardonyx (New Earth),Public Identity,Neutral Characters,Unknown or None,Black Hair,Living Characters,25,"1983, April",1983
1094,Sidney Speck (New Earth),Secret Identity,Good Characters,Unknown or None,Brown Hair,Living Characters,25,"1996, December",1996
1095,Luke McKendrick (New Earth),Secret Identity,Good Characters,Unknown or None,Brown Hair,Living Characters,25,"1988, May",1988
1096,Victor Sommers (New Earth),Secret Identity,Good Characters,Unknown or None,Brown Hair,Living Characters,25,"1988, May",1988
1097,Princess Emerald III (New Earth),Secret Identity,Good Characters,Unknown or None,Brown Hair,Living Characters,25,"1983, December",1983
1098,Maria Verdugo (New Earth),Secret Identity,Good Characters,Unknown or None,Red Hair,Living Characters,25,"1988, May",1988
1099,Lucien (New Earth),Secret Identity,Neutral Characters,Unknown or None,Brown Hair,Living Characters,25,"1975, June",1975
1100,Penelope (New Earth),Unknown,Good Characters,Unknown or None,Black Hair,Living Characters,25,"1988, October",1988
1101,Herman Cramer (New Earth),Unknown,Good Characters,Unknown or None,Unknown or None,Living Characters,25,"1966, June",1966
1102,Carlo di Rienzi (New Earth),Unknown,Unknown or None,Unknown or None,Black Hair,Deceased Characters,25,"1968, May",1968
1103,Daniel Evans (New Earth),Public Identity,Good Characters,Black Eyes,Black Hair,Living Characters,24,"2002, May",2002
1104,Morro (New Earth),Unknown,Good Characters,Black Eyes,Unknown or None,Living Characters,24,"2006, July",2006
1105,Wayne Tarrant (New Earth),Public Identity,Good Characters,Blue Eyes,Black Hair,Living Characters,24,"1984, June",1984
1106,Kreon (New Earth),Public Identity,Good Characters,Blue Eyes,Blond Hair,Deceased Characters,24,"1992, March",1992
1107,Nicholas Kovak (New Earth),Secret Identity,Good Characters,Blue Eyes,Black Hair,Living Characters,24,1993,1993
1108,Peter Cannon (New Earth),Secret Identity,Good Characters,Blue Eyes,Blond Hair,Living Characters,24,"1992, September",1992
1109,Mark Mandrill (New Earth),Unknown,Bad Characters,Blue Eyes,White Hair,Living Characters,24,"1961, April",1961
1110,Anthony Zucco (New Earth),Public Identity,Bad Characters,Brown Eyes,Black Hair,Deceased Characters,24,"1940, April",1940
1111,Paul Westfield (New Earth),Public Identity,Bad Characters,Brown Eyes,Brown Hair,Deceased Characters,24,"1991, August",1991
1112,Carmine Falcone (New Earth),Public Identity,Bad Characters,Brown Eyes,White Hair,Deceased Characters,24,"1987, February",1987
1113,James Forrest (New Earth),Public Identity,Good Characters,Brown Eyes,Black Hair,Living Characters,24,"2009, July",2009
1114,Wyynde (New Earth),Public Identity,Good Characters,Brown Eyes,Black Hair,Living Characters,24,"1982, April",1982
1115,Milagro Reyes (New Earth),Public Identity,Unknown or None,Brown Eyes,Black Hair,Living Characters,24,"2006, May",2006
1116,Franklin Berkowitz (New Earth),Public Identity,Unknown or None,Brown Eyes,Grey Hair,Deceased Characters,24,"1986, November",1986
1117,Fero (New Earth),Secret Identity,Good Characters,Brown Eyes,Black Hair,Living Characters,24,"1973, January",1973
1118,Martin Allard (New Earth),Unknown,Unknown or None,Brown Eyes,Brown Hair,Living Characters,24,"1987, March",1987
1119,Lambien (New Earth),Secret Identity,Neutral Characters,Gold Eyes,Gold Hair,Living Characters,24,"1981, June",1981
1120,Andrew Van Horn (New Earth),Secret Identity,Good Characters,Green Eyes,Red Hair,Living Characters,24,"1993, October",1993
1121,Sarah Olsen (New Earth),Unknown,Unknown or None,Green Eyes,White Hair,Living Characters,24,"1988, March",1988
1122,Kilg%re (New Earth),Public Identity,Bad Characters,Photocellular Eyes,Unknown or None,Living Characters,24,"1987, August",1987
1123,Doctor Bedlam (New Earth),Secret Identity,Bad Characters,Photocellular Eyes,Unknown or None,Deceased Characters,24,"1971, June",1971
1124,Rebecca Jones (New Earth),Secret Identity,Bad Characters,Red Eyes,Blue Hair,Living Characters,24,"1984, March",1984
1125,Roderick Rose (New Earth),Secret Identity,Bad Characters,Red Eyes,Unknown or None,Living Characters,24,"1968, November",1968
1126,Ulysses Hadrian Armstrong (New Earth),Public Identity,Bad Characters,Unknown or None,Brown Hair,Living Characters,24,"1992, December",1992
1127,Philo Zeiss (New Earth),Public Identity,Bad Characters,Unknown or None,Unknown or None,Living Characters,24,"2000, October",2000
1128,Herbert Simms (New Earth),Public Identity,Good Characters,Unknown or None,Black Hair,Living Characters,24,"1942, January",1942
1129,Linda Olsen Ridge (New Earth),Public Identity,Good Characters,Unknown or None,Red Hair,Deceased Characters,24,"1972, November",1972
1130,Krypto the Earth Dog (New Earth),Public Identity,Neutral Characters,Unknown or None,White Hair,Living Characters,24,"1993, June",1993
1131,Anthony Mantegna (New Earth),Secret Identity,Good Characters,Unknown or None,Black Hair,Living Characters,24,"1988, May",1988
1132,Angela St. Grace (New Earth),Secret Identity,Good Characters,Unknown or None,Blond Hair,Living Characters,24,"2001, June",2001
1133,Lindsay Wah (New Earth),Secret Identity,Good Characters,Unknown or None,Purple Hair,Living Characters,24,"1996, September",1996
1134,Phillip Cobb (New Earth),Unknown,Bad Characters,Unknown or None,Brown Hair,Living Characters,24,"1957, December",1957
1135,Heatstroke (New Earth),Unknown,Bad Characters,Unknown or None,Red Hair,Living Characters,24,"1984, April",1984
1136,Coldsnap (New Earth),Unknown,Bad Characters,Unknown or None,White Hair,Living Characters,24,"1984, April",1984
1137,Alpheus Hyatt (New Earth),Unknown,Good Characters,Unknown or None,Unknown or None,Living Characters,24,"1962, November",1962
1138,Peter Robinson (New Earth),Unknown,Neutral Characters,Unknown or None,Black Hair,Living Characters,24,"2004, November",2004
1139,Joseph Monteleone (New Earth),Secret Identity,Bad Characters,Yellow Eyes,Unknown or None,Living Characters,24,"2001, July",2001
1140,Freak (New Earth),Secret Identity,Good Characters,Amber Eyes,Black Hair,Living Characters,23,"2001, December",2001
1141,Karu-Sil (New Earth),Public Identity,Bad Characters,Black Eyes,Brown Hair,Living Characters,23,"2007, June",2007
1142,Ratchet (New Earth),Public Identity,Bad Characters,Blue Eyes,Unknown or None,Deceased Characters,23,"2008, December",2008
1143,Kirk DePaul (New Earth),Public Identity,Good Characters,Blue Eyes,Brown Hair,Deceased Characters,23,"2002, February",2002
1144,Mikhail Gorbachev (New Earth),Public Identity,Unknown or None,Blue Eyes,Unknown or None,Living Characters,23,"1985, November",1985
1145,Lawrence Lance (New Earth),Public Identity,Unknown or None,Blue Eyes,Blond Hair,Deceased Characters,23,"1948, February",1948
1146,Tannarak (New Earth),Secret Identity,Bad Characters,Blue Eyes,Black Hair,Living Characters,23,"1970, December",1970
1147,Albert Michaels (New Earth),Secret Identity,Bad Characters,Blue Eyes,Blond Hair,Living Characters,23,"1978, May",1978
1148,David Drake (New Earth),Secret Identity,Bad Characters,Blue Eyes,Unknown or None,Living Characters,23,"1981, February",1981
1149,Holly Granger (New Earth),Secret Identity,Good Characters,Blue Eyes,Red Hair,Deceased Characters,23,"2005, May",2005
1150,Zoanne Wilkins (New Earth),Public Identity,Good Characters,Brown Eyes,Black Hair,Living Characters,23,"2006, July",2006
1151,Victor Darge (New Earth),Public Identity,Good Characters,Brown Eyes,Brown Hair,Living Characters,23,"2001, December",2001
1152,Theodore Bruder (New Earth),Public Identity,Good Characters,Brown Eyes,Orange Hair,Living Characters,23,"2001, December",2001
1153,Guillermo Barrera (New Earth),Secret Identity,Bad Characters,Brown Eyes,Black Hair,Living Characters,23,"1998, July",1998
1154,Aristides Demetrios (New Earth),Secret Identity,Good Characters,Brown Eyes,Black Hair,Living Characters,23,"1982, June",1982
1155,Stella Maxwell (Dakotaverse),Secret Identity,Good Characters,Brown Eyes,Brown Hair,Living Characters,23,"1994, December",1994
1156,Ladonna Jameal (New Earth),Secret Identity,Good Characters,Brown Eyes,Brown Hair,Living Characters,23,"1988, May",1988
1157,Richard Stanton (New Earth),Secret Identity,Good Characters,Brown Eyes,Unknown or None,Deceased Characters,23,"1940, May",1940
1158,Dummy (New Earth),Unknown,Bad Characters,Brown Eyes,Brown Hair,Living Characters,23,"1941, December",1941
1159,Mason Trollbridge (New Earth),Unknown,Unknown or None,Brown Eyes,Brown Hair,Living Characters,23,"1988, August",1988
1160,Steppenwolf (New Earth),Public Identity,Bad Characters,Red Eyes,Black Hair,Deceased Characters,23,"1972, March",1972
1161,Cronus (New Earth),Public Identity,Bad Characters,Red Eyes,White Hair,Living Characters,23,"1941, December",1941
1162,Medusa (New Earth),Public Identity,Bad Characters,Unknown or None,Unknown or None,Living Characters,23,"1964, October",1964
1163,Abraham Lincoln (New Earth),Public Identity,Good Characters,Unknown or None,Black Hair,Living Characters,23,"1950, September",1950
1164,Woodley Allen (New Earth),Public Identity,Good Characters,Unknown or None,Brown Hair,Living Characters,23,"1941, April",1941
1165,Robert Long (New Earth),Public Identity,Good Characters,Unknown or None,Unknown or None,Living Characters,23,"1987, March",1987
1166,Saul Erdel (New Earth),Public Identity,Good Characters,Unknown or None,White Hair,Living Characters,23,"1955, November",1955
1167,Hestia (New Earth),Public Identity,Neutral Characters,Unknown or None,Unknown or None,Living Characters,23,"1987, February",1987
1168,Karl Hellfern (New Earth),Secret Identity,Bad Characters,Unknown or None,Black Hair,Living Characters,23,"1939, July",1939
1169,Jane Doe (New Earth),Secret Identity,Bad Characters,Unknown or None,Brown Hair,Living Characters,23,"2003, July",2003
1170,Qwewq (New Earth),Secret Identity,Bad Characters,Unknown or None,Unknown or None,Deceased Characters,23,"1972, August",1972
1171,Rath (New Earth),Secret Identity,Bad Characters,Unknown or None,Unknown or None,Living Characters,23,"1962, March",1962
1172,Gerome McKenna (New Earth),Secret Identity,Good Characters,Unknown or None,Black Hair,Deceased Characters,23,"2006, July",2006
1173,Timothy Zanetti (New Earth),Secret Identity,Good Characters,Unknown or None,Unknown or None,Deceased Characters,23,"2005, March",2005
1174,Bandage People,Secret Identity,Good Characters,Unknown or None,Unknown or None,Living Characters,23,"1993, June",1993
1175,Charon (New Earth),Secret Identity,Neutral Characters,Unknown or None,Unknown or None,Living Characters,23,"1982, August",1982
1176,Jillian Jackson (New Earth),Unknown,Good Characters,Unknown or None,Blond Hair,Living Characters,23,"1965, November",1965
1177,Richard Mehlville (New Earth),Unknown,Good Characters,Unknown or None,Blond Hair,Living Characters,23,"1942, January",1942
1178,David Singh (New Earth),Unknown,Good Characters,Unknown or None,Brown Hair,Living Characters,23,"2010, May",2010
1179,Leander Brent (New Earth),Unknown,Good Characters,Unknown or None,Unknown or None,Living Characters,23,"1966, June",1966
1180,Thor the Thunder Dog (New Earth),Unknown,Good Characters,Unknown or None,Unknown or None,Living Characters,23,"1942, March",1942
1181,Mokkari (New Earth),Secret Identity,Bad Characters,White Eyes,Unknown or None,Living Characters,23,"1971, January",1971
1182,Citrina (New Earth),Public Identity,Good Characters,Yellow Eyes,Unknown or None,Living Characters,23,"1983, April",1983
1183,Streaky (New Earth),Public Identity,Neutral Characters,Yellow Eyes,Orange Hair,Living Characters,23,"2006, November",2006
1184,Kent Connor (New Earth),Secret Identity,Bad Characters,Black Eyes,Black Hair,Deceased Characters,22,"1997, January",1997
1185,Abnegazar (New Earth),Secret Identity,Bad Characters,Black Eyes,Unknown or None,Living Characters,22,"1962, March",1962
1186,Vortex (New Earth),Secret Identity,Good Characters,Black Eyes,Unknown or None,Living Characters,22,"2004, May",2004
1187,Ace Arn (New Earth),Secret Identity,Good Characters,Black Eyes,White Hair,Living Characters,22,"1965, November",1965
1188,Geoffrey Thibodeux (New Earth),Unknown,Bad Characters,Black Eyes,Unknown or None,Living Characters,22,"1985, January",1985
1189,Otis Flannegan (New Earth),Public Identity,Bad Characters,Blue Eyes,Blond Hair,Deceased Characters,22,"1988, April",1988
1190,Cornelius Stirk (New Earth),Public Identity,Bad Characters,Blue Eyes,Unknown or None,Living Characters,22,"1988, November",1988
1191,Anton Lamont (New Earth),Secret Identity,Bad Characters,Blue Eyes,White Hair,Living Characters,22,"1978, October",1978
1192,David Clark (New Earth),Secret Identity,Good Characters,Blue Eyes,Black Hair,Living Characters,22,"1941, January",1941
1193,Liam McHugh (New Earth),Secret Identity,Good Characters,Blue Eyes,Blond Hair,Living Characters,22,"1994, March",1994
1194,Alicia Collins (New Earth),Secret Identity,Good Characters,Blue Eyes,Green Hair,Living Characters,22,"1992, April",1992
1195,Father Time (New Earth),Secret Identity,Neutral Characters,Blue Eyes,Black Hair,Living Characters,22,"2006, April",2006
1196,Walter Johnson I (New Earth),Public Identity,Good Characters,Brown Eyes,Black Hair,Deceased Characters,22,1988,1988
1197,Nicholas Bromfield (New Earth),Public Identity,Good Characters,Brown Eyes,Brown Hair,Living Characters,22,"1995, December",1995
1198,Brian Arsala (New Earth),Public Identity,Good Characters,Brown Eyes,Brown Hair,Deceased Characters,22,"1988, December",1988
1199,Lyle Bolton (New Earth),Secret Identity,Bad Characters,Brown Eyes,Black Hair,Living Characters,22,"1996, January",1996
1200,Wayne Hawkins (New Earth),Secret Identity,Good Characters,Brown Eyes,Black Hair,Deceased Characters,22,"1988, January",1988
1201,Santiago Vargas (New Earth),Secret Identity,Good Characters,Brown Eyes,Black Hair,Living Characters,22,"1955, January",1955
1202,Jackson Davies (New Earth),Unknown,Good Characters,Brown Eyes,Black Hair,Living Characters,22,"2003, February",2003
1203,Shorm (New Earth),Public Identity,Good Characters,Green Eyes,Unknown or None,Living Characters,22,"2005, November",2005
1204,Phobos (New Earth),Public Identity,Bad Characters,Red Eyes,Red Hair,Living Characters,22,"1969, August",1969
1205,Myndi Mayer (New Earth),Public Identity,Good Characters,Unknown or None,Black Hair,Deceased Characters,22,"1987, August",1987
1206,Norman Paxton (New Earth),Public Identity,Good Characters,Unknown or None,Black Hair,Living Characters,22,"1984, June",1984
1207,Herbert Winston (New Earth),Public Identity,Good Characters,Unknown or None,Black Hair,Living Characters,22,"1983, May",1983
1208,Marion Winston (New Earth),Public Identity,Good Characters,Unknown or None,Strawberry Blond Hair,Living Characters,22,"1983, May",1983
1209,Tribulus (New Earth),Public Identity,Neutral Characters,Unknown or None,Unknown or None,Living Characters,22,"2009, April",2009
1210,Bird (New Earth),Secret Identity,Unknown or None,Unknown or None,Blond Hair,Living Characters,22,"1993, January",1993
1211,Child and Flaw (New Earth),Unknown,Bad Characters,Unknown or None,Unknown or None,Living Characters,22,"1986, June",1986
1212,Andrew Flint (New Earth),Unknown,Good Characters,Unknown or None,Black Hair,Living Characters,22,"1987, September",1987
1213,William King (New Earth),Unknown,Good Characters,Unknown or None,Brown Hair,Living Characters,22,"1966, June",1966
1214,Atlee (New Earth),Secret Identity,Good Characters,Violet Eyes,Black Hair,Living Characters,22,"2007, January",2007
1215,Alix Harrower (New Earth),Secret Identity,Good Characters,White Eyes,Red Hair,Living Characters,22,"2006, January",2006
1216,Doctor Moon (New Earth),Secret Identity,Bad Characters,Black Eyes,Black Hair,Deceased Characters,21,"1972, March",1972
1217,Henry Bucher (New Earth),Secret Identity,Good Characters,Black Eyes,Black Hair,Living Characters,21,"2004, May",2004
1218,Bethany Snow (New Earth),Public Identity,Bad Characters,Blue Eyes,Red Hair,Living Characters,21,"1982, August",1982
1219,Gavril Ivanovich (New Earth),Public Identity,Good Characters,Blue Eyes,Blond Hair,Living Characters,21,"2010, August",2010
1220,Benjamin Hunter (New Earth),Public Identity,Good Characters,Blue Eyes,Brown Hair,Living Characters,21,"1967, April",1967
1221,Marie Payton (New Earth),Public Identity,Neutral Characters,Blue Eyes,Blond Hair,Living Characters,21,"1988, October",1988
1222,Himon (New Earth),Public Identity,Neutral Characters,Blue Eyes,White Hair,Living Characters,21,"1972, August",1972
1223,Marcus of Rome (New Earth),Public Identity,Unknown or None,Blue Eyes,Black Hair,Living Characters,21,"1955, September",1955
1224,Avruiskin of Pokolistan (New Earth),Secret Identity,Bad Characters,Blue Eyes,Black Hair,Deceased Characters,21,"2001, July",2001
1225,Steven Sharpe III (New Earth),Secret Identity,Bad Characters,Blue Eyes,White Hair,Deceased Characters,21,"1944, June",1944
1226,Roy Lincoln (New Earth),Secret Identity,Good Characters,Blue Eyes,Black Hair,Deceased Characters,21,"1941, August",1941
1227,John Raymond (New Earth),Secret Identity,Good Characters,Blue Eyes,Blond Hair,Living Characters,21,"2009, October",2009
1228,Elizabeth Clawman (New Earth),Public Identity,Good Characters,Brown Eyes,Black Hair,Living Characters,21,"1988, January",1988
1229,Nora Bromfield (New Earth),Public Identity,Good Characters,Brown Eyes,Brown Hair,Living Characters,21,"1995, December",1995
1230,Ringo Chen (New Earth),Public Identity,Neutral Characters,Brown Eyes,Black Hair,Deceased Characters,21,"1996, April",1996
1231,Keith Robert White (New Earth),Public Identity,Unknown or None,Brown Eyes,Black Hair,Living Characters,21,"1991, July",1991
1232,Natalia Dzerchenko (New Earth),Public Identity,Unknown or None,Brown Eyes,Brown Hair,Living Characters,21,"1993, December",1993
1233,Leonard Smalls (Dakotaverse),Secret Identity,Bad Characters,Brown Eyes,Black Hair,Living Characters,21,"1993, April",1993
1234,Ivana Christina Borodin Molotova (New Earth),Secret Identity,Bad Characters,Brown Eyes,Red Hair,Deceased Characters,21,"1987, December",1987
1235,Moses Lwanga (New Earth),Secret Identity,Good Characters,Brown Eyes,Black Hair,Living Characters,21,"2008, December",2008
1236,Ishido Maad (New Earth),Secret Identity,Good Characters,Brown Eyes,Black Hair,Living Characters,21,"1998, September",1998
1237,Hero Cruz (New Earth),Secret Identity,Good Characters,Brown Eyes,Black Hair,Living Characters,21,"1996, September",1996
1238,Rafael Sandoval (New Earth),Secret Identity,Good Characters,Brown Eyes,Black Hair,Living Characters,21,"1989, August",1989
1239,Andre Blanc-Dumont (New Earth),Public Identity,Unknown or None,Green Eyes,Brown Hair,Deceased Characters,21,"1988, March",1988
1240,Mary Seward (New Earth),Public Identity,Bad Characters,Red Eyes,Red Hair,Living Characters,21,"1981, March",1981
1241,Turytt (New Earth),Secret Identity,Good Characters,Red Eyes,Unknown or None,Living Characters,21,"2006, June",2006
1242,Delmore Redhorn (New Earth),Public Identity,Bad Characters,Unknown or None,Red Hair,Deceased Characters,21,"1996, October",1996
1243,Quentin Turnbull (New Earth),Public Identity,Bad Characters,Unknown or None,White Hair,Deceased Characters,21,"1974, June",1974
1244,Kyle Spencer (New Earth),Public Identity,Good Characters,Unknown or None,Blond Hair,Living Characters,21,"1988, October",1988
1245,Khufu (New Earth),Public Identity,Good Characters,Unknown or None,Blond Hair,Living Characters,21,"1940, January",1940
1246,Donna Cabot (New Earth),Public Identity,Good Characters,Unknown or None,Brown Hair,Living Characters,21,"1988, October",1988
1247,"Alice, Daily Planet (New Earth)",Public Identity,Good Characters,Unknown or None,Red Hair,Living Characters,21,"1987, May",1987
1248,Charity (New Earth),Public Identity,Good Characters,Unknown or None,Unknown or None,Living Characters,21,"1972, October",1972
1249,Adam Grant (New Earth),Public Identity,Neutral Characters,Unknown or None,Blond Hair,Deceased Characters,21,"1987, June",1987
1250,Stretch Skinner (New Earth),Public Identity,Neutral Characters,Unknown or None,Brown Hair,Living Characters,21,"1942, April",1942
1251,Tawny Young (New Earth),Public Identity,Neutral Characters,Unknown or None,Unknown or None,Living Characters,21,"1984, May",1984
1252,Jonathan Horne (New Earth),Public Identity,Unknown or None,Unknown or None,Brown Hair,Living Characters,21,"2006, October",2006
1253,Jeremy Karne (New Earth),Secret Identity,Bad Characters,Unknown or None,Blond Hair,Living Characters,21,"2006, July",2006
1254,Mitchell Hoberman (New Earth),Secret Identity,Good Characters,Unknown or None,Red Hair,Living Characters,21,"1988, May",1988
1255,Monolith (New Earth),Secret Identity,Neutral Characters,Unknown or None,Unknown or None,Living Characters,21,"2004, April",2004
1256,Anthony Burke (New Earth),Unknown,Good Characters,Unknown or None,Brown Hair,Living Characters,21,"1993, May",1993
1257,Winston Churchill (New Earth),Unknown,Good Characters,Unknown or None,Grey Hair,Living Characters,21,"1942, March",1942
1258,Cynthia of the Kindly Ones (New Earth),Unknown,Neutral Characters,Unknown or None,Unknown or None,Living Characters,21,"1969, March",1969
1259,Vernon Questor (New Earth),Unknown,Unknown or None,Unknown or None,Black Hair,Living Characters,21,"1981, June",1981
1260,Phantasm II (New Earth),Unknown,Unknown or None,Unknown or None,Unknown or None,Deceased Characters,21,"1992, March",1992
1261,Fringe (New Earth),Secret Identity,Good Characters,White Eyes,White Hair,Living Characters,21,"1997, January",1997
1262,Ghost Fox Killer (New Earth),Secret Identity,Neutral Characters,White Eyes,Black Hair,Living Characters,21,"2006, June",2006
1263,Daniel Tsang (New Earth),Public Identity,Good Characters,Black Eyes,Black Hair,Living Characters,20,"2002, February",2002
1264,Josiah Power (New Earth),Public Identity,Good Characters,Black Eyes,Black Hair,Living Characters,20,"2002, February",2002
1265,Jillian Pearlman (New Earth),Public Identity,Good Characters,Blue Eyes,Blond Hair,Living Characters,20,"2005, July",2005
1266,Lois Lane Robot (New Earth),Public Identity,Neutral Characters,Blue Eyes,Black Hair,Living Characters,20,"2010, August",2010
1267,Themis (New Earth),Public Identity,Neutral Characters,Blue Eyes,Grey Hair,Living Characters,20,"1985, August",1985
1268,Gilotina (New Earth),Secret Identity,Bad Characters,Blue Eyes,Platinum Blond Hair,Living Characters,20,"1972, June",1972
1269,Anton Knight (Earth-One),Secret Identity,Bad Characters,Blue Eyes,Red Hair,Living Characters,20,"1983, August",1983
1270,Forager I (New Earth),Secret Identity,Good Characters,Blue Eyes,Black Hair,Deceased Characters,20,"1972, July",1972
1271,Michael Payson Maxwell (New Earth),Secret Identity,Good Characters,Blue Eyes,Blond Hair,Deceased Characters,20,"1967, February",1967
1272,Robert Dickering (New Earth),Secret Identity,Good Characters,Blue Eyes,Brown Hair,Living Characters,20,"2009, October",2009
1273,Richard Raleigh (New Earth),Secret Identity,Good Characters,Blue Eyes,Red Hair,Deceased Characters,20,"1940, July",1940
1274,Edward Deacon (New Earth),Unknown,Good Characters,Blue Eyes,Blond Hair,Living Characters,20,"1971, April",1971
1275,Margaret Adam (New Earth),Unknown,Unknown or None,Blue Eyes,Blond Hair,Living Characters,20,"1987, March",1987
1276,Don Allen (New Earth),Unknown,Unknown or None,Blue Eyes,Red Hair,Deceased Characters,20,"1968, October",1968
1277,Simyan (New Earth),Public Identity,Bad Characters,Brown Eyes,Brown Hair,Living Characters,20,"1971, January",1971
1278,James Lenahan (New Earth),Public Identity,Good Characters,Brown Eyes,Blond Hair,Deceased Characters,20,"2005, September",2005
1279,Lup\u00e9 Teresa Leocadio-Escudero (New Earth),Public Identity,Good Characters,Brown Eyes,Brown Hair,Living Characters,20,"2004, April",2004
1280,Sharon Hawkins (Dakotaverse),Public Identity,Good Characters,Brown Eyes,Brown Hair,Living Characters,20,"1993, June",1993
1281,Trogg (New Earth),Secret Identity,Bad Characters,Brown Eyes,Black Hair,Living Characters,20,"1993, January",1993
1282,Lynx (New Earth),Secret Identity,Bad Characters,Brown Eyes,Black Hair,Deceased Characters,20,"1991, January",1991
1283,Sofia Falcone (New Earth),Secret Identity,Bad Characters,Brown Eyes,Brown Hair,Deceased Characters,20,"1997, May",1997
1284,Zombie (New Earth),Secret Identity,Bad Characters,Brown Eyes,Unknown or None,Living Characters,20,"1993, January",1993
1285,Dominic Mndawe (New Earth),Secret Identity,Good Characters,Brown Eyes,Black Hair,Deceased Characters,20,"1989, July",1989
1286,Jeffrey Goslin (New Earth),Unknown,Good Characters,Brown Eyes,Black Hair,Living Characters,20,"1987, March",1987
1287,Cindy Burman (New Earth),Public Identity,Bad Characters,Green Eyes,Brown Hair,Living Characters,20,"1999, August",1999
1288,Kit Ryan (New Earth),Public Identity,Good Characters,Green Eyes,Black Hair,Living Characters,20,"1991, October",1991
1289,Ciji (New Earth),Public Identity,Good Characters,Green Eyes,Brown Hair,Living Characters,20,"2009, July",2009
1290,Deborah Dancer (New Earth),Unknown,Good Characters,Green Eyes,Red Hair,Living Characters,20,"1981, March",1981
1291,Kenneth Braverman (New Earth),Public Identity,Bad Characters,Hazel Eyes,Unknown or None,Deceased Characters,20,"1994, October",1994
1292,Tekik (New Earth),Public Identity,Bad Characters,Photocellular Eyes,Unknown or None,Living Characters,20,"2007, August",2007
1293,Copper (New Earth),Secret Identity,Good Characters,Photocellular Eyes,Unknown or None,Living Characters,20,"2007, April",2007
1294,J.A.K.E. II (New Earth),Secret Identity,Good Characters,Photocellular Eyes,Unknown or None,Living Characters,20,"1982, July",1982
1295,Thia (New Earth),Public Identity,Neutral Characters,Red Eyes,Red Hair,Living Characters,20,"1985, April",1985
1296,Arnold Pruett (New Earth),Secret Identity,Bad Characters,Red Eyes,Red Hair,Living Characters,20,"1984, July",1984
1297,Synnar II (New Earth),Public Identity,Bad Characters,Unknown or None,Black Hair,Living Characters,20,"1998, July",1998
1298,Ernest Clay (New Earth),Public Identity,Bad Characters,Unknown or None,Brown Hair,Living Characters,20,"1990, July",1990
1299,Tamara Fox (New Earth),Public Identity,Good Characters,Unknown or None,Black Hair,Living Characters,20,"2009, October",2009
1300,Aaron Cash (New Earth),Public Identity,Good Characters,Unknown or None,Black Hair,Living Characters,20,"2003, July",2003
1301,Ona Tornsen (New Earth),Public Identity,Good Characters,Unknown or None,Black Hair,Living Characters,20,"1972, February",1972
1302,Rebecca Langstrom (New Earth),Public Identity,Good Characters,Unknown or None,Blond Hair,Living Characters,20,"1978, May",1978
1303,Ashley Zolomon (New Earth),Public Identity,Good Characters,Unknown or None,Brown Hair,Living Characters,20,"2003, June",2003
1304,Charles Wylde (New Earth),Public Identity,Good Characters,Unknown or None,Brown Hair,Living Characters,20,"1993, November",1993
1305,Gregor Markov (New Earth),Public Identity,Good Characters,Unknown or None,Brown Hair,Deceased Characters,20,"1983, August",1983
1306,Bulldozer Smith (New Earth),Public Identity,Good Characters,Unknown or None,Strawberry Blond Hair,Living Characters,20,"1960, August",1960
1307,Bounder (New Earth),Public Identity,Good Characters,Unknown or None,Unknown or None,Living Characters,20,"2009, June",2009
1308,Ferdinand (New Earth),Public Identity,Good Characters,Unknown or None,Unknown or None,Living Characters,20,"2003, October",2003
1309,Jonah McCarthy (New Earth),Public Identity,Neutral Characters,Unknown or None,Brown Hair,Deceased Characters,20,"2003, October",2003
1310,Silas Stone (New Earth),Public Identity,Unknown or None,Unknown or None,Black Hair,Deceased Characters,20,"1980, October",1980
1311,Dreamslayer (New Earth),Secret Identity,Bad Characters,Unknown or None,Unknown or None,Living Characters,20,"1990, June",1990
1312,Siegfried Horatio Hunch III (New Earth),Secret Identity,Good Characters,Unknown or None,Black Hair,Living Characters,20,"1986, January",1986
1313,Wenonah Littlebird (New Earth),Secret Identity,Good Characters,Unknown or None,Black Hair,Living Characters,20,"1986, March",1986
1314,Raelene Sharp (New Earth),Secret Identity,Neutral Characters,Unknown or None,Brown Hair,Deceased Characters,20,1993,1993
1315,Smite (New Earth),Unknown,Bad Characters,Unknown or None,Unknown or None,Living Characters,20,"2009, July",2009
1316,Chun Yull (New Earth),Unknown,Bad Characters,Unknown or None,Unknown or None,Living Characters,20,"1961, January",1961
1317,Jonathan Davis (New Earth),Unknown,Good Characters,Unknown or None,Brown Hair,Living Characters,20,"1983, November",1983
1318,Mardin (New Earth),Unknown,Good Characters,Unknown or None,Purple Hair,Living Characters,20,"1993, September",1993
1319,Mildred of the Kindly Ones (New Earth),Unknown,Neutral Characters,Unknown or None,Unknown or None,Living Characters,20,"1969, March",1969
1320,Mara (New Earth),Public Identity,Good Characters,Violet Eyes,Blond Hair,Living Characters,20,"1982, December",1982
1321,Desire (New Earth),Secret Identity,Neutral Characters,Yellow Eyes,Unknown or None,Living Characters,20,"1989, November",1989
1322,Elizabeth Alderman (New Earth),Public Identity,Bad Characters,Black Eyes,Black Hair,Deceased Characters,19,"1991, September",1991
1323,Xylon (New Earth),Public Identity,Good Characters,Black Eyes,Unknown or None,Living Characters,19,"2009, July",2009
1324,Kaliber II (New Earth),Public Identity,Good Characters,Black Eyes,Unknown or None,Living Characters,19,"1996, September",1996
1325,Rose Canton (New Earth),Secret Identity,Bad Characters,Black Eyes,Blond Hair,Deceased Characters,19,"1947, November",1947
1326,Galius Zed (New Earth),Secret Identity,Good Characters,Black Eyes,Unknown or None,Deceased Characters,19,"1981, June",1981
1327,Yao Fei (New Earth),Secret Identity,Unknown or None,Black Eyes,Black Hair,Living Characters,19,"2006, June",2006
1328,Jonathan Cheval (New Earth),Public Identity,Bad Characters,Blue Eyes,Brown Hair,Deceased Characters,19,"1945, April",1945
1329,David Hersch (New Earth),Public Identity,Bad Characters,Blue Eyes,Unknown or None,Living Characters,19,"2001, March",2001
1330,Scott Fischer (New Earth),Public Identity,Good Characters,Blue Eyes,Blond Hair,Deceased Characters,19,"1988, March",1988
1331,Byron Stark (New Earth),Public Identity,Good Characters,Blue Eyes,Brown Hair,Deceased Characters,19,"1996, October",1996
1332,Ira West (New Earth),Public Identity,Good Characters,Blue Eyes,Grey Hair,Living Characters,19,"1963, February",1963
1333,Cerdian (New Earth),Public Identity,Good Characters,Blue Eyes,White Hair,Deceased Characters,19,"2000, May",2000
1334,Herupa Hando Hu (New Earth),Public Identity,Good Characters,Blue Eyes,White Hair,Living Characters,19,"1960, August",1960
1335,Roger Denning (New Earth),Public Identity,Neutral Characters,Blue Eyes,Black Hair,Living Characters,19,"1965, September",1965
1336,Ivan Illyich Gort (New Earth),Secret Identity,Bad Characters,Blue Eyes,Black Hair,Living Characters,19,"1988, January",1988
1337,Fisherman (New Earth),Secret Identity,Bad Characters,Blue Eyes,Black Hair,Deceased Characters,19,"1965, June",1965
1338,Gunbunny (New Earth),Secret Identity,Bad Characters,Blue Eyes,Blond Hair,Deceased Characters,19,"1994, May",1994
1339,Alberto Falcone (New Earth),Secret Identity,Bad Characters,Blue Eyes,Brown Hair,Deceased Characters,19,"1996, December",1996
1340,Sonar III (New Earth),Secret Identity,Bad Characters,Blue Eyes,Red Hair,Living Characters,19,"1995, September",1995
1341,Christopher Weiss (New Earth),Secret Identity,Bad Characters,Blue Eyes,Unknown or None,Deceased Characters,19,"1984, October",1984
1342,Val Kaliban (New Earth),Secret Identity,Bad Characters,Blue Eyes,Unknown or None,Deceased Characters,19,"1973, April",1973
1343,Hadley Jaggar (New Earth),Secret Identity,Good Characters,Blue Eyes,Blond Hair,Deceased Characters,19,,
1344,Edward Walker (New Earth),Secret Identity,Good Characters,Blue Eyes,Brown Hair,Living Characters,19,1993,1993
1345,Alan Welles (New Earth),Secret Identity,Neutral Characters,Blue Eyes,Brown Hair,Deceased Characters,19,"1984, June",1984
1346,Maxwell Fisher (New Earth),Unknown,Good Characters,Blue Eyes,Black Hair,Living Characters,19,"1986, June",1986
1347,Juggler (New Earth),Unknown,Good Characters,Blue Eyes,Black Hair,Living Characters,19,"1967, April",1967
1348,Marie Leeds (New Earth),Unknown,Good Characters,Blue Eyes,Blond Hair,Living Characters,19,"1951, November",1951
1349,Swinger (New Earth),Unknown,Good Characters,Blue Eyes,Unknown or None,Living Characters,19,"1967, April",1967
1350,Barbara Whitmore (New Earth),Unknown,Neutral Characters,Blue Eyes,Blond Hair,Living Characters,19,"1999, July",1999
1351,Joan Lincoln (New Earth),Unknown,Neutral Characters,Blue Eyes,Blond Hair,Living Characters,19,"1983, July",1983
1352,Dawn Allen (New Earth),Unknown,Unknown or None,Blue Eyes,Red Hair,Deceased Characters,19,"1968, October",1968
1353,Manchester Black (New Earth),Public Identity,Bad Characters,Brown Eyes,Purple Hair,Deceased Characters,19,"2001, March",2001
1354,Markus Clay (New Earth),Public Identity,Good Characters,Brown Eyes,Black Hair,Living Characters,19,"2008, March",2008
1355,Jackie Johnson (New Earth),Public Identity,Good Characters,Brown Eyes,Black Hair,Living Characters,19,"1961, December",1961
1356,Thomas Jagger (New Earth),Public Identity,Good Characters,Brown Eyes,Brown Hair,Living Characters,19,"2006, June",2006
1357,Maude Stone (New Earth),Public Identity,Good Characters,Brown Eyes,White Hair,Living Characters,19,"1984, August",1984
1358,Tucker Stone (New Earth),Public Identity,Good Characters,Brown Eyes,White Hair,Living Characters,19,"1984, August",1984
1359,Snake-Oil (New Earth),Public Identity,Neutral Characters,Brown Eyes,Black Hair,Living Characters,19,"1967, April",1967
1360,Mario Falcone (New Earth),Public Identity,Neutral Characters,Brown Eyes,Brown Hair,Deceased Characters,19,"1999, December",1999
1361,"Samuel Bradley, Jr. (New Earth)",Public Identity,Unknown or None,Brown Eyes,Brown Hair,Deceased Characters,19,"2004, March",2004
1362,Carlo Sirianni (New Earth),Public Identity,Unknown or None,Brown Eyes,Red Hair,Living Characters,19,"1988, March",1988
1363,Rita Lopez (New Earth),Secret Identity,Good Characters,Brown Eyes,Black Hair,Living Characters,19,"1997, June",1997
1364,Kate Godwin (New Earth),Secret Identity,Good Characters,Brown Eyes,Blond Hair,Deceased Characters,19,"1993, September",1993
1365,Alexandra DeWitt (New Earth),Public Identity,Good Characters,Green Eyes,Blond Hair,Deceased Characters,19,"1994, January",1994
1366,Jonni Thunder (New Earth),Public Identity,Good Characters,Green Eyes,Blond Hair,Living Characters,19,"1985, February",1985
1367,Melody Case (New Earth),Public Identity,Neutral Characters,Green Eyes,Red Hair,Living Characters,19,"1986, June",1986
1368,Shakedown (New Earth),Secret Identity,Bad Characters,Green Eyes,Unknown or None,Deceased Characters,19,"1984, April",1984
1369,Duarmzshee-Paan (New Earth),Public Identity,Bad Characters,Red Eyes,Green Hair,Deceased Characters,19,"1981, June",1981
1370,Daniel Brickwell (New Earth),Public Identity,Unknown or None,Red Eyes,White Hair,Living Characters,19,"2004, September",2004
1371,Garguax (New Earth),Unknown,Bad Characters,Red Eyes,Unknown or None,Deceased Characters,19,"1964, November",1964
1372,Tala (New Earth),Public Identity,Bad Characters,Unknown or None,Black Hair,Living Characters,19,"1969, December",1969
1373,Clay Kendall (New Earth),Public Identity,Good Characters,Unknown or None,Blond Hair,Deceased Characters,19,"1984, January",1984
1374,Brute (New Earth),Public Identity,Good Characters,Unknown or None,Red Hair,Living Characters,19,"1967, April",1967
1375,Darius (New Earth),Public Identity,Good Characters,Unknown or None,Unknown or None,Living Characters,19,"1991, August",1991
1376,Samuel Foswell (New Earth),Public Identity,Good Characters,Unknown or None,Unknown or None,Living Characters,19,"1991, January",1991
1377,Vandor (New Earth),Public Identity,Good Characters,Unknown or None,White Hair,Deceased Characters,19,"2006, August",2006
1378,Alice Cohen II (New Earth),Public Identity,Neutral Characters,Unknown or None,Red Hair,Living Characters,19,"2004, April",2004
1379,Gaea (New Earth),Public Identity,Neutral Characters,Unknown or None,Unknown or None,Living Characters,19,"1981, September",1981
1380,Leslie Anderson (New Earth),Public Identity,Unknown or None,Unknown or None,Brown Hair,Living Characters,19,"2003, November",2003
1381,Axel Storm (New Earth),Secret Identity,Bad Characters,Unknown or None,Black Hair,Living Characters,19,"1964, December",1964
1382,Ignition (New Earth),Secret Identity,Bad Characters,Unknown or None,Unknown or None,Living Characters,19,"2000, September",2000
1383,Deborah Perkins (New Earth),Secret Identity,Good Characters,Unknown or None,Blue Hair,Living Characters,19,"1996, August",1996
1384,Ahti (New Earth),Secret Identity,Good Characters,Unknown or None,Unknown or None,Living Characters,19,"1992, September",1992
1385,Bast (New Earth),Secret Identity,Unknown or None,Unknown or None,Unknown or None,Living Characters,19,"1991, March",1991
1386,Jonathan Drew (New Earth),Secret Identity,Unknown or None,Unknown or None,Unknown or None,Living Characters,19,"1976, February",1976
1387,Adrian Paratino (New Earth),Unknown,Good Characters,Unknown or None,Black Hair,Living Characters,19,"2009, May",2009
1388,Maximillian Deville (New Earth),Unknown,Good Characters,Unknown or None,Black Hair,Living Characters,19,"1998, July",1998
1389,Leslie Humphries (New Earth),Unknown,Good Characters,Unknown or None,Black Hair,Deceased Characters,19,"1939, July",1939
1390,Nelson Crowe (New Earth),Unknown,Good Characters,Unknown or None,Blond Hair,Living Characters,19,"2003, February",2003
1391,Hendricks (New Earth),Unknown,Good Characters,Unknown or None,Brown Hair,Living Characters,19,"1993, June",1993
1392,Mnemosyne II (New Earth),Unknown,Good Characters,Unknown or None,Brown Hair,Living Characters,19,"1987, November",1987
1393,Romy Chandler (New Earth),Unknown,Good Characters,Unknown or None,Red Hair,Living Characters,19,"2003, February",2003
1394,John Chan (New Earth),Unknown,Good Characters,Unknown or None,Unknown or None,Living Characters,19,"1994, October",1994
1395,Nadia Safir (New Earth),Unknown,Neutral Characters,Unknown or None,Unknown or None,Living Characters,19,"1986, May",1986
1396,Carol Simon (New Earth),Unknown,Unknown or None,Unknown or None,Unknown or None,Living Characters,19,"1989, February",1989
1397,Carl Draper (New Earth),Unknown,Unknown or None,Unknown or None,Unknown or None,Living Characters,19,"1979, January",1979
1398,Lady Styx (New Earth),Public Identity,Bad Characters,Yellow Eyes,Unknown or None,Living Characters,19,"2006, September",2006
1399,Kelvin Mao (New Earth),Secret Identity,Good Characters,Yellow Eyes,Black Hair,Deceased Characters,19,1993,1993
1400,Brimstone (New Earth),Unknown,Bad Characters,Yellow Eyes,Unknown or None,Living Characters,19,"1986, November",1986
1401,Nergal (New Earth),Unknown,Bad Characters,Yellow Eyes,Unknown or None,Living Characters,19,,
1402,Amy Beitermann (New Earth),Public Identity,Unknown or None,Black Eyes,Black Hair,Deceased Characters,18,"1992, December",1992
1403,Plunder (New Earth),Secret Identity,Bad Characters,Black Eyes,Brown Hair,Living Characters,18,"2000, October",2000
1404,Urania Blackwell (New Earth),Secret Identity,Good Characters,Black Eyes,Green Hair,Deceased Characters,18,"1967, February",1967
1405,Thomas Burke (New Earth),Unknown,Good Characters,Black Eyes,Black Hair,Living Characters,18,"2000, September",2000
1406,Karin Grace (New Earth),Public Identity,Bad Characters,Blue Eyes,Blond Hair,Deceased Characters,18,"1959, September",1959
1407,Kari Limbo (New Earth),Public Identity,Good Characters,Blue Eyes,Black Hair,Deceased Characters,18,"1979, June",1979
1408,Thomas Curry (New Earth),Public Identity,Good Characters,Blue Eyes,Black Hair,Living Characters,18,"1959, May",1959
1409,Julie Madison (New Earth),Public Identity,Good Characters,Blue Eyes,Black Hair,Living Characters,18,"1939, September",1939
1410,Annie Bonelli (New Earth),Public Identity,Good Characters,Blue Eyes,Brown Hair,Living Characters,18,"1993, May",1993
1411,Peter Garibaldi (New Earth),Public Identity,Good Characters,Blue Eyes,Unknown or None,Living Characters,18,"2003, October",2003
1412,Dudley H. Dudley (New Earth),Public Identity,Good Characters,Blue Eyes,White Hair,Living Characters,18,"1995, March",1995
1413,Cleveland Brand (New Earth),Public Identity,Neutral Characters,Blue Eyes,Black Hair,Deceased Characters,18,"1968, April",1968
1414,Crystal Frost (New Earth),Public Identity,Unknown or None,Blue Eyes,Blue Hair,Deceased Characters,18,"1978, June",1978
1415,Bruce Wayne Clone (New Earth),Secret Identity,Bad Characters,Blue Eyes,Black Hair,Deceased Characters,18,"2009, January",2009
1416,Gudra (New Earth),Secret Identity,Bad Characters,Blue Eyes,Blond Hair,Living Characters,18,"1946, October",1946
1417,Jake Simmons (New Earth),Secret Identity,Bad Characters,Blue Eyes,Brown Hair,Living Characters,18,"1983, May",1983
1418,Turtle (New Earth),Secret Identity,Bad Characters,Blue Eyes,Grey Hair,Living Characters,18,"1945, December",1945
1419,Margaret Pye (New Earth),Secret Identity,Bad Characters,Blue Eyes,Red Hair,Deceased Characters,18,"1986, November",1986
1420,Leah Wasserman (New Earth),Secret Identity,Bad Characters,Blue Eyes,White Hair,Deceased Characters,18,"1984, November",1984
1421,Anne Fletcher (New Earth),Unknown,Good Characters,Blue Eyes,Red Hair,Living Characters,18,"1997, June",1997
1422,Shondra Kinsolving (New Earth),Public Identity,Good Characters,Brown Eyes,Black Hair,Living Characters,18,"1992, November",1992
1423,Trevor Barnes (New Earth),Public Identity,Good Characters,Brown Eyes,Brown Hair,Deceased Characters,18,"2001, July",2001
1424,Amanita (New Earth),Public Identity,Good Characters,Brown Eyes,Unknown or None,Living Characters,18,"1992, January",1992
1425,Alexander Montez (New Earth),Public Identity,Neutral Characters,Brown Eyes,Black Hair,Deceased Characters,18,"2001, September",2001
1426,Thomas Emery (New Earth),Secret Identity,Bad Characters,Brown Eyes,Brown Hair,Living Characters,18,"1987, July",1987
1427,Edward Dawson (New Earth),Secret Identity,Bad Characters,Brown Eyes,Red Hair,Living Characters,18,"1967, July",1967
1428,Gan Williams (New Earth),Secret Identity,Good Characters,Brown Eyes,Black Hair,Deceased Characters,18,"1983, June",1983
1429,Tavis Williams (New Earth),Secret Identity,Good Characters,Brown Eyes,Black Hair,Deceased Characters,18,"1983, June",1983
1430,Tallulah Black (New Earth),Unknown,Good Characters,Brown Eyes,Brown Hair,Living Characters,18,"2007, April",2007
1431,Jerry White (New Earth),Unknown,Neutral Characters,Brown Eyes,Brown Hair,Deceased Characters,18,"1987, May",1987
1432,Magdalene Kyle (New Earth),Public Identity,Neutral Characters,Green Eyes,Brown Hair,Living Characters,18,"1989, February",1989
1433,Michael Dugan (New Earth),Public Identity,Neutral Characters,Green Eyes,Red Hair,Living Characters,18,"1985, February",1985
1434,Katherine Manser (New Earth),Secret Identity,Good Characters,Green Eyes,Red Hair,Deceased Characters,18,"1978, October",1978
1435,Nameless (New Earth),Secret Identity,Good Characters,Photocellular Eyes,Unknown or None,Deceased Characters,18,"1965, May",1965
1436,Starbreaker (New Earth),Secret Identity,Bad Characters,Red Eyes,Black Hair,Living Characters,18,"1972, February",1972
1437,Overmaster (New Earth),Secret Identity,Bad Characters,Red Eyes,Unknown or None,Living Characters,18,"1984, December",1984
1438,Leslie Willis (New Earth),Public Identity,Good Characters,Unknown or None,Blue Hair,Living Characters,18,"2006, March",2006
1439,John Flint (New Earth),Public Identity,Good Characters,Unknown or None,Brown Hair,Living Characters,18,"1992, October",1992
1440,Norman Brawler (New Earth),Public Identity,Good Characters,Unknown or None,Brown Hair,Living Characters,18,"1984, March",1984
1441,Slim Kilkenny Stryker (New Earth),Public Identity,Good Characters,Unknown or None,Brown Hair,Deceased Characters,18,"1961, May",1961
1442,Mary Frazier (New Earth),Public Identity,Good Characters,Unknown or None,Grey Hair,Living Characters,18,"1991, November",1991
1443,Irwin Hall (New Earth),Public Identity,Good Characters,Unknown or None,Grey Hair,Living Characters,18,"1968, June",1968
1444,Jake Ketchum (New Earth),Public Identity,Good Characters,Unknown or None,Red Hair,Living Characters,18,"1996, December",1996
1445,J. Daniel Murphy (New Earth),Public Identity,Good Characters,Unknown or None,Red Hair,Living Characters,18,"1988, February",1988
1446,Munchukk (New Earth),Public Identity,Good Characters,Unknown or None,Unknown or None,Deceased Characters,18,"1993, August",1993
1447,Malet Dasim (New Earth),Public Identity,Good Characters,Unknown or None,Unknown or None,Living Characters,18,"1980, July",1980
1448,Lancelot (New Earth),Public Identity,Good Characters,Unknown or None,Unknown or None,Living Characters,18,"1936, February",1936
1449,Coeus (New Earth),Public Identity,Neutral Characters,Unknown or None,Blue Hair,Living Characters,18,"1985, August",1985
1450,Iris Jacobs (New Earth),Public Identity,Unknown or None,Unknown or None,Red Hair,Living Characters,18,"1976, April",1976
1451,Jack of Spades III (New Earth),Secret Identity,Bad Characters,Unknown or None,Blond Hair,Living Characters,18,"1982, June",1982
1452,Brainiac 13 (New Earth),Secret Identity,Bad Characters,Unknown or None,Unknown or None,Deceased Characters,18,"2000, February",2000
1453,Eye (New Earth),Secret Identity,Good Characters,Unknown or None,Blond Hair,Deceased Characters,18,"1998, August",1998
1454,Meridian Mychaels (New Earth),Secret Identity,Good Characters,Unknown or None,Brown Hair,Living Characters,18,"1994, October",1994
1455,Daniel Cormac (New Earth),Secret Identity,Good Characters,Unknown or None,Red Hair,Deceased Characters,18,"1982, June",1982
1456,Gregori Arcane (New Earth),Secret Identity,Neutral Characters,Unknown or None,Black Hair,Living Characters,18,"1973, January",1973
1457,Cranius (New Earth),Unknown,Bad Characters,Unknown or None,Unknown or None,Living Characters,18,"1973, January",1973
1458,Scott Tucker (New Earth),Unknown,Good Characters,Unknown or None,Blond Hair,Living Characters,18,"1997, June",1997
1459,Wanda Wilson (New Earth),Unknown,Good Characters,Unknown or None,Brown Hair,Living Characters,18,"1942, January",1942
1460,Light Fingers (New Earth),Unknown,Good Characters,Unknown or None,Red Hair,Living Characters,18,"1967, April",1967
1461,Vincent Del Arrazio (New Earth),Unknown,Good Characters,Unknown or None,Unknown or None,Living Characters,18,"2000, August",2000
1462,Golem (New Earth),Unknown,Good Characters,Unknown or None,Unknown or None,Living Characters,18,"1991, November",1991
1463,Driq (New Earth),Unknown,Good Characters,Unknown or None,Unknown or None,Deceased Characters,18,"1987, October",1987
1464,Master Jansen (New Earth),Unknown,Good Characters,Unknown or None,Unknown or None,Living Characters,18,"1972, November",1972
1465,Ted Brown (New Earth),Unknown,Good Characters,Unknown or None,Unknown or None,Living Characters,18,"1972, October",1972
1466,Susan King (New Earth),Unknown,Neutral Characters,Unknown or None,Blond Hair,Living Characters,18,"1987, September",1987
1467,Mordred of the Kindly Ones (New Earth),Unknown,Neutral Characters,Unknown or None,White Hair,Living Characters,18,"1969, March",1969
1468,Garn Daanuth (New Earth),Public Identity,Bad Characters,White Eyes,White Hair,Living Characters,18,"1982, July",1982
1469,Alexander Nero (New Earth),Public Identity,Bad Characters,Black Eyes,Red Hair,Deceased Characters,17,"2001, January",2001
1470,Jason Burr (New Earth),Public Identity,Bad Characters,Black Eyes,Unknown or None,Living Characters,17,"1976, March",1976
1471,Marvin Kuttler (New Earth),Public Identity,Good Characters,Black Eyes,Brown Hair,Deceased Characters,17,"2006, May",2006
1472,Trouble (New Earth),Public Identity,Good Characters,Black Eyes,White Hair,Living Characters,17,"1985, July",1985
1473,Mei Ling (New Earth),Public Identity,Neutral Characters,Black Eyes,Black Hair,Living Characters,17,"1979, April",1979
1474,Michael Miller (New Earth),Secret Identity,Bad Characters,Black Eyes,Black Hair,Living Characters,17,"1959, December",1959
1475,Frank Verrano (New Earth),Secret Identity,Good Characters,Black Eyes,Brown Hair,Living Characters,17,"2009, October",2009
1476,Ross Richman (New Earth),Secret Identity,Good Characters,Black Eyes,Unknown or None,Living Characters,17,"1996, August",1996
1477,Marianne (New Earth),Public Identity,Good Characters,Blue Eyes,Blond Hair,Living Characters,17,"1990, September",1990
1478,Matthew Savage (New Earth),Public Identity,Good Characters,Blue Eyes,Brown Hair,Living Characters,17,"1959, October",1959
1479,Fastbak (New Earth),Public Identity,Good Characters,Blue Eyes,Strawberry Blond Hair,Deceased Characters,17,"1971, November",1971
1480,Mnemosyne (New Earth),Public Identity,Neutral Characters,Blue Eyes,Blond Hair,Living Characters,17,"1981, September",1981
1481,Justin Ballantine (New Earth),Secret Identity,Bad Characters,Blue Eyes,Brown Hair,Living Characters,17,"1974, June",1974
1482,Achilles Warkiller (New Earth),Secret Identity,Good Characters,Blue Eyes,Blond Hair,Living Characters,17,"2009, May",2009
1483,James Lockhart (New Earth),Secret Identity,Good Characters,Blue Eyes,Blond Hair,Living Characters,17,"1984, March",1984
1484,Frostbite (New Earth),Secret Identity,Good Characters,Blue Eyes,Blue Hair,Living Characters,17,"1997, June",1997
1485,David Winston (New Earth),Secret Identity,Good Characters,Blue Eyes,Red Hair,Deceased Characters,17,"1985, November",1985
1486,Meredith Creamer (New Earth),Secret Identity,Good Characters,Blue Eyes,Red Hair,Living Characters,17,"1948, June",1948
1487,Penelops (New Earth),Secret Identity,Good Characters,Blue Eyes,Unknown or None,Living Characters,17,"1981, July",1981
1488,Aubrey Sparks (New Earth),Secret Identity,Neutral Characters,Blue Eyes,Black Hair,Living Characters,17,"2000, September",2000
1489,Jeremy Horton (New Earth),Unknown,Good Characters,Blue Eyes,Blond Hair,Living Characters,17,"1997, June",1997
1490,Randall Adam (New Earth),Unknown,Unknown or None,Blue Eyes,Brown Hair,Living Characters,17,"1987, March",1987
1491,Jean Hawkins (Dakotaverse),Public Identity,Good Characters,Brown Eyes,Brown Hair,Living Characters,17,"1993, June",1993
1492,Arkkis Chummuck (New Earth),Public Identity,Good Characters,Brown Eyes,Brown Hair,Deceased Characters,17,"1980, July",1980
1493,Chay-Ara (New Earth),Public Identity,Good Characters,Brown Eyes,Brown Hair,Living Characters,17,"1940, January",1940
1494,Walker Gabriel (New Earth),Secret Identity,Good Characters,Brown Eyes,Black Hair,Deceased Characters,17,"1998, March",1998
1495,Magala (New Earth),Secret Identity,Good Characters,Brown Eyes,Brown Hair,Deceased Characters,17,"1997, August",1997
1496,Dagmar Procjnow (New Earth),Unknown,Good Characters,Brown Eyes,Black Hair,Living Characters,17,"2000, August",2000
1497,Tethys (New Earth),Public Identity,Neutral Characters,Green Eyes,Green Hair,Living Characters,17,"1985, August",1985
1498,Veronica Sinclair (New Earth),Secret Identity,Bad Characters,Green Eyes,Red Hair,Living Characters,17,"2001, September",2001
1499,Mace Gardner (New Earth),Secret Identity,Bad Characters,Green Eyes,Red Hair,Living Characters,17,"1993, September",1993
1500,Benjamin Newton (New Earth),Unknown,Good Characters,Green Eyes,Red Hair,Living Characters,17,"1997, June",1997
1501,Doctor Poison II (New Earth),Unknown,Bad Characters,Grey Eyes,Black Hair,Living Characters,17,"1999, December",1999
1502,Shaolin Robot (New Earth),Secret Identity,Good Characters,Photocellular Eyes,Unknown or None,Living Characters,17,"2006, June",2006
1503,Frederick von Frankenstein (New Earth),Public Identity,Bad Characters,Red Eyes,Black Hair,Living Characters,17,"1996, October",1996
1504,Eddore (New Earth),Secret Identity,Good Characters,Red Eyes,Unknown or None,Deceased Characters,17,"1981, May",1981
1505,Conrad Carapax (New Earth),Public Identity,Bad Characters,Unknown or None,Unknown or None,Living Characters,17,"1986, June",1986
1506,Eris (New Earth),Public Identity,Bad Characters,Unknown or None,Unknown or None,Living Characters,17,"1969, August",1969
1507,Nadia (New Earth),Public Identity,Good Characters,Unknown or None,Black Hair,Deceased Characters,17,"2006, December",2006
1508,Alan Wayne (New Earth),Public Identity,Good Characters,Unknown or None,Black Hair,Deceased Characters,17,"1997, October",1997
1509,Martin Jordan (New Earth),Public Identity,Good Characters,Unknown or None,Brown Hair,Deceased Characters,17,"1989, December",1989
1510,Mikola Rostov (New Earth),Public Identity,Good Characters,Unknown or None,Brown Hair,Living Characters,17,"1981, July",1981
1511,Tilt Shimura (New Earth),Public Identity,Good Characters,Unknown or None,Unknown or None,Living Characters,17,"2004, April",2004
1512,Radu Stancu (New Earth),Public Identity,Good Characters,Unknown or None,Unknown or None,Living Characters,17,"1994, December",1994
1513,Jock Verner (New Earth),Public Identity,Neutral Characters,Unknown or None,Brown Hair,Living Characters,17,"1984, July",1984
1514,Vanessa van Helsing (New Earth),Public Identity,Neutral Characters,Unknown or None,Red Hair,Living Characters,17,"1982, July",1982
1515,Oceanus (New Earth),Public Identity,Neutral Characters,Unknown or None,Unknown or None,Living Characters,17,"1985, April",1985
1516,Hyperion (New Earth),Public Identity,Neutral Characters,Unknown or None,Unknown or None,Living Characters,17,"1981, September",1981
1517,Azmodus (New Earth),Secret Identity,Bad Characters,Unknown or None,Black Hair,Living Characters,17,"1966, February",1966
1518,Carla Moretti (New Earth),Secret Identity,Bad Characters,Unknown or None,Brown Hair,Deceased Characters,17,"2010, July",2010
1519,Onomatopoeia (New Earth),Secret Identity,Bad Characters,Unknown or None,Brown Hair,Living Characters,17,"2002, March",2002
1520,Butcher (New Earth),Secret Identity,Bad Characters,Unknown or None,Unknown or None,Deceased Characters,17,"2010, May",2010
1521,Johnny Sorrow (New Earth),Secret Identity,Bad Characters,Unknown or None,Unknown or None,Deceased Characters,17,"1999, December",1999
1522,Gorgon (New Earth),Secret Identity,Bad Characters,Unknown or None,Unknown or None,Living Characters,17,"1990, June",1990
1523,Mitchell Anderson (New Earth),Secret Identity,Good Characters,Unknown or None,Brown Hair,Living Characters,17,"1992, December",1992
1524,Albrecht von Mannheim (New Earth),Secret Identity,Good Characters,Unknown or None,Brown Hair,Living Characters,17,"1987, January",1987
1525,Entity (New Earth),Secret Identity,Good Characters,Unknown or None,Unknown or None,Deceased Characters,17,"2010, April",2010
1526,Eric Moran (Prime Earth),Secret Identity,Neutral Characters,Unknown or None,Black Hair,Living Characters,17,"2010, July",2010
1527,Delirium (New Earth),Secret Identity,Neutral Characters,Unknown or None,Unknown or None,Living Characters,17,"1990, November",1990
1528,Klarn Arg (New Earth),Secret Identity,Unknown or None,Unknown or None,Unknown or None,Living Characters,17,"1965, June",1965
1529,Catalyst (New Earth),Unknown,Bad Characters,Unknown or None,Black Hair,Living Characters,17,"1987, July",1987
1530,Low (New Earth),Unknown,Bad Characters,Unknown or None,Unknown or None,Living Characters,17,"2007, August",2007
1531,Tisiphone (New Earth),Unknown,Bad Characters,Unknown or None,Unknown or None,Living Characters,17,"1981, October",1981
1532,Louis Godder (New Earth),Unknown,Good Characters,Unknown or None,Black Hair,Living Characters,17,"1987, September",1987
1533,Dale Gunn (New Earth),Unknown,Good Characters,Unknown or None,Black Hair,Living Characters,17,"1984, October",1984
1534,Petey the Demon (New Earth),Unknown,Good Characters,Unknown or None,Unknown or None,Living Characters,17,"1988, December",1988
1535,Christine Madison (New Earth),Unknown,Neutral Characters,Unknown or None,Blond Hair,Living Characters,17,"1960, August",1960
1536,Vari Dzerchenko (New Earth),Unknown,Unknown or None,Unknown or None,Brown Hair,Living Characters,17,"1993, December",1993
1537,Ebenezer Batson (New Earth),Public Identity,Bad Characters,Black Eyes,Unknown or None,Living Characters,16,"1995, March",1995
1538,Jack Latham (New Earth),Public Identity,Good Characters,Black Eyes,Grey Hair,Living Characters,16,"2009, October",2009
1539,Dmitri Mishkin (New Earth),Public Identity,Good Characters,Black Eyes,White Hair,Deceased Characters,16,"1981, March",1981
1540,Lady Liberty I (New Earth),Secret Identity,Good Characters,Black Eyes,Black Hair,Deceased Characters,16,"1984, September",1984
1541,Garrett Sanford (New Earth),Secret Identity,Good Characters,Black Eyes,Unknown or None,Deceased Characters,16,"1974, December",1974
1542,Sven Larson (New Earth),Unknown,Bad Characters,Black Eyes,White Hair,Living Characters,16,"1964, August",1964
1543,Gus Gray (New Earth),Unknown,Good Characters,Black Eyes,Unknown or None,Deceased Characters,16,"1973, April",1973
1544,Tobias Manning (New Earth),Public Identity,Bad Characters,Blue Eyes,Brown Hair,Deceased Characters,16,"1990, August",1990
1545,Kim Liang (New Earth),Public Identity,Good Characters,Blue Eyes,Black Hair,Living Characters,16,"1987, April",1987
1546,Kindred Marx (New Earth),Public Identity,Good Characters,Blue Eyes,Blond Hair,Living Characters,16,"1996, September",1996
1547,Iapetus (New Earth),Public Identity,Neutral Characters,Blue Eyes,Grey Hair,Living Characters,16,"1981, September",1981
1548,Deathwing (Team Titans),Secret Identity,Bad Characters,Blue Eyes,Black Hair,Living Characters,16,1991,1991
1549,Hans Leckter (New Earth),Secret Identity,Bad Characters,Blue Eyes,Blond Hair,Deceased Characters,16,"1990, June",1990
1550,Valerie Beaudry (New Earth),Secret Identity,Bad Characters,Blue Eyes,Blond Hair,Living Characters,16,"1988, April",1988
1551,Atlas (New Earth),Secret Identity,Bad Characters,Blue Eyes,Brown Hair,Living Characters,16,"1975, April",1975
1552,Harry Hokum (New Earth),Secret Identity,Bad Characters,Blue Eyes,Grey Hair,Living Characters,16,"1983, June",1983
1553,Lord Havok (New Earth),Secret Identity,Bad Characters,Blue Eyes,Unknown or None,Living Characters,16,"1990, June",1990
1554,"Richard Grey, Jr. (New Earth)",Secret Identity,Good Characters,Blue Eyes,Black Hair,Living Characters,16,"1940, May",1940
1555,Crazy Shy Lolita Canary (New Earth),Secret Identity,Good Characters,Blue Eyes,Blond Hair,Living Characters,16,"2008, August",2008
1556,Serafina Arkadin (New Earth),Secret Identity,Good Characters,Blue Eyes,Blond Hair,Living Characters,16,"1988, March",1988
1557,Bess Lynn (New Earth),Secret Identity,Good Characters,Blue Eyes,Blond Hair,Deceased Characters,16,"1962, August",1962
1558,Miri Riam (New Earth),Secret Identity,Good Characters,Blue Eyes,Red Hair,Living Characters,16,"2008, December",2008
1559,Clark Peter Ross (New Earth),Unknown,Good Characters,Blue Eyes,Blond Hair,Living Characters,16,"1998, November",1998
1560,Morlo (New Earth),Unknown,Good Characters,Blue Eyes,Brown Hair,Living Characters,16,"1997, October",1997
1561,Hector (New Earth),Public Identity,Good Characters,Brown Eyes,Black Hair,Living Characters,16,"2007, January",2007
1562,Merc (New Earth),Public Identity,Good Characters,Brown Eyes,Brown Hair,Living Characters,16,"1988, December",1988
1563,Lonar (New Earth),Public Identity,Unknown or None,Brown Eyes,Black Hair,Deceased Characters,16,"1971, November",1971
1564,Boone (New Earth),Secret Identity,Bad Characters,Brown Eyes,Blond Hair,Living Characters,16,"1999, October",1999
1565,Amparo Cardenas (New Earth),Secret Identity,Bad Characters,Brown Eyes,Brown Hair,Living Characters,16,"2006, July",2006
1566,Tracer (New Earth),Secret Identity,Bad Characters,Brown Eyes,Red Hair,Living Characters,16,"1990, June",1990
1567,David Knight (New Earth),Secret Identity,Good Characters,Brown Eyes,Brown Hair,Deceased Characters,16,"1990, September",1990
1568,Justeen (New Earth),Unknown,Bad Characters,Brown Eyes,Brown Hair,Deceased Characters,16,"2000, June",2000
1569,Ramban (New Earth),Unknown,Good Characters,Brown Eyes,Black Hair,Living Characters,16,"1990, September",1990
1570,Thomas Trigger (New Earth),Public Identity,Bad Characters,Green Eyes,Red Hair,Deceased Characters,16,"1993, October",1993
1571,Wilfred Parker (New Earth),Unknown,Bad Characters,Green Eyes,Blond Hair,Living Characters,16,"1997, July",1997
1572,Horoq Nnot (New Earth),Unknown,Good Characters,Green Eyes,Purple Hair,Deceased Characters,16,"2006, June",2006
1573,Princess Emerald II (New Earth),Unknown,Unknown or None,Green Eyes,White Hair,Deceased Characters,16,"1983, September",1983
1574,J.A.K.E. I (New Earth),Secret Identity,Good Characters,Photocellular Eyes,Unknown or None,Deceased Characters,16,"1981, July",1981
1575,Grayven (New Earth),Public Identity,Bad Characters,Red Eyes,Black Hair,Deceased Characters,16,"1996, June",1996
1576,Nina Skorzeny (New Earth),Public Identity,Good Characters,Red Eyes,Black Hair,Living Characters,16,"1996, December",1996
1577,Jack T. Chance (New Earth),Public Identity,Good Characters,Red Eyes,Blue Hair,Deceased Characters,16,"1992, June",1992
1578,Qwsp (New Earth),Secret Identity,Good Characters,Red Eyes,Green Hair,Living Characters,16,"1962, February",1962
1579,Vincent Edge (New Earth),Public Identity,Bad Characters,Unknown or None,White Hair,Living Characters,16,"1989, September",1989
1580,Anjeli Singh (New Earth),Public Identity,Good Characters,Unknown or None,Black Hair,Living Characters,16,"2005, May",2005
1581,Sandra Kincaid (New Earth),Public Identity,Good Characters,Unknown or None,Black Hair,Living Characters,16,"2005, May",2005
1582,Hector Enriquez (New Earth),Public Identity,Good Characters,Unknown or None,Black Hair,Living Characters,16,"1989, August",1989
1583,Nicholas Gage (New Earth),Public Identity,Good Characters,Unknown or None,Brown Hair,Living Characters,16,"2009, October",2009
1584,Edward Wolfson (New Earth),Public Identity,Good Characters,Unknown or None,Brown Hair,Living Characters,16,"1988, October",1988
1585,Achilles (New Earth),Public Identity,Good Characters,Unknown or None,Brown Hair,Deceased Characters,16,"1944, June",1944
1586,Katharine Ferbel (New Earth),Public Identity,Good Characters,Unknown or None,Red Hair,Living Characters,16,"1989, January",1989
1587,Artin (New Earth),Public Identity,Good Characters,Unknown or None,Unknown or None,Deceased Characters,16,"1985, June",1985
1588,Arthur Reeves (New Earth),Public Identity,Unknown or None,Unknown or None,Unknown or None,Living Characters,16,"1970, May",1970
1589,Fadir Nasser (New Earth),Secret Identity,Bad Characters,Unknown or None,Unknown or None,Living Characters,16,"2009, July",2009
1590,Nightfall (New Earth),Secret Identity,Bad Characters,Unknown or None,Unknown or None,Living Characters,16,"1985, January",1985
1591,Briscoe (New Earth),Secret Identity,Good Characters,Unknown or None,Black Hair,Deceased Characters,16,"1987, May",1987
1592,Eve (New Earth),Secret Identity,Good Characters,Unknown or None,Black Hair,Living Characters,16,"1972, September",1972
1593,Stormy Foster (Earth-X),Secret Identity,Good Characters,Unknown or None,Black Hair,Living Characters,16,"1941, December",1941
1594,Jeremy Wakefield (New Earth),Secret Identity,Good Characters,Unknown or None,Blond Hair,Living Characters,16,"1988, April",1988
1595,Chase Lawler (New Earth),Secret Identity,Good Characters,Unknown or None,Brown Hair,Deceased Characters,16,"1994, October",1994
1596,Forager III (New Earth),Secret Identity,Good Characters,Unknown or None,Unknown or None,Living Characters,16,"2007, July",2007
1597,George Sloan (New Earth),Secret Identity,Good Characters,Unknown or None,Unknown or None,Living Characters,16,"1997, June",1997
1598,Itty (New Earth),Secret Identity,Good Characters,Unknown or None,Unknown or None,Living Characters,16,"1977, March",1977
1599,Zviad Baazovi (New Earth),Secret Identity,Neutral Characters,Unknown or None,Black Hair,Living Characters,16,"1986, January",1986
1600,John Nichol (New Earth),Unknown,Bad Characters,Unknown or None,Brown Hair,Deceased Characters,16,"2008, March",2008
1601,Hurrambi Marlo (New Earth),Unknown,Bad Characters,Unknown or None,Unknown or None,Deceased Characters,16,"1985, March",1985
1602,Nebiros (New Earth),Unknown,Bad Characters,Unknown or None,Unknown or None,Living Characters,16,"1975, April",1975
1603,Hellene (New Earth),Unknown,Good Characters,Unknown or None,Blond Hair,Deceased Characters,16,"1988, March",1988
1604,Garret Day (New Earth),Unknown,Good Characters,Unknown or None,Red Hair,Living Characters,16,"2009, May",2009
1605,Kalia Campbell (New Earth),Unknown,Good Characters,Unknown or None,Red Hair,Living Characters,16,"1988, July",1988
1606,John Pemberton (New Earth),Unknown,Neutral Characters,Unknown or None,Grey Hair,Living Characters,16,"1941, October",1941
1607,Bethany Keele (New Earth),Unknown,Neutral Characters,Unknown or None,Unknown or None,Living Characters,16,"2008, July",2008
1608,Anton Geist (New Earth),Unknown,Neutral Characters,Unknown or None,Unknown or None,Deceased Characters,16,"2004, July",2004
1609,Yurrd (New Earth),Secret Identity,Bad Characters,White Eyes,Unknown or None,Deceased Characters,16,"2006, November",2006
1610,Dwayne Wainwright (New Earth),Unknown,Bad Characters,White Eyes,Blond Hair,Living Characters,16,"1989, October",1989
1611,James Tilton (New Earth),Public Identity,Good Characters,Yellow Eyes,Black Hair,Deceased Characters,16,"1996, December",1996
1612,Philbert Hoskins (New Earth),Public Identity,Good Characters,Yellow Eyes,Unknown or None,Living Characters,16,"1996, December",1996
1613,Slobo (New Earth),Secret Identity,Neutral Characters,Yellow Eyes,Black Hair,Living Characters,16,"2001, December",2001
1614,Reemuz (New Earth),Public Identity,Good Characters,Black Eyes,Unknown or None,Deceased Characters,15,"1992, September",1992
1615,Jack Gold (New Earth),Public Identity,Neutral Characters,Black Eyes,Unknown or None,Living Characters,15,"1982, July",1982
1616,Mary Martin (New Earth),Public Identity,Unknown or None,Black Eyes,Black Hair,Living Characters,15,"1988, April",1988
1617,Thomas Morita (New Earth),Secret Identity,Bad Characters,Black Eyes,Black Hair,Deceased Characters,15,"1977, November",1977
1618,Cerberus (New Earth),Secret Identity,Bad Characters,Black Eyes,Black Hair,Living Characters,15,"1962, July",1962
1619,Sondra Fuller (New Earth),Secret Identity,Bad Characters,Black Eyes,Unknown or None,Living Characters,15,"1987, July",1987
1620,Porm (New Earth),Secret Identity,Good Characters,Black Eyes,Unknown or None,Deceased Characters,15,"1991, December",1991
1621,Silent Majority (New Earth),Unknown,Bad Characters,Black Eyes,Brown Hair,Deceased Characters,15,"1984, September",1984
1622,Tri-Eye (New Earth),Unknown,Bad Characters,Black Eyes,Unknown or None,Deceased Characters,15,"2008, February",2008
1623,Frederick Rhino (New Earth),Public Identity,Bad Characters,Blue Eyes,Black Hair,Living Characters,15,"1988, February",1988
1624,Elias Orr (New Earth),Public Identity,Bad Characters,Blue Eyes,Blond Hair,Living Characters,15,"2004, July",2004
1625,Starfire (New Earth),Public Identity,Good Characters,Blue Eyes,Black Hair,Living Characters,15,"1976, September",1976
1626,Lori Luthor (New Earth),Public Identity,Good Characters,Blue Eyes,Blond Hair,Living Characters,15,"2009, October",2009
1627,Carl Worth (New Earth),Public Identity,Good Characters,Blue Eyes,Brown Hair,Living Characters,15,"2005, October",2005
1628,Marj (New Earth),Public Identity,Good Characters,Blue Eyes,Red Hair,Living Characters,15,"1988, December",1988
1629,Louis Martin (New Earth),Public Identity,Neutral Characters,Blue Eyes,Brown Hair,Living Characters,15,"1997, August",1997
1630,Marcie Cooper (New Earth),Secret Identity,Bad Characters,Blue Eyes,Blond Hair,Living Characters,15,"1985, May",1985
1631,John Starr (New Earth),Secret Identity,Bad Characters,Blue Eyes,Brown Hair,Living Characters,15,"1965, May",1965
1632,Devastation (New Earth),Secret Identity,Bad Characters,Blue Eyes,Red Hair,Living Characters,15,"1999, April",1999
1633,John Malone (New Earth),Secret Identity,Bad Characters,Blue Eyes,Unknown or None,Living Characters,15,"1985, January",1985
1634,Richard Carter (Earth-One),Secret Identity,Good Characters,Blue Eyes,Black Hair,Living Characters,15,"1954, January",1954
1635,Daniel Carter (New Earth),Secret Identity,Good Characters,Blue Eyes,Blond Hair,Living Characters,15,"2006, September",2006
1636,Soseh Mykros (New Earth),Secret Identity,Good Characters,Blue Eyes,Red Hair,Deceased Characters,15,"2000, October",2000
1637,Adam Cray (New Earth),Secret Identity,Good Characters,Blue Eyes,Red Hair,Deceased Characters,15,"1990, August",1990
1638,Mortalla (New Earth),Unknown,Bad Characters,Blue Eyes,Black Hair,Deceased Characters,15,"2000, November",2000
1639,Joseph Gardner (New Earth),Unknown,Bad Characters,Blue Eyes,Red Hair,Living Characters,15,"1993, August",1993
1640,Patty Spivot (New Earth),Unknown,Good Characters,Blue Eyes,Blond Hair,Living Characters,15,"1977, September",1977
1641,Amanda Spence (New Earth),Public Identity,Bad Characters,Brown Eyes,Brown Hair,Living Characters,15,"1996, October",1996
1642,Emma Glenn (New Earth),Public Identity,Good Characters,Brown Eyes,Brown Hair,Living Characters,15,"2006, September",2006
1643,Arturo Rodriguez (New Earth),Public Identity,Good Characters,Brown Eyes,Brown Hair,Living Characters,15,"2004, June",2004
1644,Io (New Earth),Public Identity,Good Characters,Brown Eyes,Brown Hair,Living Characters,15,"2003, November",2003
1645,Cissy Chambers (New Earth),Public Identity,Good Characters,Brown Eyes,Brown Hair,Living Characters,15,"1995, March",1995
1646,Kyle Abbot (New Earth),Public Identity,Neutral Characters,Brown Eyes,Black Hair,Living Characters,15,"2000, April",2000
1647,Simon Valentine (New Earth),Public Identity,Unknown or None,Brown Eyes,Brown Hair,Living Characters,15,"2009, October",2009
1648,El Papagayo (New Earth),Secret Identity,Bad Characters,Brown Eyes,Black Hair,Deceased Characters,15,"1977, June",1977
1649,Faora (New Earth),Secret Identity,Bad Characters,Brown Eyes,Brown Hair,Living Characters,15,"2001, July",2001
1650,Nathan Craig Jones (New Earth),Secret Identity,Good Characters,Brown Eyes,Black Hair,Living Characters,15,"2001, March",2001
1651,Jill Carlyle (New Earth),Secret Identity,Neutral Characters,Brown Eyes,Black Hair,Living Characters,15,"2000, April",2000
1652,August Durant (New Earth),Secret Identity,Unknown or None,Brown Eyes,Black Hair,Deceased Characters,15,"1968, May",1968
1653,Nix Uotan (New Earth),Unknown,Good Characters,Brown Eyes,Brown Hair,Living Characters,15,"2007, December",2007
1654,Anna Fortune (New Earth),Secret Identity,Good Characters,Gold Eyes,Blond Hair,Living Characters,15,"2010, June",2010
1655,Nicholas Scratch (New Earth),Public Identity,Bad Characters,Green Eyes,Black Hair,Living Characters,15,"1998, December",1998
1656,Thaddeus Trigger (New Earth),Public Identity,Bad Characters,Green Eyes,Red Hair,Deceased Characters,15,"1993, October",1993
1657,Kim Kimura (New Earth),Public Identity,Good Characters,Green Eyes,Green Hair,Living Characters,15,"2008, August",2008
1658,Lianna (New Earth),Unknown,Neutral Characters,Green Eyes,Black Hair,Living Characters,15,"2003, May",2003
1659,Bzzd (New Earth),Public Identity,Good Characters,Red Eyes,Unknown or None,Deceased Characters,15,"2007, July",2007
1660,Elpis (New Earth),Secret Identity,Bad Characters,Red Eyes,Black Hair,Living Characters,15,"1975, June",1975
1661,Blackbriar Thorn (New Earth),Secret Identity,Bad Characters,Red Eyes,Brown Hair,Living Characters,15,"1984, February",1984
1662,Chiller (New Earth),Secret Identity,Bad Characters,Red Eyes,Unknown or None,Living Characters,15,"1986, September",1986
1663,Belial (New Earth),Unknown,Bad Characters,Red Eyes,Unknown or None,Living Characters,15,"1987, March",1987
1664,Jax-Ur (New Earth),Public Identity,Bad Characters,Unknown or None,Black Hair,Living Characters,15,"2007, February",2007
1665,Death Masque (New Earth),Public Identity,Bad Characters,Unknown or None,Unknown or None,Deceased Characters,15,"1994, July",1994
1666,Janwillem Kroef (New Earth),Public Identity,Bad Characters,Unknown or None,White Hair,Living Characters,15,"1988, January",1988
1667,Yvette DuBois (New Earth),Public Identity,Good Characters,Unknown or None,Black Hair,Living Characters,15,"1993, October",1993
1668,Huvah Jeddigar (New Earth),Public Identity,Good Characters,Unknown or None,Black Hair,Living Characters,15,"1992, October",1992
1669,Jesse Vega (New Earth),Public Identity,Good Characters,Unknown or None,Black Hair,Living Characters,15,"1989, August",1989
1670,Gene LaBostrie (New Earth),Public Identity,Good Characters,Unknown or None,Black Hair,Living Characters,15,"1987, September",1987
1671,Murray Takamoto (New Earth),Public Identity,Good Characters,Unknown or None,Black Hair,Living Characters,15,"1986, June",1986
1672,Memakata (New Earth),Public Identity,Good Characters,Unknown or None,Black Hair,Living Characters,15,"1963, May",1963
1673,Eileen Flowers (New Earth),Public Identity,Good Characters,Unknown or None,Blond Hair,Living Characters,15,"1988, April",1988
1674,Jed Paulsen (New Earth),Public Identity,Good Characters,Unknown or None,Blond Hair,Living Characters,15,"1974, December",1974
1675,Guinevere (New Earth),Public Identity,Good Characters,Unknown or None,Blond Hair,Living Characters,15,"1936, February",1936
1676,Paul Hoben (New Earth),Public Identity,Good Characters,Unknown or None,Brown Hair,Living Characters,15,"1983, September",1983
1677,William Craig (New Earth),Public Identity,Good Characters,Unknown or None,Brown Hair,Living Characters,15,"1982, August",1982
1678,Josephine Tautin (New Earth),Public Identity,Good Characters,Unknown or None,Red Hair,Living Characters,15,"2006, October",2006
1679,Sleer Prigatz (New Earth),Public Identity,Good Characters,Unknown or None,Unknown or None,Living Characters,15,"1992, October",1992
1680,Calvin Durham (New Earth),Public Identity,Good Characters,Unknown or None,Unknown or None,Living Characters,15,"1977, September",1977
1681,Archibald Asher (New Earth),Public Identity,Good Characters,Unknown or None,Unknown or None,Deceased Characters,15,"1961, May",1961
1682,Simon Peters (New Earth),Public Identity,Neutral Characters,Unknown or None,Brown Hair,Living Characters,15,"2009, July",2009
1683,Harry Bailey (New Earth),Public Identity,Neutral Characters,Unknown or None,Brown Hair,Living Characters,15,"2008, July",2008
1684,Ann Preston (New Earth),Public Identity,Neutral Characters,Unknown or None,Red Hair,Living Characters,15,"2008, July",2008
1685,Buzz Cohen (New Earth),Public Identity,Unknown or None,Unknown or None,Black Hair,Living Characters,15,"2000, April",2000
1686,Ophidian (New Earth),Secret Identity,Bad Characters,Unknown or None,Unknown or None,Deceased Characters,15,"2010, May",2010
1687,Equus (New Earth),Secret Identity,Bad Characters,Unknown or None,Unknown or None,Living Characters,15,"2004, August",2004
1688,Warren White (New Earth),Secret Identity,Bad Characters,Unknown or None,Unknown or None,Living Characters,15,"2003, July",2003
1689,Hardhat (New Earth),Secret Identity,Bad Characters,Unknown or None,Unknown or None,Living Characters,15,"1984, May",1984
1690,Warren Griffith (New Earth),Secret Identity,Good Characters,Unknown or None,Brown Hair,Living Characters,15,"1980, November",1980
1691,Adara (Entity) (New Earth),Secret Identity,Good Characters,Unknown or None,Unknown or None,Deceased Characters,15,"2010, May",2010
1692,Proselyte (New Earth),Secret Identity,Good Characters,Unknown or None,Unknown or None,Deceased Characters,15,"2010, May",2010
1693,Aa (New Earth),Secret Identity,Good Characters,Unknown or None,Unknown or None,Living Characters,15,"1992, February",1992
1694,Sin (New Earth),Secret Identity,Unknown or None,Unknown or None,Black Hair,Living Characters,15,"2006, May",2006
1695,Angelika Bal (New Earth),Unknown,Bad Characters,Unknown or None,Black Hair,Deceased Characters,15,"1986, October",1986
1696,Hi-Jack (New Earth),Unknown,Bad Characters,Unknown or None,Unknown or None,Living Characters,15,"1966, March",1966
1697,Eric Cohen (New Earth),Unknown,Good Characters,Unknown or None,Black Hair,Living Characters,15,"2001, March",2001
1698,Bynai Bruun (New Earth),Unknown,Good Characters,Unknown or None,Black Hair,Living Characters,15,1987,1987
1699,John Reed (New Earth),Unknown,Good Characters,Unknown or None,Brown Hair,Living Characters,15,"1988, April",1988
1700,John Hillary (New Earth),Unknown,Good Characters,Unknown or None,Brown Hair,Living Characters,15,"1987, March",1987
1701,Ilona Markov (New Earth),Unknown,Good Characters,Unknown or None,Red Hair,Deceased Characters,15,"1986, February",1986
1702,Marion Grange (New Earth),Unknown,Good Characters,Unknown or None,White Hair,Deceased Characters,15,"1996, February",1996
1703,George Washington (New Earth),Unknown,Good Characters,Unknown or None,White Hair,Living Characters,15,"1949, February",1949
1704,Parademon (New Earth),Unknown,Neutral Characters,Unknown or None,White Hair,Deceased Characters,15,"2005, July",2005
1705,Darryl Frye (New Earth),Unknown,Unknown or None,Unknown or None,Unknown or None,Living Characters,15,"1980, May",1980
1706,Gog I (New Earth),Public Identity,Neutral Characters,White Eyes,Unknown or None,Living Characters,15,"2008, March",2008
1707,Scavenger (New Earth),Secret Identity,Bad Characters,White Eyes,White Hair,Living Characters,15,"1994, March",1994
1708,Chaser Bron (New Earth),Secret Identity,Good Characters,Yellow Eyes,Grey Hair,Deceased Characters,15,"1993, July",1993
1709,"Anthony Angelo, Jr. (New Earth)",Public Identity,Neutral Characters,Auburn Hair,Unknown or None,Living Characters,14,"1989, April",1989
1710,Achilles Milo (New Earth),Public Identity,Bad Characters,Black Eyes,Black Hair,Living Characters,14,"1957, September",1957
1711,Nathaniel Finch (New Earth),Public Identity,Bad Characters,Black Eyes,Brown Hair,Living Characters,14,"1997, August",1997
1712,Sinclair Batson (New Earth),Public Identity,Bad Characters,Black Eyes,Brown Hair,Deceased Characters,14,"1995, March",1995
1713,Maash (New Earth),Public Identity,Bad Characters,Black Eyes,Unknown or None,Living Characters,14,"2007, August",2007
1714,KT21 (New Earth),Public Identity,Good Characters,Black Eyes,Blond Hair,Living Characters,14,"1985, April",1985
1715,Mister Terrible (New Earth),Secret Identity,Bad Characters,Black Eyes,Brown Hair,Living Characters,14,"2005, November",2005
1716,Moose (New Earth),Secret Identity,Bad Characters,Black Eyes,Unknown or None,Living Characters,14,"2007, August",2007
1717,Jenna Raleigh (New Earth),Secret Identity,Good Characters,Black Eyes,Black Hair,Living Characters,14,"2007, January",2007
1718,Ace the Bat-Hound (New Earth),Secret Identity,Good Characters,Black Eyes,Brown Hair,Living Characters,14,"1991, May",1991
1719,Terrence Kurtzberger (New Earth),Secret Identity,Neutral Characters,Black Eyes,Black Hair,Deceased Characters,14,"1940, February",1940
1720,Doctor Gotham (New Earth),Identity Unknown,Bad Characters,Blue Eyes,White Hair,Deceased Characters,14,"2006, November",2006
1721,Harmonia (New Earth),Public Identity,Bad Characters,Blue Eyes,Blond Hair,Living Characters,14,"1987, February",1987
1722,Richard Plante (New Earth),Public Identity,Good Characters,Blue Eyes,Black Hair,Living Characters,14,1993,1993
1723,Olaf Friedriksen (New Earth),Public Identity,Good Characters,Blue Eyes,Blond Hair,Living Characters,14,"1988, April",1988
1724,Buddy Smith (New Earth),Public Identity,Good Characters,Blue Eyes,Blond Hair,Living Characters,14,"1940, July",1940
1725,Travis Cody (New Earth),Public Identity,Good Characters,Blue Eyes,Brown Hair,Living Characters,14,"1991, March",1991
1726,Hawk Haukins (New Earth),Public Identity,Good Characters,Blue Eyes,Brown Hair,Living Characters,14,"1970, December",1970
1727,Gilda Gold (New Earth),Public Identity,Good Characters,Blue Eyes,Brown Hair,Living Characters,14,"1942, August",1942
1728,Persephone (New Earth),Public Identity,Neutral Characters,Blue Eyes,Black Hair,Living Characters,14,"1985, October",1985
1729,Crius (New Earth),Public Identity,Neutral Characters,Blue Eyes,Blond Hair,Living Characters,14,"1985, August",1985
1730,Gary Lester (New Earth),Public Identity,Neutral Characters,Blue Eyes,Brown Hair,Deceased Characters,14,"1988, January",1988
1731,Walter Reilly (New Earth),Public Identity,Neutral Characters,Blue Eyes,Grey Hair,Living Characters,14,"1982, June",1982
1732,Kit Dawn-Langman (New Earth),Public Identity,Unknown or None,Blue Eyes,Blond Hair,Deceased Characters,14,"1968, May",1968
1733,Nyssa Raatko (New Earth),Secret Identity,Bad Characters,Blue Eyes,Black Hair,Deceased Characters,14,"2003, August",2003
1734,Killer Shark (New Earth),Secret Identity,Bad Characters,Blue Eyes,Black Hair,Living Characters,14,"1957, January",1957
1735,Malcolm Thawne (New Earth),Secret Identity,Bad Characters,Blue Eyes,Blond Hair,Living Characters,14,"1997, November",1997
1736,Fred Bentson (New Earth),Secret Identity,Bad Characters,Blue Eyes,Blond Hair,Living Characters,14,"1994, July",1994
1737,Javelin (New Earth),Secret Identity,Bad Characters,Blue Eyes,Blond Hair,Living Characters,14,"1984, February",1984
1738,Paul Dekker (New Earth),Secret Identity,Bad Characters,Blue Eyes,Brown Hair,Living Characters,14,"1946, June",1946
1739,Randy Hanrahan (New Earth),Secret Identity,Bad Characters,Blue Eyes,Strawberry Blond Hair,Deceased Characters,14,"1997, November",1997
1740,Vera Lynn Black (New Earth),Secret Identity,Good Characters,Blue Eyes,Blond Hair,Living Characters,14,"2004, August",2004
1741,George Cross (New Earth),Secret Identity,Good Characters,Blue Eyes,Blond Hair,Living Characters,14,"1993, November",1993
1742,Nathan Howe (New Earth),Secret Identity,Good Characters,Blue Eyes,Brown Hair,Living Characters,14,"2005, July",2005
1743,Thomas Asquith Randolph (New Earth),Unknown,Bad Characters,Blue Eyes,Red Hair,Deceased Characters,14,1992,1992
1744,Thor (New Earth),Unknown,Good Characters,Blue Eyes,Red Hair,Living Characters,14,"1956, October",1956
1745,Cheeks (New Earth),Unknown,Unknown or None,Blue Eyes,Blond Hair,Living Characters,14,"1985, June",1985
1746,Jake Jordan (New Earth),Public Identity,Good Characters,Brown Eyes,Black Hair,Living Characters,14,"2005, May",2005
1747,Valerie Andrist (New Earth),Public Identity,Good Characters,Brown Eyes,Black Hair,Living Characters,14,"1997, August",1997
1748,Joshua Xan (New Earth),Public Identity,Good Characters,Brown Eyes,Black Hair,Deceased Characters,14,1993,1993
1749,Matthew Taylor (New Earth),Public Identity,Good Characters,Brown Eyes,Black Hair,Living Characters,14,"1993, February",1993
1750,Yolanda Ybarra (New Earth),Public Identity,Good Characters,Brown Eyes,Black Hair,Living Characters,14,"1989, August",1989
1751,Josh Azeveda (New Earth),Public Identity,Good Characters,Brown Eyes,Brown Hair,Living Characters,14,"2003, February",2003
1752,Gregory Wolfe (New Earth),Public Identity,Neutral Characters,Brown Eyes,Black Hair,Living Characters,14,,
1753,Queen Bee II (New Earth),Secret Identity,Bad Characters,Brown Eyes,Black Hair,Deceased Characters,14,"1988, August",1988
1754,Epsilon (New Earth),Secret Identity,Bad Characters,Brown Eyes,Blond Hair,Deceased Characters,14,"2000, November",2000
1755,Bradford Thorne (New Earth),Secret Identity,Bad Characters,Brown Eyes,Brown Hair,Deceased Characters,14,"1943, July",1943
1756,Nik Mayak (New Earth),Secret Identity,Good Characters,Brown Eyes,Black Hair,Deceased Characters,14,1993,1993
1757,Jack Marshall (New Earth),Secret Identity,Good Characters,Brown Eyes,Black Hair,Living Characters,14,"1992, August",1992
1758,Rafael di Rienzi (New Earth),Secret Identity,Good Characters,Brown Eyes,Black Hair,Living Characters,14,"1988, May",1988
1759,Louis Sendak (New Earth),Secret Identity,Good Characters,Brown Eyes,Brown Hair,Deceased Characters,14,"1993, November",1993
1760,Zou Kang (New Earth),Secret Identity,Unknown or None,Brown Eyes,Black Hair,Living Characters,14,"2006, June",2006
1761,LeTonya Charles (New Earth),Unknown,Bad Characters,Brown Eyes,Black Hair,Living Characters,14,"2002, May",2002
1762,Chuma (New Earth),Unknown,Bad Characters,Brown Eyes,Unknown or None,Living Characters,14,"1987, August",1987
1763,Stacy Taglia (New Earth),Unknown,Good Characters,Brown Eyes,Blond Hair,Living Characters,14,"1997, September",1997
1764,Rachel Keast (New Earth),Unknown,Neutral Characters,Brown Eyes,Black Hair,Living Characters,14,"2003, October",2003
1765,Francis Dutton (New Earth),Public Identity,Good Characters,Green Eyes,Blond Hair,Living Characters,14,"1997, August",1997
1766,Lady Eve (New Earth),Secret Identity,Bad Characters,Green Eyes,Black Hair,Living Characters,14,"1985, August",1985
1767,Carrie Cutter (New Earth),Secret Identity,Bad Characters,Green Eyes,Red Hair,Living Characters,14,"2009, February",2009
1768,Sylbert Rundine (New Earth),Secret Identity,Bad Characters,Green Eyes,Red Hair,Living Characters,14,"2006, October",2006
1769,Virginia Dix (New Earth),Unknown,Good Characters,Green Eyes,Blond Hair,Living Characters,14,"1989, August",1989
1770,Colleen Franklin (New Earth),Unknown,Good Characters,Green Eyes,Red Hair,Living Characters,14,"2011, February",2011
1771,Gor (New Earth),Public Identity,Bad Characters,Grey Eyes,Blond Hair,Living Characters,14,"2009, January",2009
1772,Niccolai Tepes (New Earth),Secret Identity,Bad Characters,Red Eyes,Black Hair,Deceased Characters,14,"1939, September",1939
1773,Chang Tzu (New Earth),Secret Identity,Bad Characters,Red Eyes,Unknown or None,Living Characters,14,"2006, June",2006
1774,Vincent Velcoro (New Earth),Secret Identity,Good Characters,Red Eyes,Unknown or None,Living Characters,14,"1980, November",1980
1775,Jeremy Tell (New Earth),Public Identity,Bad Characters,Unknown or None,Brown Hair,Living Characters,14,"2001, August",2001
1776,Macklin Arnot (New Earth),Public Identity,Bad Characters,Unknown or None,Brown Hair,Living Characters,14,"1999, July",1999
1777,Elise Kimble (New Earth),Public Identity,Bad Characters,Unknown or None,Red Hair,Living Characters,14,"2008, April",2008
1778,Malcolm Tandy (New Earth),Public Identity,Bad Characters,Unknown or None,Unknown or None,Living Characters,14,"1984, December",1984
1779,Panda Potter (New Earth),Public Identity,Good Characters,Unknown or None,Black Hair,Deceased Characters,14,"2006, August",2006
1780,Nona Lin-Baker (New Earth),Public Identity,Good Characters,Unknown or None,Black Hair,Living Characters,14,"1999, March",1999
1781,Henry Hogan (New Earth),Public Identity,Good Characters,Unknown or None,Black Hair,Deceased Characters,14,"1997, January",1997
1782,Lefty (New Earth),Public Identity,Good Characters,Unknown or None,Black Hair,Living Characters,14,"1992, November",1992
1783,Ned Smith (New Earth),Public Identity,Good Characters,Unknown or None,Black Hair,Living Characters,14,"1992, June",1992
1784,Lord Moonstone (New Earth),Public Identity,Good Characters,Unknown or None,Black Hair,Living Characters,14,"1983, November",1983
1785,Andrew Grubs (New Earth),Public Identity,Good Characters,Unknown or None,Blond Hair,Deceased Characters,14,"2004, July",2004
1786,Gannon Malloy (New Earth),Public Identity,Good Characters,Unknown or None,Blond Hair,Living Characters,14,"2002, September",2002
1787,Janet Drake (New Earth),Public Identity,Good Characters,Unknown or None,Brown Hair,Deceased Characters,14,"1989, August",1989
1788,Edward Valentine (New Earth),Public Identity,Good Characters,Unknown or None,Brown Hair,Living Characters,14,"1986, January",1986
1789,George H. W. Bush (New Earth),Public Identity,Good Characters,Unknown or None,Brown Hair,Living Characters,14,"1986, September",1986
1790,Nuada Silverhand (New Earth),Public Identity,Good Characters,Unknown or None,Green Hair,Living Characters,14,"1986, February",1986
1791,Christine St. Clair (New Earth),Public Identity,Good Characters,Unknown or None,Red Hair,Living Characters,14,"1973, November",1973
1792,Waylon Grant (New Earth),Public Identity,Good Characters,Unknown or None,Unknown or None,Living Characters,14,"1940, February",1940
1793,Angela Revere (New Earth),Public Identity,Neutral Characters,Unknown or None,Black Hair,Living Characters,14,"1986, June",1986
1794,J. Devlin Davenport (New Earth),Public Identity,Neutral Characters,Unknown or None,Blond Hair,Living Characters,14,"1995, May",1995
1795,Humphry Dumpler (New Earth),Public Identity,Neutral Characters,Unknown or None,Unknown or None,Living Characters,14,"2003, August",2003
1796,Fashion Thing (New Earth),Public Identity,Neutral Characters,Unknown or None,White Hair,Living Characters,14,"1968, September",1968
1797,Kip Kettering (New Earth),Public Identity,Unknown or None,Unknown or None,Red Hair,Living Characters,14,"2000, April",2000
1798,Maat Shadid (New Earth),Secret Identity,Bad Characters,Unknown or None,Brown Hair,Living Characters,14,"2004, May",2004
1799,First of the Fallen (New Earth),Secret Identity,Bad Characters,Unknown or None,Unknown or None,Living Characters,14,"1991, June",1991
1800,Confessor (New Earth),Secret Identity,Bad Characters,Unknown or None,Unknown or None,Living Characters,14,"1982, August",1982
1801,Electrocutioner I (New Earth),Secret Identity,Bad Characters,Unknown or None,Unknown or None,Deceased Characters,14,"1981, January",1981
1802,Manhunter Highmaster (New Earth),Secret Identity,Bad Characters,Unknown or None,Unknown or None,Deceased Characters,14,"1975, August",1975
1803,Theo Storm (New Earth),Secret Identity,Good Characters,Unknown or None,Black Hair,Living Characters,14,"1999, March",1999
1804,Dwayne Geyer (New Earth),Secret Identity,Good Characters,Unknown or None,Brown Hair,Deceased Characters,14,"1993, September",1993
1805,King Savage (New Earth),Secret Identity,Good Characters,Unknown or None,Brown Hair,Deceased Characters,14,"1968, May",1968
1806,Michael Tempest (New Earth),Secret Identity,Good Characters,Unknown or None,Red Hair,Deceased Characters,14,"1968, May",1968
1807,Gecko (New Earth),Secret Identity,Good Characters,Unknown or None,Unknown or None,Living Characters,14,"1997, August",1997
1808,Poet (New Earth),Secret Identity,Neutral Characters,Unknown or None,Black Hair,Living Characters,14,"2008, July",2008
1809,Woodson Hex (New Earth),Unknown,Bad Characters,Unknown or None,White Hair,Deceased Characters,14,"1977, December",1977
1810,Benjamin Nakashima (New Earth),Unknown,Good Characters,Unknown or None,Black Hair,Living Characters,14,"1993, October",1993
1811,Keith Kalmaku (New Earth),Unknown,Good Characters,Unknown or None,Black Hair,Living Characters,14,"1970, January",1970
1812,Tadwallader Jutefruce (New Earth),Unknown,Good Characters,Unknown or None,Blond Hair,Living Characters,14,"1965, November",1965
1813,Claudio Tielli (New Earth),Unknown,Good Characters,Unknown or None,Brown Hair,Living Characters,14,"1999, March",1999
1814,Epione (New Earth),Unknown,Good Characters,Unknown or None,Brown Hair,Living Characters,14,"1987, August",1987
1815,Cal Usjak (New Earth),Unknown,Good Characters,Unknown or None,Red Hair,Living Characters,14,"1999, March",1999
1816,Lauren Isley (New Earth),Unknown,Good Characters,Unknown or None,Red Hair,Living Characters,14,"1997, August",1997
1817,Iphthime (New Earth),Unknown,Good Characters,Unknown or None,Red Hair,Living Characters,14,"1989, February",1989
1818,Gideon (New Earth),Unknown,Good Characters,Unknown or None,White Hair,Deceased Characters,14,"1989, April",1989
1819,Big Atomic Lantern Boy (New Earth),Unknown,Good Characters,Unknown or None,Unknown or None,Living Characters,14,"2008, August",2008
1820,Well-Spoken Sonic Lightning Flash (New Earth),Unknown,Good Characters,Unknown or None,Unknown or None,Living Characters,14,"2008, August",2008
1821,Anthony Dunn (New Earth),Unknown,Good Characters,Unknown or None,Unknown or None,Living Characters,14,"1984, January",1984
1822,General (New Earth),Unknown,Good Characters,Unknown or None,Unknown or None,Deceased Characters,14,"1972, March",1972
1823,Rori Stroh (New Earth),Unknown,Good Characters,Unknown or None,Unknown or None,Living Characters,14,"1961, December",1961
1824,Odin (New Earth),Unknown,Good Characters,Unknown or None,Unknown or None,Living Characters,14,"1947, May",1947
1825,Tyrone the Dog (New Earth),Unknown,Neutral Characters,Unknown or None,Grey Hair,Living Characters,14,"2006, November",2006
1826,Lili de Neuve (New Earth),Unknown,Unknown or None,Unknown or None,Brown Hair,Deceased Characters,14,"1968, May",1968
1827,Cressida (New Earth),Unknown,Unknown or None,Unknown or None,Unknown or None,Living Characters,14,"2008, July",2008
1828,Talon the Falcon (New Earth),Unknown,Unknown or None,Unknown or None,Unknown or None,Living Characters,14,"1993, January",1993
1829,Storm (New Earth),Unknown,Unknown or None,Unknown or None,Unknown or None,Living Characters,14,"1967, October",1967
1830,Susan Linden II (New Earth),Secret Identity,Good Characters,Violet Eyes,Violet Hair,Living Characters,14,"1989, January",1989
1831,Roxy (New Earth),Public Identity,Good Characters,White Eyes,Blue Hair,Living Characters,14,"2010, March",2010
1832,Steeljacket (New Earth),Secret Identity,Bad Characters,Yellow Eyes,Blond Hair,Living Characters,14,"1995, January",1995
1833,Meloni Thawne (New Earth),Public Identity,Unknown or None,Amber Eyes,Brown Hair,Living Characters,13,"1997, March",1997
1834,Bromwell Stikk (New Earth),Public Identity,Bad Characters,Black Eyes,Black Hair,Living Characters,13,"1964, July",1964
1835,Stanley Printwhistle (New Earth),Public Identity,Bad Characters,Black Eyes,Grey Hair,Living Characters,13,"1995, March",1995
1836,Shilandra Thane (New Earth),Public Identity,Good Characters,Black Eyes,Red Hair,Living Characters,13,"1992, June",1992
1837,Frederick Tuckman (New Earth),Public Identity,Good Characters,Black Eyes,Unknown or None,Living Characters,13,"2006, May",2006
1838,Gu Lao (New Earth),Public Identity,Good Characters,Black Eyes,Unknown or None,Living Characters,13,"2006, June",2006
1839,Rees-Van (New Earth),Public Identity,Good Characters,Black Eyes,Unknown or None,Living Characters,13,"2006, June",2006
1840,Sonia Zucco (New Earth),Public Identity,Neutral Characters,Black Eyes,Brown Hair,Living Characters,13,"2011, June",2011
1841,Peter Gambi (New Earth),Public Identity,Neutral Characters,Black Eyes,Brown Hair,Deceased Characters,13,"1977, April",1977
1842,Richard Hertz (New Earth),Secret Identity,Bad Characters,Black Eyes,Black Hair,Deceased Characters,13,"1986, February",1986
1843,Beelzebub (New Earth),Unknown,Bad Characters,Black Eyes,Unknown or None,Deceased Characters,13,"1989, April",1989
1844,Buddy Blank (New Earth),Unknown,Good Characters,Black Eyes,Unknown or None,Living Characters,13,"1974, October",1974
1845,Kristopher Roderic (New Earth),Public Identity,Bad Characters,Blue Eyes,Black Hair,Deceased Characters,13,"2002, May",2002
1846,Janice Porter (New Earth),Public Identity,Bad Characters,Blue Eyes,Blond Hair,Deceased Characters,13,"1999, December",1999
1847,Roman Cavallo (New Earth),Public Identity,Bad Characters,Blue Eyes,White Hair,Living Characters,13,"2008, March",2008
1848,Alysha Grant (New Earth),Public Identity,Good Characters,Blue Eyes,Blond Hair,Living Characters,13,"2009, June",2009
1849,Angela Margolin (New Earth),Public Identity,Good Characters,Blue Eyes,Blond Hair,Living Characters,13,"1998, December",1998
1850,King Ra-Man (New Earth),Public Identity,Neutral Characters,Blue Eyes,Black Hair,Living Characters,13,"1965, July",1965
1851,Harold Carew (New Earth),Public Identity,Neutral Characters,Blue Eyes,Blond Hair,Living Characters,13,"1982, July",1982
1852,Rhea (New Earth),Public Identity,Neutral Characters,Blue Eyes,Red Hair,Living Characters,13,"1985, August",1985
1853,Heretic (New Earth),Secret Identity,Bad Characters,Blue Eyes,Black Hair,Deceased Characters,13,"2010, July",2010
1854,Alec Rois (New Earth),Secret Identity,Bad Characters,Blue Eyes,Black Hair,Living Characters,13,"1988, April",1988
1855,Terrence Bolatinsky (New Earth),Secret Identity,Bad Characters,Blue Eyes,Blond Hair,Living Characters,13,"2008, April",2008
1856,William Heller (New Earth),Secret Identity,Bad Characters,Blue Eyes,Blond Hair,Deceased Characters,13,"1987, August",1987
1857,Helmut Streicher (New Earth),Secret Identity,Bad Characters,Blue Eyes,Blond Hair,Living Characters,13,"1977, February",1977
1858,James Barr (New Earth),Secret Identity,Good Characters,Blue Eyes,White Hair,Living Characters,13,"1995, October",1995
1859,Neil Richards (New Earth),Secret Identity,Neutral Characters,Blue Eyes,Red Hair,Living Characters,13,"1967, February",1967
1860,Lady of the Lake (New Earth),Unknown,Good Characters,Blue Eyes,Blue Hair,Living Characters,13,"1936, February",1936
1861,Waldo Flynn (New Earth),Unknown,Good Characters,Blue Eyes,Unknown or None,Living Characters,13,"1981, March",1981
1862,Emily Rice (New Earth),Unknown,Neutral Characters,Blue Eyes,Blond Hair,Living Characters,13,"1985, August",1985
1863,Cairo DeFrey (New Earth),Public Identity,Bad Characters,Brown Eyes,Black Hair,Living Characters,13,"1992, September",1992
1864,Euryale (New Earth),Public Identity,Bad Characters,Brown Eyes,Black Hair,Living Characters,13,"1988, December",1988
1865,Jezebel Jet (New Earth),Public Identity,Bad Characters,Brown Eyes,Red Hair,Deceased Characters,13,"2006, October",2006
1866,Grendel (New Earth),Public Identity,Bad Characters,Brown Eyes,Unknown or None,Deceased Characters,13,"1975, May",1975
1867,Adam Winterbourne (New Earth),Public Identity,Good Characters,Brown Eyes,Black Hair,Living Characters,13,"1998, June",1998
1868,Michael Shands (New Earth),Public Identity,Good Characters,Brown Eyes,Black Hair,Deceased Characters,13,"1988, May",1988
1869,Jack Soo (New Earth),Public Identity,Good Characters,Brown Eyes,Black Hair,Living Characters,13,"1986, August",1986
1870,Ewan McBane (New Earth),Public Identity,Good Characters,Brown Eyes,Brown Hair,Living Characters,13,"2009, June",2009
1871,Rita Beckman (New Earth),Public Identity,Neutral Characters,Brown Eyes,Brown Hair,Living Characters,13,"1983, July",1983
1872,Paul Gambi (New Earth),Public Identity,Neutral Characters,Brown Eyes,Brown Hair,Living Characters,13,"1963, December",1963
1873,Valerie Perez (New Earth),Public Identity,Unknown or None,Brown Eyes,Black Hair,Living Characters,13,"2006, August",2006
1874,Yang Kei-Ying (New Earth),Public Identity,Unknown or None,Brown Eyes,Black Hair,Living Characters,13,"2006, June",2006
1875,Arnold Etchinson (New Earth),Secret Identity,Bad Characters,Brown Eyes,Brown Hair,Deceased Characters,13,"1991, January",1991
1876,Kiran Singh (New Earth),Secret Identity,Good Characters,Brown Eyes,Brown Hair,Living Characters,13,"2011, January",2011
1877,Bernal Rojas (New Earth),Secret Identity,Good Characters,Brown Eyes,Brown Hair,Deceased Characters,13,"1982, June",1982
1878,Percy Sheldrake (New Earth),Secret Identity,Good Characters,Brown Eyes,Brown Hair,Deceased Characters,13,"1950, December",1950
1879,Natalie Gurdin (New Earth),Secret Identity,Unknown or None,Brown Eyes,Brown Hair,Living Characters,13,"1988, March",1988
1880,Kordax (New Earth),Public Identity,Bad Characters,Green Eyes,Blond Hair,Living Characters,13,"1990, June",1990
1881,Alkyone (New Earth),Public Identity,Bad Characters,Green Eyes,Unknown or None,Deceased Characters,13,"2008, January",2008
1882,Elizabeth Kane (New Earth),Secret Identity,Bad Characters,Green Eyes,Red Hair,Living Characters,13,"2009, August",2009
1883,Rebecca Sharpe (New Earth),Secret Identity,Bad Characters,Green Eyes,Red Hair,Living Characters,13,"1987, January",1987
1884,Ystina (New Earth),Secret Identity,Good Characters,Green Eyes,Black Hair,Living Characters,13,"2005, May",2005
1885,Loki (New Earth),Unknown,Bad Characters,Green Eyes,Brown Hair,Living Characters,13,"1961, September",1961
1886,Spawn of Frankenstein (Earth-One),Unknown,Unknown or None,Green Eyes,Brown Hair,Living Characters,13,"1973, February",1973
1887,Cassandra Craft (New Earth),Public Identity,Neutral Characters,Grey Eyes,White Hair,Living Characters,13,"1972, February",1972
1888,Sara Descarl (New Earth),Unknown,Bad Characters,Purple Eyes,Black Hair,Living Characters,13,"2004, December",2004
1889,"Deimos, God of Terror (New Earth)",Public Identity,Bad Characters,Red Eyes,Unknown or None,Deceased Characters,13,"1969, August",1969
1890,Dala (New Earth),Secret Identity,Bad Characters,Red Eyes,Black Hair,Living Characters,13,"1939, October",1939
1891,Slig (New Earth),Unknown,Bad Characters,Red Eyes,Unknown or None,Deceased Characters,13,"1971, May",1971
1892,Marcus Wise (New Earth),Public Identity,Bad Characters,Unknown or None,Brown Hair,Living Characters,13,"2008, March",2008
1893,Solaris (DC One Million),Public Identity,Bad Characters,Unknown or None,Unknown or None,Deceased Characters,13,"1998, November",1998
1894,Lucas Hilton (New Earth),Public Identity,Good Characters,Unknown or None,Black Hair,Living Characters,13,"2009, March",2009
1895,Phillip Addad (New Earth),Public Identity,Good Characters,Unknown or None,Black Hair,Living Characters,13,"2000, March",2000
1896,Letifos (New Earth),Public Identity,Good Characters,Unknown or None,Black Hair,Living Characters,13,"1994, September",1994
1897,Franklin Stern (New Earth),Public Identity,Good Characters,Unknown or None,Black Hair,Living Characters,13,"1993, November",1993
1898,Clarence Charles Batson V (New Earth),Public Identity,Good Characters,Unknown or None,Black Hair,Deceased Characters,13,,
1899,Antiope (New Earth),Public Identity,Good Characters,Unknown or None,Blond Hair,Deceased Characters,13,"1987, February",1987
1900,Phillip Kramer (New Earth),Public Identity,Good Characters,Unknown or None,Brown Hair,Living Characters,13,"1987, June",1987
1901,Lady Merria (New Earth),Public Identity,Good Characters,Unknown or None,Brown Hair,Living Characters,13,"1980, January",1980
1902,Naomi Carter (New Earth),Public Identity,Good Characters,Unknown or None,Grey Hair,Living Characters,13,"1993, October",1993
1903,Lord Diamond (New Earth),Public Identity,Good Characters,Unknown or None,Unknown or None,Living Characters,13,"1984, March",1984
1904,Edward Craig (New Earth),Public Identity,Good Characters,Unknown or None,Unknown or None,Deceased Characters,13,"1983, March",1983
1905,Tolifhar (New Earth),Public Identity,Good Characters,Unknown or None,White Hair,Living Characters,13,"2008, January",2008
1906,Thomas Longstreet (New Earth),Public Identity,Good Characters,Unknown or None,White Hair,Living Characters,13,"1989, August",1989
1907,Henri Ducard (New Earth),Public Identity,Neutral Characters,Unknown or None,Grey Hair,Living Characters,13,"1989, April",1989
1908,Dionysus (New Earth),Public Identity,Neutral Characters,Unknown or None,Unknown or None,Living Characters,13,"1941, December",1941
1909,Sterling Morris (New Earth),Public Identity,Neutral Characters,Unknown or None,White Hair,Living Characters,13,"1995, April",1995
1910,Neptune (New Earth),Public Identity,Unknown or None,Unknown or None,Unknown or None,Living Characters,13,"1945, September",1945
1911,Chad Graham (New Earth),Secret Identity,Bad Characters,Unknown or None,Blond Hair,Deceased Characters,13,,
1912,Penny Dreadful (New Earth),Secret Identity,Bad Characters,Unknown or None,Red Hair,Deceased Characters,13,"1985, August",1985
1913,Prudence Wood (New Earth),Secret Identity,Bad Characters,Unknown or None,Unknown or None,Living Characters,13,"2009, August",2009
1914,Tapeworm (New Earth),Secret Identity,Bad Characters,Unknown or None,Unknown or None,Living Characters,13,"2006, January",2006
1915,Tzin-Tzin (New Earth),Secret Identity,Bad Characters,Unknown or None,Unknown or None,Deceased Characters,13,"1966, August",1966
1916,Xu Tao (New Earth),Secret Identity,Good Characters,Unknown or None,Black Hair,Living Characters,13,"2006, June",2006
1917,Jacques Reynard (New Earth),Unknown,Bad Characters,Unknown or None,Black Hair,Living Characters,13,"1989, May",1989
1918,Xotar (New Earth),Unknown,Bad Characters,Unknown or None,Unknown or None,Living Characters,13,"1960, May",1960
1919,Kari Kalmaku (New Earth),Unknown,Good Characters,Unknown or None,Black Hair,Living Characters,13,"1980, November",1980
1920,Jake Bennetti (New Earth),Unknown,Good Characters,Unknown or None,Brown Hair,Living Characters,13,"1997, April",1997
1921,Mary Kramer (New Earth),Unknown,Good Characters,Unknown or None,Red Hair,Living Characters,13,"1999, July",1999
1922,Relok Hag (New Earth),Unknown,Good Characters,Unknown or None,White Hair,Deceased Characters,13,"2006, July",2006
1923,Hymn (New Earth),Unknown,Good Characters,Unknown or None,Unknown or None,Deceased Characters,13,"2009, March",2009
1924,Sercy (New Earth),Unknown,Good Characters,Unknown or None,Unknown or None,Deceased Characters,13,"2009, August",2009
1925,Heino Okata (New Earth),Unknown,Good Characters,Unknown or None,Unknown or None,Living Characters,13,"2008, August",2008
1926,Joely Bartlett (New Earth),Unknown,Good Characters,Unknown or None,Unknown or None,Living Characters,13,"2000, August",2000
1927,Gpaak (New Earth),Unknown,Good Characters,Unknown or None,Unknown or None,Living Characters,13,"1993, August",1993
1928,Belina Pushkin (New Earth),Unknown,Good Characters,Unknown or None,Unknown or None,Living Characters,13,"1990, February",1990
1929,Mischa Dmitrovich Pushkin (New Earth),Unknown,Good Characters,Unknown or None,Unknown or None,Living Characters,13,"1990, February",1990
1930,"Gary Concord, Jr. (New Earth)",Unknown,Good Characters,Unknown or None,Unknown or None,Living Characters,13,"1939, November",1939
1931,Alana Dominguez (New Earth),Unknown,Neutral Characters,Unknown or None,Brown Hair,Living Characters,13,"2003, October",2003
1932,Benjamin Cox (New Earth),Unknown,Neutral Characters,Unknown or None,Unknown or None,Deceased Characters,13,"1985, June",1985
1933,Sea Imp (New Earth),Unknown,Neutral Characters,Unknown or None,Unknown or None,Living Characters,13,"1965, April",1965
1934,Wendi Harris (New Earth),Unknown,Unknown or None,Unknown or None,Black Hair,Living Characters,13,"1965, June",1965
1935,Carl Packard (New Earth),Unknown,Unknown or None,Unknown or None,Brown Hair,Living Characters,13,"1993, February",1993
1936,Deacon Dark (New Earth),Public Identity,Bad Characters,White Eyes,Unknown or None,Living Characters,13,"2006, December",2006
1937,Raker Qarrigat (New Earth),Public Identity,Good Characters,White Eyes,Blue Hair,Living Characters,13,"2000, August",2000
1938,Ceritak (New Earth),Unknown,Good Characters,Yellow Eyes,White Hair,Living Characters,13,"1997, April",1997
1939,Constantine Drakon (New Earth),Public Identity,Bad Characters,Black Eyes,Black Hair,Living Characters,12,"2003, August",2003
1940,Bolphunga (New Earth),Public Identity,Bad Characters,Black Eyes,Black Hair,Living Characters,12,"1985, May",1985
1941,Vice (New Earth),Public Identity,Bad Characters,Black Eyes,Unknown or None,Deceased Characters,12,"2008, December",2008
1942,Bernard Ferguson (New Earth),Public Identity,Bad Characters,Black Eyes,Unknown or None,Living Characters,12,"1986, June",1986
1943,Young Frankenstein (New Earth),Public Identity,Good Characters,Black Eyes,Black Hair,Living Characters,12,"2006, September",2006
1944,Hollika Rahn (New Earth),Public Identity,Good Characters,Black Eyes,Black Hair,Deceased Characters,12,"1983, April",1983
1945,Chanda Madan (New Earth),Public Identity,Neutral Characters,Black Eyes,Black Hair,Living Characters,12,"1998, November",1998
1946,Tao Jones (New Earth),Secret Identity,Bad Characters,Black Eyes,Black Hair,Living Characters,12,"1985, August",1985
1947,Sea Wolf (New Earth),Secret Identity,Bad Characters,Black Eyes,Brown Hair,Living Characters,12,"1987, June",1987
1948,Vicious (New Earth),Secret Identity,Bad Characters,Black Eyes,White Hair,Living Characters,12,"1998, June",1998
1949,Jonathan Lord (New Earth),Secret Identity,Good Characters,Black Eyes,Black Hair,Living Characters,12,"1987, September",1987
1950,Sparkler (New Earth),Secret Identity,Good Characters,Black Eyes,Black Hair,Deceased Characters,12,"1984, September",1984
1951,Anubis (New Earth),Secret Identity,Unknown or None,Black Eyes,Black Hair,Living Characters,12,"1975, December",1975
1952,Ubermensch (New Earth),Unknown,Bad Characters,Black Eyes,Unknown or None,Living Characters,12,"1987, June",1987
1953,Dana Dearden (New Earth),Public Identity,Bad Characters,Blue Eyes,Brown Hair,Deceased Characters,12,"1996, February",1996
1954,Simon Ecks (New Earth),Public Identity,Bad Characters,Blue Eyes,Grey Hair,Living Characters,12,"1958, November",1958
1955,Jason Praxis (New Earth),Public Identity,Good Characters,Blue Eyes,Blond Hair,Living Characters,12,"1989, February",1989
1956,Diana Rockwell (New Earth),Public Identity,Good Characters,Blue Eyes,Blond Hair,Deceased Characters,12,"1987, December",1987
1957,"Stanley Dover, Younger (New Earth)",Public Identity,Good Characters,Blue Eyes,Blond Hair,Living Characters,12,"1966, January",1966
1958,Jennifer Jurden (New Earth),Public Identity,Good Characters,Blue Eyes,Brown Hair,Living Characters,12,"1992, February",1992
1959,Kamandi (New Earth),Public Identity,Neutral Characters,Blue Eyes,Blond Hair,Living Characters,12,"2007, September",2007
1960,Travis Clevenger (New Earth),Public Identity,Neutral Characters,Blue Eyes,Blond Hair,Living Characters,12,"2004, September",2004
1961,Christopher Ambler (New Earth),Public Identity,Unknown or None,Blue Eyes,Red Hair,Living Characters,12,"1950, September",1950
1962,Liam Hawkleigh (New Earth),Secret Identity,Bad Characters,Blue Eyes,Brown Hair,Living Characters,12,"1994, May",1994
1963,Syonide II (New Earth),Secret Identity,Bad Characters,Blue Eyes,Red Hair,Deceased Characters,12,"1985, March",1985
1964,Darrell Dane (New Earth),Secret Identity,Good Characters,Blue Eyes,Black Hair,Living Characters,12,"1939, December",1939
1965,Loretta York (New Earth),Secret Identity,Good Characters,Blue Eyes,Blond Hair,Living Characters,12,"1982, October",1982
1966,Simon Dark (New Earth),Secret Identity,Good Characters,Blue Eyes,Brown Hair,Living Characters,12,"2007, December",2007
1967,Richard Morse (New Earth),Secret Identity,Good Characters,Blue Eyes,Unknown or None,Living Characters,12,"2011, March",2011
1968,Toby Henston (New Earth),Unknown,Bad Characters,Blue Eyes,Black Hair,Living Characters,12,"2011, February",2011
1969,Fay Moffit (New Earth),Unknown,Bad Characters,Blue Eyes,Pink Hair,Deceased Characters,12,"1995, November",1995
1970,Alyce Sinner (New Earth),Public Identity,Bad Characters,Brown Eyes,Black Hair,Living Characters,12,"2009, December",2009
1971,Nicholas Cho (New Earth),Public Identity,Good Characters,Brown Eyes,Black Hair,Living Characters,12,"2010, August",2010
1972,Megan Darrow (New Earth),Public Identity,Good Characters,Brown Eyes,Brown Hair,Living Characters,12,"1994, April",1994
1973,Flex Mentallo (New Earth),Public Identity,Good Characters,Brown Eyes,Brown Hair,Living Characters,12,"1990, August",1990
1974,William Great Eagle (New Earth),Public Identity,Good Characters,Brown Eyes,Brown Hair,Living Characters,12,"1954, September",1954
1975,Garrison Slate (New Earth),Public Identity,Neutral Characters,Brown Eyes,Black Hair,Living Characters,12,"1987, May",1987
1976,"Isis, Goddess of Fertility (New Earth)",Public Identity,Unknown or None,Brown Eyes,Brown Hair,Living Characters,12,"2002, January",2002
1977,Jivan Shi (New Earth),Secret Identity,Bad Characters,Brown Eyes,Black Hair,Deceased Characters,12,"1983, March",1983
1978,Black-Cloud-In-Morning (New Earth),Secret Identity,Bad Characters,Brown Eyes,Black Hair,Deceased Characters,12,"1982, June",1982
1979,Dennis Samuel Ellis (New Earth),Secret Identity,Bad Characters,Brown Eyes,Blond Hair,Living Characters,12,"1997, April",1997
1980,William Matthews (New Earth),Secret Identity,Bad Characters,Brown Eyes,Brown Hair,Deceased Characters,12,"2004, July",2004
1981,Pamela Sweigeld (New Earth),Secret Identity,Bad Characters,Brown Eyes,Brown Hair,Living Characters,12,"1995, July",1995
1982,Mayflower (New Earth),Secret Identity,Bad Characters,Brown Eyes,Brown Hair,Deceased Characters,12,"1984, September",1984
1983,Charles Brown (New Earth),Secret Identity,Bad Characters,Brown Eyes,Brown Hair,Deceased Characters,12,"1960, August",1960
1984,William Twotrees (New Earth),Secret Identity,Good Characters,Brown Eyes,Black Hair,Living Characters,12,"1994, December",1994
1985,Anne-Marie Brogan (New Earth),Secret Identity,Good Characters,Brown Eyes,Black Hair,Living Characters,12,"1992, September",1992
1986,John Butcher (New Earth),Secret Identity,Good Characters,Brown Eyes,Black Hair,Living Characters,12,"1990, May",1990
1987,Daniel Khalifa (New Earth),Secret Identity,Good Characters,Brown Eyes,Brown Hair,Living Characters,12,"2007, March",2007
1988,Charles Vicker (New Earth),Secret Identity,Good Characters,Brown Eyes,Brown Hair,Deceased Characters,12,"1967, September",1967
1989,Immortal Man in Darkness (New Earth),Secret Identity,Unknown or None,Brown Eyes,Black Hair,Living Characters,12,"2006, June",2006
1990,Lieutenant Carson (New Earth),Unknown,Good Characters,Brown Eyes,Black Hair,Living Characters,12,"2008, July",2008
1991,Artemio Villareal (New Earth),Unknown,Good Characters,Brown Eyes,Black Hair,Living Characters,12,"1989, November",1989
1992,Jason (New Earth),Unknown,Unknown or None,Brown Eyes,Black Hair,Living Characters,12,1988,1988
1993,James Corrigan II (New Earth),Public Identity,Bad Characters,Green Eyes,Red Hair,Deceased Characters,12,"2003, December",2003
1994,Enigma (New Earth),Secret Identity,Neutral Characters,Green Eyes,Red Hair,Living Characters,12,"2006, September",2006
1995,Katarina Armstrong (New Earth),Unknown,Unknown or None,Green Eyes,Blond Hair,Living Characters,12,"2007, January",2007
1996,Despair (New Earth),Secret Identity,Neutral Characters,Grey Eyes,Black Hair,Living Characters,12,"1989, November",1989
1997,Mekanique (New Earth),Secret Identity,Neutral Characters,Photocellular Eyes,Unknown or None,Living Characters,12,"1985, October",1985
1998,Imperiex-Prime (New Earth),Secret Identity,Bad Characters,Red Eyes,Black Hair,Deceased Characters,12,"2000, February",2000
1999,Sebastian Blood IX (New Earth),Secret Identity,Bad Characters,Red Eyes,White Hair,Deceased Characters,12,"2004, January",2004
2000,Theresa Zimmer (New Earth),Unknown,Bad Characters,Red Eyes,Black Hair,Deceased Characters,12,"1986, December",1986
2001,Nunzio (New Earth),Public Identity,Bad Characters,Unknown or None,Black Hair,Living Characters,12,"1997, August",1997
2002,Harold Melrose (New Earth),Public Identity,Bad Characters,Unknown or None,Black Hair,Deceased Characters,12,"1988, October",1988
2003,Clive Yorkin (New Earth),Public Identity,Bad Characters,Unknown or None,Brown Hair,Living Characters,12,"1979, February",1979
2004,Jess Bright (New Earth),Public Identity,Bad Characters,Unknown or None,Brown Hair,Living Characters,12,"1959, September",1959
2005,Matango (New Earth),Public Identity,Bad Characters,Unknown or None,Unknown or None,Living Characters,12,"1988, November",1988
2006,Iqula (New Earth),Public Identity,Good Characters,Unknown or None,Black Hair,Living Characters,12,"1992, February",1992
2007,Chuy Salinas (New Earth),Public Identity,Good Characters,Unknown or None,Black Hair,Living Characters,12,"1989, August",1989
2008,Edward Ferbel (New Earth),Public Identity,Good Characters,Unknown or None,Black Hair,Living Characters,12,"1989, January",1989
2009,Jogarr (New Earth),Public Identity,Good Characters,Unknown or None,Black Hair,Deceased Characters,12,"1984, November",1984
2010,Luther Mannkin (New Earth),Public Identity,Good Characters,Unknown or None,Black Hair,Living Characters,12,"1984, September",1984
2011,Christine Fenton (New Earth),Public Identity,Good Characters,Unknown or None,Blond Hair,Living Characters,12,"1987, August",1987
2012,Mercury (Roman God) (New Earth),Public Identity,Good Characters,Unknown or None,Blond Hair,Living Characters,12,"1944, May",1944
2013,Axel Baines (New Earth),Public Identity,Good Characters,Unknown or None,Brown Hair,Living Characters,12,"2009, November",2009
2014,Denton Fixx (New Earth),Public Identity,Good Characters,Unknown or None,Brown Hair,Living Characters,12,"1986, January",1986
2015,Tanga (New Earth),Public Identity,Good Characters,Unknown or None,Purple Hair,Living Characters,12,"2011, March",2011
2016,Prince Moonstone (New Earth),Public Identity,Good Characters,Unknown or None,Red Hair,Living Characters,12,"1983, December",1983
2017,Alonzo Malrey (New Earth),Public Identity,Good Characters,Unknown or None,Unknown or None,Living Characters,12,"2005, May",2005
2018,Curtis DeVore (New Earth),Public Identity,Good Characters,Unknown or None,Unknown or None,Living Characters,12,"1989, November",1989
2019,Silver Shannon (New Earth),Public Identity,Good Characters,Unknown or None,White Hair,Living Characters,12,"1967, June",1967
2020,Jeb Friedman (New Earth),Public Identity,Neutral Characters,Unknown or None,Black Hair,Deceased Characters,12,"1991, October",1991
2021,Thesily (New Earth),Public Identity,Neutral Characters,Unknown or None,Black Hair,Deceased Characters,12,"1991, December",1991
2022,Hillary Chang (New Earth),Public Identity,Unknown or None,Unknown or None,Unknown or None,Living Characters,12,"1996, February",1996
2023,Brenda Valentine (New Earth),Public Identity,Unknown or None,Unknown or None,Black Hair,Living Characters,12,"1986, January",1986
2024,Weaponer (New Earth),Secret Identity,Bad Characters,Unknown or None,Black Hair,Living Characters,12,"2010, August",2010
2025,Scoopshovel (New Earth),Secret Identity,Bad Characters,Unknown or None,Black Hair,Deceased Characters,12,"1984, May",1984
2026,Nathan Prince (New Earth),Secret Identity,Bad Characters,Unknown or None,Brown Hair,Living Characters,12,"2008, April",2008
2027,Delores Winters (New Earth),Secret Identity,Bad Characters,Unknown or None,Brown Hair,Deceased Characters,12,"1940, January",1940
2028,Mad Hatter II (New Earth),Secret Identity,Bad Characters,Unknown or None,Red Hair,Living Characters,12,"1956, April",1956
2029,April Clarkson (New Earth),Secret Identity,Bad Characters,Unknown or None,Unknown or None,Deceased Characters,12,"2008, July",2008
2030,Shatterfist II (New Earth),Secret Identity,Bad Characters,Unknown or None,Unknown or None,Living Characters,12,"1994, May",1994
2031,Titus Czonka (New Earth),Secret Identity,Bad Characters,Unknown or None,Unknown or None,Living Characters,12,"1993, November",1993
2032,Jackhammer (New Earth),Secret Identity,Bad Characters,Unknown or None,Unknown or None,Deceased Characters,12,"1984, May",1984
2033,Gray Lady (New Earth),Secret Identity,Bad Characters,Unknown or None,White Hair,Living Characters,12,"2000, March",2000
2034,Sledge (New Earth),Secret Identity,Bad Characters,Unknown or None,White Hair,Living Characters,12,"1995, January",1995
2035,Jayna (New Earth),Secret Identity,Good Characters,Unknown or None,Black Hair,Living Characters,12,"1995, October",1995
2036,Zan (New Earth),Secret Identity,Good Characters,Unknown or None,Black Hair,Living Characters,12,"1995, October",1995
2037,Elliot Taylor (New Earth),Secret Identity,Good Characters,Unknown or None,Black Hair,Living Characters,12,"1980, November",1980
2038,Barbara Gordon (Zero Hour),Secret Identity,Good Characters,Unknown or None,Brown Hair,Deceased Characters,12,"1994, September",1994
2039,Lester Lee (New Earth),Secret Identity,Good Characters,Unknown or None,Brown Hair,Living Characters,12,"1989, January",1989
2040,Charnelle (New Earth),Secret Identity,Good Characters,Unknown or None,Unknown or None,Living Characters,12,"1995, January",1995
2041,Unknown Soldier II (New Earth),Secret Identity,Good Characters,Unknown or None,Unknown or None,Living Characters,12,"1988, December",1988
2042,Mervyn Pumpkinhead (New Earth),Secret Identity,Neutral Characters,Unknown or None,Unknown or None,Living Characters,12,"1989, May",1989
2043,Gunther Van Horn (New Earth),Unknown,Bad Characters,Unknown or None,Brown Hair,Deceased Characters,12,"1993, October",1993
2044,Mzzttexxal (New Earth),Unknown,Bad Characters,Unknown or None,Unknown or None,Living Characters,12,"1985, February",1985
2045,Jennifer Warren (New Earth),Unknown,Good Characters,Unknown or None,Black Hair,Living Characters,12,"2009, May",2009
2046,Caz Sallucci (New Earth),Unknown,Good Characters,Unknown or None,Black Hair,Living Characters,12,"1994, April",1994
2047,Tabu Singh (New Earth),Unknown,Good Characters,Unknown or None,Black Hair,Living Characters,12,"1992, September",1992
2048,Ne-ahn (New Earth),Unknown,Good Characters,Unknown or None,Black Hair,Living Characters,12,"1968, May",1968
2049,Pegasus (New Earth),Unknown,Good Characters,Unknown or None,Black Hair,Living Characters,12,,
2050,Sturgis Butterfield (New Earth),Unknown,Good Characters,Unknown or None,Blond Hair,Living Characters,12,"1989, January",1989
2051,Harvey Lockman (New Earth),Unknown,Good Characters,Unknown or None,Brown Hair,Living Characters,12,"1971, March",1971
2052,Jupiter (New Earth),Unknown,Good Characters,Unknown or None,White Hair,Living Characters,12,,
2053,Tascha Pushkin (New Earth),Unknown,Good Characters,Unknown or None,Unknown or None,Living Characters,12,"1990, February",1990
2054,Andrew Greenwald (New Earth),Unknown,Good Characters,Unknown or None,Unknown or None,Living Characters,12,"1989, January",1989
2055,Oliversity (New Earth),Unknown,Good Characters,Unknown or None,Unknown or None,Deceased Characters,12,"1988, March",1988
2056,Mongo Ironhand (New Earth),Unknown,Good Characters,Unknown or None,Unknown or None,Living Characters,12,"1979, December",1979
2057,O-Sensei (New Earth),Unknown,Good Characters,Unknown or None,Unknown or None,Deceased Characters,12,"1975, May",1975
2058,Terrence Berg (New Earth),Unknown,Neutral Characters,Unknown or None,Blond Hair,Living Characters,12,"2000, October",2000
2059,Black Flash (New Earth),Unknown,Neutral Characters,Unknown or None,Unknown or None,Living Characters,12,"1998, June",1998
2060,Arnold Kaua (New Earth),Unknown,Neutral Characters,Unknown or None,Unknown or None,Living Characters,12,"1994, March",1994
2061,Wesley Fermin (New Earth),Unknown,Neutral Characters,Unknown or None,Unknown or None,Deceased Characters,12,"1987, February",1987
2062,Terri Kurtzberger (New Earth),Unknown,Unknown or None,Unknown or None,Red Hair,Living Characters,12,"1983, October",1983
2063,Akisha (New Earth),Unknown,Unknown or None,Unknown or None,Unknown or None,Living Characters,12,"2008, July",2008
2064,Astrild Storm-Daughter (New Earth),Public Identity,Bad Characters,White Eyes,Black Hair,Deceased Characters,12,"2009, June",2009
2065,Silica (New Earth),Public Identity,Neutral Characters,White Eyes,Pink Hair,Deceased Characters,12,"2006, December",2006
2066,Asteroth (New Earth),Secret Identity,Bad Characters,Yellow Eyes,Black Hair,Living Characters,12,,
2067,Angry Charlie (New Earth),Unknown,Good Characters,Yellow Eyes,Unknown or None,Living Characters,12,"1972, January",1972
2068,Lynx II (New Earth),Secret Identity,Neutral Characters,Amber Eyes,Black Hair,Living Characters,11,"2008, December",2008
2069,K. Russell Abernathy (New Earth),Public Identity,Bad Characters,Black Eyes,Green Hair,Living Characters,11,"2006, May",2006
2070,Thaddeus Killgrave (New Earth),Public Identity,Bad Characters,Black Eyes,Red Hair,Living Characters,11,"1988, July",1988
2071,Warlock of Ys (New Earth),Public Identity,Bad Characters,Black Eyes,Unknown or None,Living Characters,11,"1966, January",1966
2072,Marius Dimeter (New Earth),Public Identity,Good Characters,Black Eyes,Black Hair,Living Characters,11,"2008, December",2008
2073,Rose Psychic (New Earth),Public Identity,Good Characters,Black Eyes,Black Hair,Deceased Characters,11,"1937, March",1937
2074,Lart (New Earth),Public Identity,Good Characters,Black Eyes,Blond Hair,Living Characters,11,"1968, May",1968
2075,Ishmael (New Earth),Public Identity,Good Characters,Black Eyes,Unknown or None,Living Characters,11,"1998, December",1998
2076,Tigra (New Earth),Public Identity,Neutral Characters,Black Eyes,Red Hair,Deceased Characters,11,"1972, March",1972
2077,Killer Wasp (New Earth),Secret Identity,Bad Characters,Black Eyes,Black Hair,Deceased Characters,11,"2000, April",2000
2078,Bertram Larvan (New Earth),Secret Identity,Bad Characters,Black Eyes,Black Hair,Deceased Characters,11,"1966, September",1966
2079,Savitar (New Earth),Secret Identity,Bad Characters,Black Eyes,Blue Hair,Deceased Characters,11,"1995, December",1995
2080,Giz (New Earth),Secret Identity,Bad Characters,Black Eyes,Brown Hair,Living Characters,11,"1996, January",1996
2081,Charybdis (New Earth),Secret Identity,Bad Characters,Black Eyes,Unknown or None,Living Characters,11,"1994, August",1994
2082,Henry Cosgei (New Earth),Secret Identity,Good Characters,Black Eyes,Black Hair,Living Characters,11,,
2083,Simon Culp (New Earth),Unknown,Bad Characters,Black Eyes,White Hair,Deceased Characters,11,"2000, March",2000
2084,Bride (New Earth),Unknown,Good Characters,Black Eyes,Black Hair,Living Characters,11,"2006, April",2006
2085,Deeter (New Earth),Unknown,Good Characters,Black Eyes,Red Hair,Living Characters,11,"1983, March",1983
2086,Esak (New Earth),Public Identity,Bad Characters,Blue Eyes,Blond Hair,Deceased Characters,11,"1971, September",1971
2087,Cheryl Constantine (New Earth),Public Identity,Good Characters,Blue Eyes,Blond Hair,Living Characters,11,"1988, April",1988
2088,Lucy Spears (New Earth),Public Identity,Good Characters,Blue Eyes,Blond Hair,Deceased Characters,11,"1988, November",1988
2089,Beowulf (New Earth),Public Identity,Good Characters,Blue Eyes,Blond Hair,Living Characters,11,"1975, May",1975
2090,Steven Savage (New Earth),Public Identity,Good Characters,Blue Eyes,Blond Hair,Living Characters,11,"1965, December",1965
2091,Walter Trigger (New Earth),Public Identity,Good Characters,Blue Eyes,Orange Hair,Living Characters,11,"1951, May",1951
2092,Wayne Trigger (New Earth),Public Identity,Good Characters,Blue Eyes,Orange Hair,Living Characters,11,"1951, May",1951
2093,Iona Vane (New Earth),Public Identity,Good Characters,Blue Eyes,Red Hair,Living Characters,11,"1961, October",1961
2094,Lady Sapphire (New Earth),Public Identity,Neutral Characters,Blue Eyes,Black Hair,Living Characters,11,"1983, September",1983
2095,Blanca (New Earth),Public Identity,Neutral Characters,Blue Eyes,Blond Hair,Living Characters,11,"2010, January",2010
2096,Mighty Bruce (New Earth),Public Identity,Neutral Characters,Blue Eyes,Brown Hair,Living Characters,11,"1989, January",1989
2097,Timothy Ravenwind (New Earth),Public Identity,Neutral Characters,Blue Eyes,Red Hair,Living Characters,11,"1973, August",1973
2098,Guido Garibaldi (New Earth),Public Identity,Unknown or None,Blue Eyes,Black Hair,Living Characters,11,"1986, January",1986
2099,Emma (New Earth),Public Identity,Unknown or None,Blue Eyes,Brown Hair,Deceased Characters,11,"1985, June",1985
2100,Doctor Impossible (New Earth),Secret Identity,Bad Characters,Blue Eyes,Black Hair,Living Characters,11,"2006, October",2006
2101,Steamroller (New Earth),Secret Identity,Bad Characters,Blue Eyes,Black Hair,Deceased Characters,11,"1984, May",1984
2102,Chain Lightning (New Earth),Secret Identity,Bad Characters,Blue Eyes,Blond Hair,Living Characters,11,"1996, April",1996
2103,Camorouge (New Earth),Secret Identity,Bad Characters,Blue Eyes,Red Hair,Living Characters,11,"1995, January",1995
2104,Jonar Jon Carter (New Earth),Secret Identity,Bad Characters,Blue Eyes,White Hair,Living Characters,11,"2007, October",2007
2105,Musketeer (New Earth),Secret Identity,Good Characters,Blue Eyes,Black Hair,Living Characters,11,"1955, January",1955
2106,David Sargent (New Earth),Secret Identity,Good Characters,Blue Eyes,Blond Hair,Living Characters,11,"2007, April",2007
2107,Valoric (New Earth),Secret Identity,Good Characters,Blue Eyes,Blond Hair,Living Characters,11,"1979, October",1979
2108,Galahad II (New Earth),Secret Identity,Good Characters,Blue Eyes,Brown Hair,Living Characters,11,"2010, September",2010
2109,Alex Olsen (New Earth),Secret Identity,Neutral Characters,Blue Eyes,Blond Hair,Living Characters,11,"1971, July",1971
2110,Eric Lindahl (New Earth),Unknown,Good Characters,Blue Eyes,Blond Hair,Living Characters,11,"2011, February",2011
2111,Thomas Kirk (New Earth),Unknown,Good Characters,Blue Eyes,Brown Hair,Living Characters,11,"2007, December",2007
2112,Timandra (New Earth),Unknown,Good Characters,Blue Eyes,Brown Hair,Living Characters,11,"1988, November",1988
2113,Richard Dare (New Earth),Unknown,Good Characters,Blue Eyes,Brown Hair,Deceased Characters,11,"1941, October",1941
2114,Sister Anne-Marie (New Earth),Unknown,Neutral Characters,Blue Eyes,Unknown or None,Deceased Characters,11,"1985, June",1985
2115,Stheno (New Earth),Public Identity,Bad Characters,Brown Eyes,Black Hair,Living Characters,11,"2001, February",2001
2116,Babe Tanaka (New Earth),Public Identity,Good Characters,Brown Eyes,Black Hair,Living Characters,11,"1991, August",1991
2117,Gnarrk (New Earth),Public Identity,Good Characters,Brown Eyes,Black Hair,Deceased Characters,11,"1971, April",1971
2118,Rodger Bach (New Earth),Public Identity,Good Characters,Brown Eyes,Brown Hair,Living Characters,11,"1989, July",1989
2119,Jefferson Jackson (New Earth),Public Identity,Neutral Characters,Brown Eyes,Black Hair,Living Characters,11,"1982, June",1982
2120,Artemis (Female Furies) (New Earth),Secret Identity,Bad Characters,Brown Eyes,Black Hair,Living Characters,11,"1989, November",1989
2121,Mica Love (New Earth),Secret Identity,Bad Characters,Brown Eyes,Black Hair,Deceased Characters,11,"1983, July",1983
2122,Gaius Marcus (New Earth),Secret Identity,Bad Characters,Brown Eyes,Blond Hair,Living Characters,11,"1996, September",1996
2123,Alejandro Sanchez (New Earth),Secret Identity,Good Characters,Brown Eyes,Black Hair,Deceased Characters,11,"1996, February",1996
2124,Kako (New Earth),Secret Identity,Good Characters,Brown Eyes,Black Hair,Living Characters,11,"1994, February",1994
2125,Miguel Devante (New Earth),Secret Identity,Good Characters,Brown Eyes,Brown Hair,Living Characters,11,"2005, August",2005
2126,Sharon Vance (New Earth),Secret Identity,Good Characters,Brown Eyes,Brown Hair,Deceased Characters,11,"1999, October",1999
2127,Ronald Evers (New Earth),Secret Identity,Neutral Characters,Brown Eyes,Black Hair,Living Characters,11,"1982, June",1982
2128,Odalys Valdez (New Earth),Unknown,Unknown or None,Brown Eyes,Black Hair,Deceased Characters,11,"2001, December",2001
2129,Etienne Du Vipere (New Earth),Public Identity,Bad Characters,Green Eyes,Black Hair,Living Characters,11,"1993, February",1993
2130,Aliki Marceau (New Earth),Public Identity,Bad Characters,Green Eyes,Red Hair,Living Characters,11,"1999, June",1999
2131,Margot Marceau (New Earth),Public Identity,Bad Characters,Green Eyes,Red Hair,Living Characters,11,"1999, June",1999
2132,Olivia Reynolds (New Earth),Public Identity,Bad Characters,Green Eyes,Red Hair,Living Characters,11,"1969, September",1969
2133,Saffron Bell (New Earth),Public Identity,Good Characters,Green Eyes,Blond Hair,Living Characters,11,"2004, September",2004
2134,K.P. Watson (New Earth),Public Identity,Good Characters,Green Eyes,Strawberry Blond Hair,Living Characters,11,"1986, January",1986
2135,Terry Chase (New Earth),Public Identity,Neutral Characters,Green Eyes,Black Hair,Living Characters,11,"1998, January",1998
2136,Ace Atchinson (New Earth),Public Identity,Unknown or None,Green Eyes,Blond Hair,Living Characters,11,"1998, September",1998
2137,Kitrina Falcone (New Earth),Secret Identity,Neutral Characters,Green Eyes,Unknown or None,Living Characters,11,"2009, December",2009
2138,Ashel Sabian Formanta (New Earth),Unknown,Good Characters,Green Eyes,Black Hair,Deceased Characters,11,"1993, December",1993
2139,Gray Man (New Earth),Secret Identity,Unknown or None,Grey Eyes,Grey Hair,Living Characters,11,"1987, June",1987
2140,Noble (New Earth),Unknown,Bad Characters,Orange Eyes,Grey Hair,Living Characters,11,"1998, December",1998
2141,Hippolyta Milton (New Earth),Public Identity,Neutral Characters,Purple Eyes,Purple Hair,Living Characters,11,"1994, March",1994
2142,Synn (New Earth),Public Identity,Bad Characters,Red Eyes,Black Hair,Living Characters,11,"1984, December",1984
2143,Mongal (New Earth),Public Identity,Bad Characters,Red Eyes,Brown Hair,Deceased Characters,11,"1995, September",1995
2144,Shaggy Man I (New Earth),Public Identity,Bad Characters,Red Eyes,Brown Hair,Living Characters,11,"1966, June",1966
2145,Maaldor (New Earth),Public Identity,Bad Characters,Red Eyes,Red Hair,Deceased Characters,11,"1983, April",1983
2146,Qull (New Earth),Public Identity,Bad Characters,Red Eyes,Unknown or None,Deceased Characters,11,1986,1986
2147,Dawg (New Earth),Public Identity,Bad Characters,Red Eyes,White Hair,Deceased Characters,11,"1991, December",1991
2148,Laethwen (New Earth),Public Identity,Good Characters,Red Eyes,Red Hair,Deceased Characters,11,"1983, September",1983
2149,Cleric (New Earth),Public Identity,Good Characters,Red Eyes,White Hair,Deceased Characters,11,"1989, May",1989
2150,Linda Friitawa (New Earth),Secret Identity,Bad Characters,Red Eyes,White Hair,Living Characters,11,"2004, July",2004
2151,Spol (New Earth),Secret Identity,Good Characters,Red Eyes,Unknown or None,Living Characters,11,"1983, September",1983
2152,Talbot Cantrip (New Earth),Public Identity,Bad Characters,Unknown or None,Blond Hair,Living Characters,11,"1995, July",1995
2153,Klaus Cornelius (New Earth),Public Identity,Bad Characters,Unknown or None,Grey Hair,Living Characters,11,"1987, July",1987
2154,Blume (New Earth),Public Identity,Bad Characters,Unknown or None,Unknown or None,Living Characters,11,"2009, April",2009
2155,Creighton Kendall (New Earth),Public Identity,Bad Characters,Unknown or None,Unknown or None,Deceased Characters,11,"1992, June",1992
2156,Hyper-Adapter (New Earth),Public Identity,Bad Characters,Unknown or None,Unknown or None,Living Characters,11,"1990, August",1990
2157,Ian Karkull (New Earth),Public Identity,Bad Characters,Unknown or None,Unknown or None,Deceased Characters,11,"1941, July",1941
2158,Shen Li Po (New Earth),Public Identity,Good Characters,Unknown or None,Black Hair,Living Characters,11,"2006, July",2006
2159,Ali Ben Khadir (New Earth),Public Identity,Good Characters,Unknown or None,Black Hair,Living Characters,11,"1997, August",1997
2160,James Flint (New Earth),Public Identity,Good Characters,Unknown or None,Black Hair,Living Characters,11,"1992, October",1992
2161,Eve Donner (New Earth),Public Identity,Good Characters,Unknown or None,Black Hair,Living Characters,11,"1972, July",1972
2162,Nora Thompson (New Earth),Public Identity,Good Characters,Unknown or None,Blond Hair,Living Characters,11,"2009, June",2009
2163,Phyllis Haller (New Earth),Public Identity,Good Characters,Unknown or None,Blond Hair,Living Characters,11,"1989, December",1989
2164,Elizabeth Granger (New Earth),Public Identity,Good Characters,Unknown or None,Brown Hair,Living Characters,11,"2007, December",2007
2165,Wesley Thomas (New Earth),Public Identity,Good Characters,Unknown or None,Brown Hair,Living Characters,11,"2000, September",2000
2166,Toby Raynes (New Earth),Public Identity,Good Characters,Unknown or None,Brown Hair,Living Characters,11,"1987, September",1987
2167,Four-Eyes (New Earth),Public Identity,Good Characters,Unknown or None,Brown Hair,Deceased Characters,11,"1976, July",1976
2168,Peter Farelli (New Earth),Public Identity,Good Characters,Unknown or None,Red Hair,Living Characters,11,"2008, February",2008
2169,Rae Hall (New Earth),Public Identity,Good Characters,Unknown or None,Red Hair,Living Characters,11,"1968, November",1968
2170,Gigantus (New Earth),Public Identity,Good Characters,Unknown or None,Unknown or None,Living Characters,11,"1993, December",1993
2171,Rynoc (New Earth),Public Identity,Good Characters,Unknown or None,Unknown or None,Living Characters,11,"1985, August",1985
2172,Jeremiah Duncan (New Earth),Public Identity,Neutral Characters,Unknown or None,Black Hair,Living Characters,11,"1986, June",1986
2173,Bruno George (New Earth),Public Identity,Neutral Characters,Unknown or None,Blond Hair,Living Characters,11,"1984, September",1984
2174,Lilhy (New Earth),Public Identity,Neutral Characters,Unknown or None,Brown Hair,Living Characters,11,"1995, February",1995
2175,Phoebe (New Earth),Public Identity,Neutral Characters,Unknown or None,Unknown or None,Deceased Characters,11,"1985, August",1985
2176,Mars (New Earth),Public Identity,Neutral Characters,Unknown or None,Unknown or None,Living Characters,11,"1944, May",1944
2177,Zirral (New Earth),Public Identity,Unknown or None,Unknown or None,Unknown or None,Living Characters,11,"1985, August",1985
2178,Jennifer Long (New Earth),Public Identity,Unknown or None,Unknown or None,Brown Hair,Deceased Characters,11,"1982, September",1982
2179,Silent Majority II (New Earth),Secret Identity,Bad Characters,Unknown or None,Black Hair,Living Characters,11,"2006, June",2006
2180,Gemini De Mille (New Earth),Secret Identity,Bad Characters,Unknown or None,Black Hair,Living Characters,11,"2000, January",2000
2181,Arak Wind-Walker (New Earth),Secret Identity,Bad Characters,Unknown or None,Black Hair,Deceased Characters,11,"1985, August",1985
2182,Mister Smith (New Earth),Secret Identity,Bad Characters,Unknown or None,Black Hair,Living Characters,11,"1984, April",1984
2183,Meanstreak (New Earth),Secret Identity,Bad Characters,Unknown or None,Blond Hair,Living Characters,11,"1993, August",1993
2184,Razorburn (New Earth),Secret Identity,Bad Characters,Unknown or None,Blue Hair,Living Characters,11,"2008, January",2008
2185,Clock King II (New Earth),Secret Identity,Bad Characters,Unknown or None,Brown Hair,Living Characters,11,"2008, April",2008
2186,Frederick DeLamb (New Earth),Secret Identity,Bad Characters,Unknown or None,Brown Hair,Living Characters,11,"1983, August",1983
2187,Arnold Beck (New Earth),Secret Identity,Bad Characters,Unknown or None,Red Hair,Deceased Characters,11,"1987, August",1987
2188,Rosie (New Earth),Secret Identity,Bad Characters,Unknown or None,Red Hair,Deceased Characters,11,"1984, May",1984
2189,Starshrike (New Earth),Secret Identity,Bad Characters,Unknown or None,Unknown or None,Living Characters,11,"2002, April",2002
2190,Donald Campbell (New Earth),Secret Identity,Bad Characters,Unknown or None,Unknown or None,Deceased Characters,11,"1989, April",1989
2191,Mai Miyazaki (New Earth),Secret Identity,Bad Characters,Unknown or None,Unknown or None,Living Characters,11,"1989, October",1989
2192,Kestrel (New Earth),Secret Identity,Bad Characters,Unknown or None,Unknown or None,Living Characters,11,"1988, October",1988
2193,Red Panzer IV (New Earth),Secret Identity,Bad Characters,Unknown or None,Unknown or None,Living Characters,11,,
2194,Claudia Shane (New Earth),Secret Identity,Good Characters,Unknown or None,Red Hair,Living Characters,11,"1971, March",1971
2195,Von Daggle (New Earth),Secret Identity,Good Characters,Unknown or None,Unknown or None,Living Characters,11,"2007, February",2007
2196,Yggdrasil (New Earth),Secret Identity,Good Characters,Unknown or None,Unknown or None,Living Characters,11,"1989, November",1989
2197,Peyton Riley (New Earth),Secret Identity,Neutral Characters,Unknown or None,Blond Hair,Living Characters,11,"2007, March",2007
2198,Destruction (New Earth),Secret Identity,Neutral Characters,Unknown or None,Red Hair,Living Characters,11,1991,1991
2199,Fury-6 (New Earth),Unknown,Bad Characters,Unknown or None,Unknown or None,Living Characters,11,"2008, December",2008
2200,Blank Slate (New Earth),Unknown,Bad Characters,Unknown or None,Unknown or None,Living Characters,11,"2000, March",2000
2201,Blockade (New Earth),Unknown,Bad Characters,Unknown or None,Unknown or None,Living Characters,11,"2000, March",2000
2202,Serpenteen (New Earth),Unknown,Bad Characters,Unknown or None,Unknown or None,Living Characters,11,"2000, March",2000
2203,Lissik (New Earth),Unknown,Bad Characters,Unknown or None,Unknown or None,Deceased Characters,11,"1993, August",1993
2204,Andreas Havoc (New Earth),Unknown,Bad Characters,Unknown or None,Unknown or None,Living Characters,11,"1992, September",1992
2205,Choronzon (New Earth),Unknown,Bad Characters,Unknown or None,Unknown or None,Living Characters,11,"1989, April",1989
2206,Johnny Cloud II (New Earth),Unknown,Good Characters,Unknown or None,Black Hair,Living Characters,11,"2005, July",2005
2207,Growler (New Earth),Unknown,Good Characters,Unknown or None,Black Hair,Living Characters,11,"1998, April",1998
2208,Gorr (New Earth),Unknown,Good Characters,Unknown or None,Brown Hair,Living Characters,11,"1998, April",1998
2209,Howler (New Earth),Unknown,Good Characters,Unknown or None,Grey Hair,Living Characters,11,"1998, April",1998
2210,Lok Neboora (New Earth),Unknown,Good Characters,Unknown or None,Unknown or None,Living Characters,11,"2005, October",2005
2211,Hercules (New Earth),Unknown,Neutral Characters,Unknown or None,Black Hair,Living Characters,11,"1991, September",1991
2212,Norman Madison (New Earth),Unknown,Neutral Characters,Unknown or None,Brown Hair,Deceased Characters,11,"2006, January",2006
2213,Corinthian (New Earth),Unknown,Bad Characters,Unknown or None,Black Hair,Living Characters,11,"1989, November",1989
2214,Israel Harel (New Earth),Unknown,Bad Characters,Unknown or None,Unknown or None,Living Characters,11,"1986, October",1986
2215,Alecto (New Earth),Unknown,Bad Characters,Unknown or None,Unknown or None,Living Characters,11,"1981, October",1981
2216,Megaera (New Earth),Unknown,Bad Characters,Unknown or None,Unknown or None,Living Characters,11,"1981, October",1981
2217,Kerry (New Earth),Unknown,Bad Characters,Unknown or None,Unknown or None,Deceased Characters,11,"1966, March",1966
2218,Nicholas Galtry (New Earth),Unknown,Bad Characters,Unknown or None,Unknown or None,Living Characters,11,"1965, December",1965
2219,Luigi (New Earth),Unknown,Good Characters,Unknown or None,Black Hair,Living Characters,11,"1972, December",1972
2220,William Lefferts (New Earth),Unknown,Good Characters,Unknown or None,Blond Hair,Living Characters,11,"1989, January",1989
2221,Thomas Longacre (New Earth),Unknown,Good Characters,Unknown or None,Unknown or None,Living Characters,11,"1989, January",1989
2222,Jack Wyznowski (New Earth),Unknown,Good Characters,Unknown or None,Unknown or None,Living Characters,11,"1988, August",1988
2223,Volk (New Earth),Unknown,Good Characters,Unknown or None,Unknown or None,Living Characters,11,"1985, July",1985
2224,Max (New Earth),Unknown,Good Characters,Unknown or None,Unknown or None,Living Characters,11,"1983, October",1983
2225,Gernsback (New Earth),Unknown,Good Characters,Unknown or None,Unknown or None,Living Characters,11,,
2226,Amanda McCoy (New Earth),Unknown,Neutral Characters,Unknown or None,Brown Hair,Deceased Characters,11,"1987, February",1987
2227,Thoth (New Earth),Unknown,Neutral Characters,Unknown or None,Unknown or None,Living Characters,11,"1987, October",1987
2228,Gregor Gregorovich (New Earth),Unknown,Unknown or None,Unknown or None,Brown Hair,Living Characters,11,"1987, December",1987
2229,Mope-Stattor Neer (New Earth),Public Identity,Good Characters,White Eyes,Black Hair,Deceased Characters,11,"1995, November",1995
2230,Massacre (New Earth),Secret Identity,Bad Characters,White Eyes,Grey Hair,Deceased Characters,11,"1994, February",1994
2231,Daniel Hall (New Earth),Secret Identity,Neutral Characters,White Eyes,White Hair,Living Characters,11,"1991, January",1991
2232,Alonzo Dulak (New Earth),Unknown,Bad Characters,White Eyes,White Hair,Living Characters,11,"1983, September",1983
2233,Amunet Black (New Earth),Public Identity,Bad Characters,Black Eyes,Blue Hair,Living Characters,10,"2001, August",2001
2234,Strom (New Earth),Public Identity,Bad Characters,Black Eyes,Brown Hair,Living Characters,10,"1994, November",1994
2235,Mister ZZZ (New Earth),Public Identity,Bad Characters,Black Eyes,Unknown or None,Living Characters,10,"2006, December",2006
2236,Delroy Amberson (New Earth),Public Identity,Good Characters,Black Eyes,Black Hair,Living Characters,10,"1997, February",1997
2237,Taia (New Earth),Public Identity,Good Characters,Black Eyes,Black Hair,Living Characters,10,1993,1993
2238,Sir Galahad (New Earth),Public Identity,Neutral Characters,Black Eyes,Brown Hair,Living Characters,10,"2005, May",2005
2239,Goldie the Gargoyle (New Earth),Public Identity,Neutral Characters,Black Eyes,Unknown or None,Living Characters,10,"1989, February",1989
2240,Tiger (New Earth),Secret Identity,Bad Characters,Black Eyes,Black Hair,Living Characters,10,"1999, September",1999
2241,Lourdes Lucero (New Earth),Secret Identity,Bad Characters,Black Eyes,Brown Hair,Living Characters,10,"1999, December",1999
2242,Backlash (New Earth),Secret Identity,Bad Characters,Black Eyes,Brown Hair,Living Characters,10,"1994, March",1994
2243,Jonathan Dubrovny (New Earth),Secret Identity,Bad Characters,Black Eyes,White Hair,Living Characters,10,"1965, September",1965
2244,Veon (New Earth),Unknown,Bad Characters,Black Eyes,Unknown or None,Deceased Characters,10,"2008, December",2008
2245,Kindred Grim (New Earth),Public Identity,Bad Characters,Blue Eyes,Blond Hair,Deceased Characters,10,"1996, September",1996
2246,Diedre Vance (New Earth),Public Identity,Bad Characters,Blue Eyes,Blond Hair,Living Characters,10,1995,1995
2247,Queen Clea (New Earth),Public Identity,Bad Characters,Blue Eyes,Blond Hair,Living Characters,10,"1944, March",1944
2248,Gregory Jupiter (New Earth),Public Identity,Bad Characters,Blue Eyes,Grey Hair,Living Characters,10,"2004, July",2004
2249,Julianna Hut\u00f6ff (New Earth),Public Identity,Bad Characters,Blue Eyes,Strawberry Blond Hair,Deceased Characters,10,"1994, March",1994
2250,Myrwhydden (New Earth),Public Identity,Bad Characters,Blue Eyes,White Hair,Living Characters,10,"1964, January",1964
2251,Paul Lincoln (New Earth),Public Identity,Good Characters,Blue Eyes,Grey Hair,Living Characters,10,"2010, July",2010
2252,Horace Westlake (New Earth),Public Identity,Good Characters,Blue Eyes,White Hair,Living Characters,10,"1988, November",1988
2253,Julie Robinson (New Earth),Public Identity,Neutral Characters,Blue Eyes,Black Hair,Living Characters,10,"2006, May",2006
2254,Patrick Noonan (New Earth),Public Identity,Neutral Characters,Blue Eyes,Black Hair,Deceased Characters,10,1993,1993
2255,Andrew Vinson (Earth-Two),Public Identity,Neutral Characters,Blue Eyes,Black Hair,Living Characters,10,"1978, February",1978
2256,Liana Kerzner (New Earth),Public Identity,Neutral Characters,Blue Eyes,Red Hair,Living Characters,10,"2008, November",2008
2257,Kara Zor-El II (New Earth),Secret Identity,Bad Characters,Blue Eyes,Blond Hair,Deceased Characters,10,"2005, December",2005
2258,Jonathan Warren (New Earth),Secret Identity,Bad Characters,Blue Eyes,Blond Hair,Living Characters,10,"2004, February",2004
2259,Tiger Moth (New Earth),Secret Identity,Bad Characters,Blue Eyes,Blond Hair,Living Characters,10,"1966, June",1966
2260,"Stanley Dover, Elder (New Earth)",Secret Identity,Bad Characters,Blue Eyes,Grey Hair,Deceased Characters,10,"2001, April",2001
2261,Wade LaFarge (New Earth),Secret Identity,Bad Characters,Blue Eyes,Grey Hair,Deceased Characters,10,"1994, October",1994
2262,Hila (New Earth),Secret Identity,Bad Characters,Blue Eyes,Purple Hair,Living Characters,10,"2010, August",2010
2263,Alex Merkel (New Earth),Secret Identity,Bad Characters,Blue Eyes,Unknown or None,Living Characters,10,"2008, November",2008
2264,Henry Hewitt (New Earth),Secret Identity,Bad Characters,Blue Eyes,Unknown or None,Deceased Characters,10,"1983, August",1983
2265,Karl Courtney (New Earth),Secret Identity,Bad Characters,Blue Eyes,Unknown or None,Deceased Characters,10,"1976, June",1976
2266,Devilance (New Earth),Secret Identity,Bad Characters,Blue Eyes,Unknown or None,Deceased Characters,10,"1972, November",1972
2267,White Lightning (New Earth),Secret Identity,Bad Characters,Blue Eyes,White Hair,Living Characters,10,"1995, July",1995
2268,Power Boy (New Earth),Secret Identity,Good Characters,Blue Eyes,Black Hair,Deceased Characters,10,"2006, September",2006
2269,Belle Jackson (New Earth),Secret Identity,Good Characters,Blue Eyes,Black Hair,Living Characters,10,"1989, January",1989
2270,Jean-Paul Ludovic Valley (New Earth),Secret Identity,Good Characters,Blue Eyes,Blond Hair,Deceased Characters,10,"1992, October",1992
2271,Daniel Hunter (New Earth),Secret Identity,Good Characters,Blue Eyes,Red Hair,Living Characters,10,"1990, March",1990
2272,Michael Lasky (New Earth),Secret Identity,Unknown or None,Blue Eyes,Blond Hair,Living Characters,10,"2006, August",2006
2273,Gillespie (New Earth),Unknown,Bad Characters,Blue Eyes,Black Hair,Living Characters,10,"1989, February",1989
2274,Turtle Man (New Earth),Unknown,Bad Characters,Blue Eyes,Black Hair,Living Characters,10,"1956, October",1956
2275,Earl Dukeston (New Earth),Unknown,Bad Characters,Blue Eyes,Red Hair,Living Characters,10,"1986, April",1986
2276,Wintley Roth (New Earth),Unknown,Good Characters,Blue Eyes,Black Hair,Living Characters,10,"1988, December",1988
2277,500-ZQ (New Earth),Unknown,Good Characters,Blue Eyes,Unknown or None,Living Characters,10,"1989, January",1989
2278,Simpson Flanders (New Earth),Unknown,Neutral Characters,Blue Eyes,Black Hair,Deceased Characters,10,"1993, May",1993
2279,Carlos (New Earth),Public Identity,Bad Characters,Brown Eyes,Black Hair,Living Characters,10,"1997, August",1997
2280,Frank Tanner (New Earth),Public Identity,Bad Characters,Brown Eyes,Black Hair,Living Characters,10,"1977, July",1977
2281,Charis (New Earth),Public Identity,Bad Characters,Brown Eyes,Brown Hair,Living Characters,10,"2008, January",2008
2282,I-Ching (New Earth),Public Identity,Good Characters,Brown Eyes,Black Hair,Living Characters,10,"2006, September",2006
2283,Mick Wong (New Earth),Public Identity,Good Characters,Brown Eyes,Black Hair,Deceased Characters,10,"2004, July",2004
2284,Jayita Sahir (New Earth),Public Identity,Good Characters,Brown Eyes,Black Hair,Deceased Characters,10,"2002, June",2002
2285,James Highwater (New Earth),Public Identity,Good Characters,Brown Eyes,Black Hair,Living Characters,10,"1989, February",1989
2286,Rovo Quashi (New Earth),Public Identity,Good Characters,Brown Eyes,Black Hair,Living Characters,10,"1989, December",1989
2287,Tiffany Fox (New Earth),Public Identity,Good Characters,Brown Eyes,Black Hair,Living Characters,10,"1979, February",1979
2288,Rose Levin (New Earth),Public Identity,Good Characters,Brown Eyes,Brown Hair,Living Characters,10,"2007, October",2007
2289,Simon Lippman (New Earth),Public Identity,Good Characters,Brown Eyes,Brown Hair,Living Characters,10,"2004, January",2004
2290,Cameron Begay (New Earth),Public Identity,Good Characters,Brown Eyes,Brown Hair,Living Characters,10,"2000, March",2000
2291,Charles Great Eagle (New Earth),Public Identity,Good Characters,Brown Eyes,Brown Hair,Living Characters,10,"1954, September",1954
2292,Marilyn Batson (New Earth),Public Identity,Good Characters,Brown Eyes,Brown Hair,Deceased Characters,10,,
2293,Stone (New Earth),Public Identity,Good Characters,Brown Eyes,Grey Hair,Deceased Characters,10,"1991, March",1991
2294,Stavros Christadoulodou (New Earth),Public Identity,Good Characters,Brown Eyes,Unknown or None,Living Characters,10,"1988, June",1988
2295,Daria Hernandez (New Earth),Public Identity,Neutral Characters,Brown Eyes,Brown Hair,Living Characters,10,"2003, July",2003
2296,William Cayce (New Earth),Public Identity,Unknown or None,Brown Eyes,Black Hair,Living Characters,10,"2009, October",2009
2297,Clotho (New Earth),Public Identity,Unknown or None,Brown Eyes,White Hair,Deceased Characters,10,"1990, August",1990
2298,Edison (New Earth),Secret Identity,Bad Characters,Brown Eyes,Black Hair,Living Characters,10,"2006, June",2006
2299,Cylvia Anita Cyber (New Earth),Secret Identity,Bad Characters,Brown Eyes,Black Hair,Living Characters,10,"2002, February",2002
2300,Sebastian Ballesteros (New Earth),Secret Identity,Bad Characters,Brown Eyes,Black Hair,Deceased Characters,10,"2001, July",2001
2301,Killshot (New Earth),Secret Identity,Bad Characters,Brown Eyes,Brown Hair,Deceased Characters,10,"2000, November",2000
2302,Bilal Asselah (New Earth),Secret Identity,Good Characters,Brown Eyes,Black Hair,Living Characters,10,"2011, February",2011
2303,Aaron Langstrom (New Earth),Secret Identity,Neutral Characters,Brown Eyes,Brown Hair,Living Characters,10,"1996, April",1996
2304,Joseph Rigger (New Earth),Unknown,Bad Characters,Brown Eyes,Black Hair,Living Characters,10,"1979, December",1979
2305,Sumo (New Earth),Unknown,Bad Characters,Brown Eyes,Black Hair,Deceased Characters,10,"1978, January",1978
2306,Yvonne Pariel (New Earth),Unknown,Good Characters,Brown Eyes,Black Hair,Living Characters,10,"2008, August",2008
2307,Theresa Gomez (New Earth),Unknown,Good Characters,Brown Eyes,Black Hair,Living Characters,10,"1983, November",1983
2308,Eliot Shaw (New Earth),Unknown,Good Characters,Brown Eyes,Brown Hair,Living Characters,10,"1988, July",1988
2309,James Shaw (New Earth),Unknown,Good Characters,Brown Eyes,Brown Hair,Living Characters,10,"1988, July",1988
2310,Lucius Best (New Earth),Unknown,Good Characters,Brown Eyes,Brown Hair,Living Characters,10,"1988, July",1988
2311,Theodore Gaynor (New Earth),Public Identity,Bad Characters,Green Eyes,Blond Hair,Deceased Characters,10,"1984, January",1984
2312,Amazing Grace (New Earth),Secret Identity,Bad Characters,Green Eyes,Red Hair,Living Characters,10,"1987, March",1987
2313,Clarissa Clemens (New Earth),Unknown,Bad Characters,Green Eyes,Black Hair,Living Characters,10,"1983, March",1983
2314,Mashenka Medviedenko (New Earth),Unknown,Good Characters,Green Eyes,Brown Hair,Living Characters,10,"1988, April",1988
2315,Hagen (New Earth),Public Identity,Bad Characters,Grey Eyes,Grey Hair,Living Characters,10,"2003, March",2003
2316,Robert Coleman (New Earth),Secret Identity,Bad Characters,Grey Eyes,Black Hair,Living Characters,10,"1977, July",1977
2317,Flying Stag (New Earth),Secret Identity,Good Characters,Grey Eyes,Black Hair,Deceased Characters,10,"1961, March",1961
2318,Jordan Weir (New Earth),Secret Identity,Bad Characters,Hazel Eyes,Grey Hair,Living Characters,10,"1960, August",1960
2319,Gole (New Earth),Unknown,Bad Characters,Red Eyes,Unknown or None,Deceased Characters,10,"1971, May",1971
2320,Reggie (New Earth),Public Identity,Bad Characters,Unknown or None,Black Hair,Living Characters,10,"1997, October",1997
2321,Frank Donovan (New Earth),Public Identity,Bad Characters,Unknown or None,Black Hair,Living Characters,10,"1988, October",1988
2322,Dennis Blake (New Earth),Public Identity,Bad Characters,Unknown or None,Blond Hair,Deceased Characters,10,"1988, October",1988
2323,Samantha Morgan (New Earth),Public Identity,Bad Characters,Unknown or None,Blond Hair,Living Characters,10,"1988, October",1988
2324,Bridget (New Earth),Public Identity,Bad Characters,Unknown or None,Blue Hair,Living Characters,10,"1997, August",1997
2325,Moe (New Earth),Public Identity,Bad Characters,Unknown or None,Brown Hair,Living Characters,10,"1997, August",1997
2326,Despotellis (New Earth),Public Identity,Bad Characters,Unknown or None,Unknown or None,Living Characters,10,"2007, May",2007
2327,Grimm (New Earth),Public Identity,Bad Characters,Unknown or None,Unknown or None,Living Characters,10,1999,1999
2328,Oblivion (New Earth),Public Identity,Bad Characters,Unknown or None,Unknown or None,Living Characters,10,"1999, January",1999
2329,Mr. Truman (New Earth),Public Identity,Bad Characters,Unknown or None,Unknown or None,Deceased Characters,10,"1996, December",1996
2330,Ranx (New Earth),Public Identity,Bad Characters,Unknown or None,Unknown or None,Deceased Characters,10,1986,1986
2331,Lewis Moxon (New Earth),Public Identity,Bad Characters,Unknown or None,Unknown or None,Deceased Characters,10,"1956, September",1956
2332,Theophilus Warly (New Earth),Public Identity,Bad Characters,Unknown or None,White Hair,Living Characters,10,"1972, September",1972
2333,Kenneth Wisdom (New Earth),Public Identity,Good Characters,Unknown or None,Black Hair,Living Characters,10,"2010, February",2010
2334,Kraken (New Earth),Public Identity,Good Characters,Unknown or None,Black Hair,Living Characters,10,"2008, January",2008
2335,Martin Suarez (New Earth),Public Identity,Good Characters,Unknown or None,Black Hair,Living Characters,10,"2008, November",2008
2336,Tyson Gilford (New Earth),Public Identity,Good Characters,Unknown or None,Black Hair,Living Characters,10,"2000, March",2000
2337,Dennis Baintan (New Earth),Public Identity,Good Characters,Unknown or None,Black Hair,Living Characters,10,"1994, May",1994
2338,Moshe Levy (New Earth),Public Identity,Good Characters,Unknown or None,Black Hair,Living Characters,10,"1989, January",1989
2339,Asano Nitobe (New Earth),Public Identity,Good Characters,Unknown or None,Black Hair,Living Characters,10,"1974, March",1974
2340,Moon Fawn (New Earth),Public Identity,Good Characters,Unknown or None,Black Hair,Deceased Characters,10,"1970, December",1970
2341,Robert Garibaldi (New Earth),Public Identity,Good Characters,Unknown or None,Blond Hair,Living Characters,10,"2003, October",2003
2342,Damara Sinclair (New Earth),Public Identity,Good Characters,Unknown or None,Blond Hair,Living Characters,10,"2000, March",2000
2343,Ashbury Armstrong (New Earth),Public Identity,Good Characters,Unknown or None,Blond Hair,Living Characters,10,"1997, May",1997
2344,Elizabeth Fleischmann (New Earth),Public Identity,Good Characters,Unknown or None,Brown Hair,Living Characters,10,"2010, May",2010
2345,Aviva Weinberg (New Earth),Public Identity,Good Characters,Unknown or None,Brown Hair,Living Characters,10,"2000, March",2000
2346,Joel Weinberg (New Earth),Public Identity,Good Characters,Unknown or None,Brown Hair,Living Characters,10,"2000, March",2000
2347,Joshua Terrill (New Earth),Public Identity,Good Characters,Unknown or None,Brown Hair,Living Characters,10,"1995, October",1995
2348,Roberta Harper (New Earth),Public Identity,Good Characters,Unknown or None,Brown Hair,Living Characters,10,"1994, November",1994
2349,Henry Terrill (New Earth),Public Identity,Good Characters,Unknown or None,Brown Hair,Living Characters,10,"1992, February",1992
2350,Henri Claude Tibet (New Earth),Public Identity,Good Characters,Unknown or None,Brown Hair,Living Characters,10,"1989, December",1989
2351,James Butler Hickok (New Earth),Public Identity,Good Characters,Unknown or None,Brown Hair,Living Characters,10,"1953, January",1953
2352,Robert Cantwell (New Earth),Public Identity,Good Characters,Unknown or None,Grey Hair,Living Characters,10,"1989, December",1989
2353,Diana Theotocopoulos (New Earth),Public Identity,Good Characters,Unknown or None,Red Hair,Living Characters,10,"1989, January",1989
2354,Hugh Evans (New Earth),Public Identity,Good Characters,Unknown or None,Red Hair,Deceased Characters,10,"1959, September",1959
2355,Asmund Lindel (New Earth),Public Identity,Good Characters,Unknown or None,Unknown or None,Living Characters,10,"1989, December",1989
2356,Leonard Davis (New Earth),Public Identity,Good Characters,Unknown or None,Unknown or None,Living Characters,10,"1986, May",1986
2357,Saarek (New Earth),Public Identity,Good Characters,Unknown or None,Unknown or None,Deceased Characters,10,"1976, September",1976
2358,Desmond Farr (New Earth),Public Identity,Good Characters,Unknown or None,Unknown or None,Living Characters,10,"1965, August",1965
2359,Korlian Dasor (New Earth),Public Identity,Good Characters,Unknown or None,Unknown or None,Living Characters,10,"1961, October",1961
2360,Leonardo da Vinci (New Earth),Public Identity,Good Characters,Unknown or None,White Hair,Living Characters,10,"1948, April",1948
2361,Ted Shoemaker (New Earth),Public Identity,Neutral Characters,Unknown or None,Black Hair,Living Characters,10,"2004, December",2004
2362,Maxine Michaels (New Earth),Public Identity,Neutral Characters,Unknown or None,Blond Hair,Deceased Characters,10,"2003, April",2003
2363,Dexter Nichols (New Earth),Public Identity,Neutral Characters,Unknown or None,Brown Hair,Living Characters,10,"2009, July",2009
2364,Joseph Morgan (New Earth),Public Identity,Unknown or None,Unknown or None,Black Hair,Living Characters,10,"1940, October",1940
2365,Sheeva (New Earth),Public Identity,Unknown or None,Unknown or None,Blue Hair,Living Characters,10,"1998, December",1998
2366,Franklin North (New Earth),Public Identity,Unknown or None,Unknown or None,Brown Hair,Living Characters,10,"1985, July",1985
2367,Usil (New Earth),Secret Identity,Bad Characters,Unknown or None,Black Hair,Living Characters,10,"1987, June",1987
2368,Shatterfist I (New Earth),Secret Identity,Bad Characters,Unknown or None,Black Hair,Deceased Characters,10,"1985, January",1985
2369,Baby Boom (New Earth),Secret Identity,Bad Characters,Unknown or None,Blond Hair,Living Characters,10,"1985, August",1985
2370,William Walsh (New Earth),Secret Identity,Bad Characters,Unknown or None,Brown Hair,Deceased Characters,10,"1984, July",1984
2371,Shellcase (New Earth),Secret Identity,Bad Characters,Unknown or None,Unknown or None,Living Characters,10,"2008, January",2008
2372,Manticore III (New Earth),Secret Identity,Bad Characters,Unknown or None,Unknown or None,Living Characters,10,"1994, March",1994
2373,Phillip Karnowsky (New Earth),Secret Identity,Bad Characters,Unknown or None,Unknown or None,Living Characters,10,1988,1988
2374,Gr\u00f6sshorn Eule (New Earth),Secret Identity,Bad Characters,Unknown or None,Unknown or None,Living Characters,10,"1987, June",1987
2375,Axis (New Earth),Secret Identity,Bad Characters,Unknown or None,White Hair,Living Characters,10,"1997, April",1997
2376,Jacob Colby (New Earth),Secret Identity,Good Characters,Unknown or None,Blond Hair,Deceased Characters,10,"2006, August",2006
2377,Farris Knight (DC One Million),Secret Identity,Good Characters,Unknown or None,Blond Hair,Living Characters,10,"1998, October",1998
2378,Mitchell Black (New Earth),Secret Identity,Good Characters,Unknown or None,Unknown or None,Deceased Characters,10,"1999, September",1999
2379,Erewhon (New Earth),Secret Identity,Good Characters,Unknown or None,Unknown or None,Living Characters,10,"1993, October",1993
2380,Myrra Rhodes (New Earth),Secret Identity,Good Characters,Unknown or None,Unknown or None,Living Characters,10,"1980, November",1980
2381,Sabina De La Croix (New Earth),Secret Identity,Unknown or None,Unknown or None,White Hair,Living Characters,10,"2006, December",2006
2382,Visionary (New Earth),Unknown,Bad Characters,Unknown or None,Black Hair,Living Characters,10,"2008, May",2008
2383,Short Cut (New Earth),Unknown,Bad Characters,Unknown or None,Black Hair,Living Characters,10,"2000, March",2000
2384,Angelica Smith (New Earth),Unknown,Bad Characters,Unknown or None,Blond Hair,Deceased Characters,10,"2008, April",2008
2385,Mawzir (New Earth),Unknown,Bad Characters,Unknown or None,Blond Hair,Living Characters,10,"1996, April",1996
2386,Bugg (New Earth),Unknown,Bad Characters,Unknown or None,Brown Hair,Living Characters,10,"2002, November",2002
2387,Stanley Hale (New Earth),Unknown,Bad Characters,Unknown or None,Grey Hair,Living Characters,10,"1988, October",1988
2388,Vanessa Kingsbury (New Earth),Unknown,Bad Characters,Unknown or None,Pink Hair,Deceased Characters,10,"1985, February",1985
2389,Olivia Hardy (New Earth),Unknown,Bad Characters,Unknown or None,Red Hair,Living Characters,10,"1988, October",1988
2390,Anubis of the Dogpound (New Earth),Unknown,Bad Characters,Unknown or None,Unknown or None,Living Characters,10,"2008, September",2008
2391,El Sombrero (New Earth),Unknown,Bad Characters,Unknown or None,Unknown or None,Living Characters,10,"2008, June",2008
2392,Bedovian (New Earth),Unknown,Bad Characters,Unknown or None,Unknown or None,Living Characters,10,"2007, July",2007
2393,Jack of Spades IV (New Earth),Unknown,Bad Characters,Unknown or None,Unknown or None,Living Characters,10,"1992, April",1992
2394,Typhon (New Earth),Unknown,Bad Characters,Unknown or None,Unknown or None,Living Characters,10,"1987, July",1987
2395,Andonis Bal (New Earth),Unknown,Bad Characters,Unknown or None,Unknown or None,Deceased Characters,10,"1986, October",1986
2396,Curtis Calhoun (New Earth),Unknown,Bad Characters,Unknown or None,Unknown or None,Deceased Characters,10,"1986, August",1986
2397,Martin Phillips (New Earth),Unknown,Bad Characters,Unknown or None,Unknown or None,Living Characters,10,"1959, December",1959
2398,Frankie the Monkey (New Earth),Unknown,Good Characters,Unknown or None,Brown Hair,Living Characters,10,"2008, May",2008
2399,Rhoark (New Earth),Unknown,Good Characters,Unknown or None,Brown Hair,Living Characters,10,"1983, June",1983
2400,Ash-Pak-Glif (New Earth),Unknown,Good Characters,Unknown or None,Unknown or None,Living Characters,10,"2000, August",2000
2401,Fritz Klein (New Earth),Unknown,Good Characters,Unknown or None,Unknown or None,Living Characters,10,"1989, January",1989
2402,Feodor Piotrovitch Sorin (New Earth),Unknown,Good Characters,Unknown or None,Unknown or None,Living Characters,10,"1988, April",1988
2403,Olapet (New Earth),Unknown,Good Characters,Unknown or None,Unknown or None,Living Characters,10,"1987, October",1987
2404,Palaqua (New Earth),Unknown,Good Characters,Unknown or None,Unknown or None,Living Characters,10,1986,1986
2405,Robert Queen (New Earth),Unknown,Neutral Characters,Unknown or None,Black Hair,Living Characters,10,"1989, August",1989
2406,Holly Marsh (New Earth),Unknown,Neutral Characters,Unknown or None,Brown Hair,Living Characters,10,"1994, October",1994
2407,Ramia (New Earth),Unknown,Unknown or None,Unknown or None,Black Hair,Living Characters,10,"1966, June",1966
2408,Black Wolf (New Earth),Unknown,Unknown or None,Unknown or None,Black Hair,Living Characters,10,"1965, February",1965
2409,Michael Tree (New Earth),Unknown,Unknown or None,Unknown or None,Black Hair,Living Characters,10,,
2410,Steven Majorski (New Earth),Unknown,Unknown or None,Unknown or None,Blond Hair,Living Characters,10,"1988, October",1988
2411,Decay (New Earth),Secret Identity,Bad Characters,Violet Eyes,Red Hair,Living Characters,10,"1987, April",1987
2412,Todd Russell (New Earth),Secret Identity,Bad Characters,White Eyes,Unknown or None,Living Characters,10,"2002, January",2002
2413,Stanley Silver (New Earth),Secret Identity,Good Characters,White Eyes,Blond Hair,Living Characters,10,"2006, August",2006
2414,NautKeLoi (New Earth),Unknown,Good Characters,Yellow Eyes,Unknown or None,Living Characters,10,"1961, December",1961
2415,Tuoni (New Earth),Public Identity,Bad Characters,Black Eyes,Unknown or None,Living Characters,9,"1998, August",1998
2416,Gretti (New Earth),Public Identity,Bad Characters,Black Eyes,Violet Hair,Deceased Characters,9,"1983, May",1983
2417,Sarah Primm (New Earth),Public Identity,Good Characters,Black Eyes,Grey Hair,Deceased Characters,9,"1995, May",1995
2418,Granch (New Earth),Public Identity,Good Characters,Black Eyes,Unknown or None,Deceased Characters,9,"1983, April",1983
2419,Beast With No Name (New Earth),Public Identity,Neutral Characters,Black Eyes,Red Hair,Living Characters,9,"1966, January",1966
2420,Nina Damfino (New Earth),Secret Identity,Bad Characters,Black Eyes,Black Hair,Living Characters,9,1995,1995
2421,Mister Z (New Earth),Secret Identity,Bad Characters,Black Eyes,Black Hair,Living Characters,9,"1991, January",1991
2422,Obeah Man (New Earth),Secret Identity,Bad Characters,Black Eyes,Black Hair,Living Characters,9,"1990, July",1990
2423,Thirst (New Earth),Secret Identity,Bad Characters,Black Eyes,Unknown or None,Living Characters,9,"2003, June",2003
2424,Alphonso Giovanni (New Earth),Secret Identity,Good Characters,Black Eyes,Black Hair,Deceased Characters,9,"1955, January",1955
2425,Muscles McGinnis (New Earth),Secret Identity,Good Characters,Black Eyes,Brown Hair,Living Characters,9,"1995, May",1995
2426,Ronald Houston (New Earth),Secret Identity,Good Characters,Black Eyes,Unknown or None,Deceased Characters,9,"1998, December",1998
2427,Cobi (New Earth),Unknown,Bad Characters,Black Eyes,Unknown or None,Living Characters,9,"2009, August",2009
2428,General Zahl (New Earth),Unknown,Bad Characters,Black Eyes,Unknown or None,Deceased Characters,9,"1968, October",1968
2429,Philomela (New Earth),Public Identity,Bad Characters,Blue Eyes,Black Hair,Living Characters,9,"2008, January",2008
2430,Myrto (New Earth),Public Identity,Bad Characters,Blue Eyes,Blond Hair,Living Characters,9,"2008, January",2008
2431,Cassandra Arnold (New Earth),Public Identity,Bad Characters,Blue Eyes,Blond Hair,Deceased Characters,9,1992,1992
2432,Kulak (New Earth),Public Identity,Bad Characters,Blue Eyes,Unknown or None,Living Characters,9,"1940, September",1940
2433,Louis Snipe (New Earth),Public Identity,Bad Characters,Blue Eyes,Unknown or None,Deceased Characters,9,"1940, February",1940
2434,Maura Rayner (New Earth),Public Identity,Good Characters,Blue Eyes,Blond Hair,Deceased Characters,9,"1997, July",1997
2435,Mark Logan (New Earth),Public Identity,Good Characters,Blue Eyes,Blond Hair,Deceased Characters,9,"1967, June",1967
2436,Nicki Jones (New Earth),Public Identity,Good Characters,Blue Eyes,Brown Hair,Living Characters,9,"2006, November",2006
2437,Eve Doremus (Earth-One),Public Identity,Good Characters,Blue Eyes,Red Hair,Living Characters,9,"1968, January",1968
2438,Dwight Eisenhower (New Earth),Public Identity,Good Characters,Blue Eyes,Unknown or None,Living Characters,9,"1950, July",1950
2439,Jonathan Stone (New Earth),Public Identity,Good Characters,Blue Eyes,White Hair,Living Characters,9,"2005, August",2005
2440,Gayle Marsh (New Earth),Secret Identity,Bad Characters,Blue Eyes,Black Hair,Deceased Characters,9,"1982, November",1982
2441,Preus (New Earth),Secret Identity,Bad Characters,Blue Eyes,Blond Hair,Living Characters,9,"2004, April",2004
2442,Ramsey Murdoch (New Earth),Secret Identity,Bad Characters,Blue Eyes,Red Hair,Living Characters,9,"1994, December",1994
2443,Sasha (New Earth),Secret Identity,Good Characters,Blue Eyes,Brown Hair,Living Characters,9,"2009, August",2009
2444,Andrea Rojas (New Earth),Secret Identity,Good Characters,Blue Eyes,Red Hair,Living Characters,9,"2000, August",2000
2445,Tiamat (New Earth),Unknown,Bad Characters,Blue Eyes,Blond Hair,Living Characters,9,"1995, December",1995
2446,Daniel Geller (New Earth),Unknown,Bad Characters,Blue Eyes,Brown Hair,Deceased Characters,9,"1992, December",1992
2447,Farley Fleeter (New Earth),Unknown,Bad Characters,Blue Eyes,Brown Hair,Living Characters,9,"1967, October",1967
2448,Eleanor Shaw (New Earth),Unknown,Good Characters,Blue Eyes,Blond Hair,Living Characters,9,"1988, July",1988
2449,Ilya Trepliov (New Earth),Unknown,Good Characters,Blue Eyes,Brown Hair,Living Characters,9,"1988, April",1988
2450,Roger Huntoon (New Earth),Unknown,Good Characters,Blue Eyes,Brown Hair,Living Characters,9,"1987, November",1987
2451,Kazuo Hasegawa (New Earth),Public Identity,Bad Characters,Brown Eyes,Black Hair,Deceased Characters,9,"1988, August",1988
2452,Penthesilea (New Earth),Public Identity,Bad Characters,Brown Eyes,Brown Hair,Deceased Characters,9,"1989, August",1989
2453,Officer Isabella (New Earth),Public Identity,Good Characters,Brown Eyes,Black Hair,Living Characters,9,"2002, August",2002
2454,Dakota Jamison (New Earth),Public Identity,Good Characters,Brown Eyes,Black Hair,Living Characters,9,"2001, May",2001
2455,Lin Koo Teng (New Earth),Public Identity,Good Characters,Brown Eyes,Black Hair,Living Characters,9,"1989, December",1989
2456,Prince Garnet (New Earth),Public Identity,Good Characters,Brown Eyes,Black Hair,Living Characters,9,"1985, April",1985
2457,Darwin Jones (New Earth),Public Identity,Good Characters,Brown Eyes,Brown Hair,Living Characters,9,"1950, September",1950
2458,Alia (New Earth),Public Identity,Good Characters,Brown Eyes,Red Hair,Living Characters,9,"1993, March",1993
2459,C.C. Haly (New Earth),Public Identity,Good Characters,Brown Eyes,White Hair,Deceased Characters,9,"1940, April",1940
2460,Chantinelle (New Earth),Public Identity,Neutral Characters,Brown Eyes,Brown Hair,Living Characters,9,"1991, July",1991
2461,Nathaniel Dusk (New Earth),Public Identity,Neutral Characters,Brown Eyes,Brown Hair,Living Characters,9,"1984, February",1984
2462,Pan (New Earth),Public Identity,Neutral Characters,Brown Eyes,Brown Hair,Deceased Characters,9,"1982, October",1982
2463,Rose Walker (New Earth),Public Identity,Unknown or None,Brown Eyes,Red Hair,Living Characters,9,"1989, November",1989
2464,Edwin Gauss (New Earth),Secret Identity,Bad Characters,Brown Eyes,Black Hair,Living Characters,9,"1999, October",1999
2465,Kai (New Earth),Secret Identity,Bad Characters,Brown Eyes,Black Hair,Deceased Characters,9,"1995, July",1995
2466,Raza Kattuah (New Earth),Secret Identity,Bad Characters,Brown Eyes,Black Hair,Deceased Characters,9,"1987, May",1987
2467,Thomas Dillon (New Earth),Secret Identity,Bad Characters,Brown Eyes,Blond Hair,Deceased Characters,9,"1966, March",1966
2468,Mister Fun (New Earth),Secret Identity,Bad Characters,Brown Eyes,Brown Hair,Living Characters,9,"2002, December",2002
2469,Lucas Ludlow-Dalt (New Earth),Secret Identity,Bad Characters,Brown Eyes,Brown Hair,Deceased Characters,9,"1998, October",1998
2470,Jonathan Williams (New Earth),Secret Identity,Bad Characters,Brown Eyes,Unknown or None,Living Characters,9,"2003, October",2003
2471,Selma Tolon (New Earth),Secret Identity,Good Characters,Brown Eyes,Black Hair,Living Characters,9,"2000, August",2000
2472,Chaim Lavon (New Earth),Secret Identity,Good Characters,Brown Eyes,Black Hair,Living Characters,9,"1982, June",1982
2473,Johnny Riley (New Earth),Secret Identity,Good Characters,Brown Eyes,Brown Hair,Living Characters,9,"2008, December",2008
2474,Athyns (New Earth),Secret Identity,Neutral Characters,Brown Eyes,Blue Hair,Living Characters,9,"1989, January",1989
2475,Hops Jones (New Earth),Unknown,Good Characters,Brown Eyes,Black Hair,Living Characters,9,"2008, July",2008
2476,Sweeney (New Earth),Unknown,Good Characters,Brown Eyes,Black Hair,Living Characters,9,"2003, March",2003
2477,Willoughby Kipling (New Earth),Unknown,Good Characters,Brown Eyes,Black Hair,Living Characters,9,"1990, April",1990
2478,Roger Simmons (New Earth),Unknown,Good Characters,Brown Eyes,Black Hair,Deceased Characters,9,"1988, December",1988
2479,Lillian Worth (New Earth),Unknown,Neutral Characters,Brown Eyes,Black Hair,Deceased Characters,9,"1992, October",1992
2480,Carleton LeHah (New Earth),Public Identity,Bad Characters,Green Eyes,White Hair,Deceased Characters,9,"1992, October",1992
2481,Azraeuz (New Earth),Secret Identity,Unknown or None,Green Eyes,Unknown or None,Deceased Characters,9,"2007, January",2007
2482,Thessaly (New Earth),Secret Identity,Unknown or None,Green Eyes,Brown Hair,Living Characters,9,"1991, November",1991
2483,Tristessa Delicias (New Earth),Unknown,Bad Characters,Green Eyes,Black Hair,Living Characters,9,"2008, June",2008
2484,Claire Montgomery (New Earth),Unknown,Neutral Characters,Green Eyes,Red Hair,Living Characters,9,"1990, April",1990
2485,Igor Medviedenko (New Earth),Unknown,Good Characters,Grey Eyes,Blond Hair,Living Characters,9,"1988, April",1988
2486,Flicker (New Earth),Public Identity,Bad Characters,Red Eyes,Unknown or None,Living Characters,9,"1992, January",1992
2487,Cerberus II (New Earth),Public Identity,Bad Characters,Red Eyes,Unknown or None,Living Characters,9,"1991, July",1991
2488,Gorius Karkum (New Earth),Public Identity,Good Characters,Red Eyes,Unknown or None,Living Characters,9,"2010, July",2010
2489,Jaffar (New Earth),Unknown,Bad Characters,Red Eyes,Unknown or None,Deceased Characters,9,"1971, May",1971
2490,Trok (New Earth),Unknown,Bad Characters,Red Eyes,Unknown or None,Deceased Characters,9,"1971, May",1971
2491,Anthony Marchetti (New Earth),Public Identity,Bad Characters,Unknown or None,Black Hair,Living Characters,9,"2006, December",2006
2492,Victor Cypher (New Earth),Public Identity,Bad Characters,Unknown or None,Black Hair,Living Characters,9,"1990, May",1990
2493,Gillian B. Loeb (New Earth),Public Identity,Bad Characters,Unknown or None,Black Hair,Deceased Characters,9,"1987, February",1987
2494,Lord Aquamarine (New Earth),Public Identity,Bad Characters,Unknown or None,Black Hair,Deceased Characters,9,"1983, November",1983
2495,Oswald Bane (New Earth),Public Identity,Bad Characters,Unknown or None,Black Hair,Living Characters,9,"1955, September",1955
2496,Deacon Dickson (New Earth),Public Identity,Bad Characters,Unknown or None,Brown Hair,Living Characters,9,"1993, October",1993
2497,David Winters (New Earth),Public Identity,Bad Characters,Unknown or None,Brown Hair,Deceased Characters,9,"1988, October",1988
2498,Arthur Pemberton (New Earth),Public Identity,Bad Characters,Unknown or None,Grey Hair,Living Characters,9,"1978, February",1978
2499,Rigoro Mortis (New Earth),Public Identity,Bad Characters,Unknown or None,Grey Hair,Living Characters,9,"1967, March",1967
2500,Genocide (New Earth),Public Identity,Bad Characters,Unknown or None,Red Hair,Deceased Characters,9,"2009, January",2009
2501,Arvin Halliday (New Earth),Public Identity,Bad Characters,Unknown or None,Unknown or None,Deceased Characters,9,"2010, January",2010
2502,Deathstorm (New Earth),Public Identity,Bad Characters,Unknown or None,Unknown or None,Deceased Characters,9,"2010, November",2010
2503,Ishmael Gregor (New Earth),Public Identity,Bad Characters,Unknown or None,Unknown or None,Living Characters,9,"2004, March",2004
2504,Klo (New Earth),Public Identity,Bad Characters,Unknown or None,Unknown or None,Living Characters,9,"1996, September",1996
2505,Theseus (New Earth),Public Identity,Bad Characters,Unknown or None,Unknown or None,Living Characters,9,"1962, December",1962
2506,Oliver Evans (New Earth),Public Identity,Good Characters,Unknown or None,Black Hair,Living Characters,9,"2002, May",2002
2507,Thayer Jost (New Earth),Public Identity,Good Characters,Unknown or None,Black Hair,Living Characters,9,"2001, December",2001
2508,Bouncer (New Earth),Public Identity,Good Characters,Unknown or None,Black Hair,Living Characters,9,"1996, September",1996
2509,Julia Frostick (New Earth),Public Identity,Good Characters,Unknown or None,Black Hair,Living Characters,9,"1996, September",1996
2510,Esther Maris (New Earth),Public Identity,Good Characters,Unknown or None,Blond Hair,Living Characters,9,"2005, May",2005
2511,Sharon Tracy (New Earth),Public Identity,Good Characters,Unknown or None,Blond Hair,Living Characters,9,"1969, August",1969
2512,Martin Garibaldi (New Earth),Public Identity,Good Characters,Unknown or None,Brown Hair,Living Characters,9,"2003, October",2003
2513,Callie Evans (New Earth),Public Identity,Good Characters,Unknown or None,Brown Hair,Living Characters,9,"1995, December",1995
2514,Nadine Terrill (New Earth),Public Identity,Good Characters,Unknown or None,Brown Hair,Living Characters,9,"1994, September",1994
2515,Gary Sellers (New Earth),Public Identity,Good Characters,Unknown or None,Brown Hair,Living Characters,9,"1985, July",1985
2516,Jeffrey Sloane (New Earth),Public Identity,Good Characters,Unknown or None,Brown Hair,Living Characters,9,"1971, December",1971
2517,Marie Logan (New Earth),Public Identity,Good Characters,Unknown or None,Brown Hair,Deceased Characters,9,"1967, June",1967
2518,Maire Granger (New Earth),Public Identity,Good Characters,Unknown or None,Grey Hair,Living Characters,9,"1989, February",1989
2519,Threllian (New Earth),Public Identity,Good Characters,Unknown or None,Unknown or None,Deceased Characters,9,"1993, August",1993
2520,Diade (New Earth),Public Identity,Good Characters,Unknown or None,Unknown or None,Living Characters,9,"1989, June",1989
2521,Flodo Span (New Earth),Public Identity,Good Characters,Unknown or None,Unknown or None,Deceased Characters,9,"1987, October",1987
2522,Calculha (New Earth),Public Identity,Good Characters,Unknown or None,Unknown or None,Deceased Characters,9,"1986, February",1986
2523,Sonny Sumo (New Earth),Public Identity,Good Characters,Unknown or None,Unknown or None,Living Characters,9,"1971, September",1971
2524,Dexter Fairfax (New Earth),Public Identity,Good Characters,Unknown or None,White Hair,Living Characters,9,"1989, January",1989
2525,Bethany Lee (New Earth),Public Identity,Neutral Characters,Unknown or None,Black Hair,Living Characters,9,"1999, April",1999
2526,Joseph Mason (New Earth),Public Identity,Neutral Characters,Unknown or None,Black Hair,Living Characters,9,"1990, February",1990
2527,Marla Elliot (New Earth),Public Identity,Neutral Characters,Unknown or None,Red Hair,Living Characters,9,"2008, September",2008
2528,Philip Curry (New Earth),Public Identity,Unknown or None,Unknown or None,Unknown or None,Living Characters,9,"2006, May",2006
2529,Nathaniel Kent (New Earth),Public Identity,Unknown or None,Unknown or None,Unknown or None,Living Characters,9,"1997, August",1997
2530,Yoof (New Earth),Public Identity,Unknown or None,Unknown or None,Unknown or None,Living Characters,9,"1997, September",1997
2531,Dardan (New Earth),Public Identity,Unknown or None,Unknown or None,Unknown or None,Living Characters,9,"1995, August",1995
2532,"Atlas, Titans of Myth (New Earth)",Public Identity,Unknown or None,Unknown or None,Unknown or None,Living Characters,9,"1944, May",1944
2533,Daphne Dean (New Earth),Public Identity,Unknown or None,Unknown or None,Red Hair,Living Characters,9,"1962, February",1962
2534,Taro Raiden (New Earth),Secret Identity,Bad Characters,Unknown or None,Black Hair,Deceased Characters,9,"1986, November",1986
2535,Bud and Lou the Hyenas (New Earth),Secret Identity,Bad Characters,Unknown or None,Brown Hair,Deceased Characters,9,"2001, March",2001
2536,Iron Cross (New Earth),Secret Identity,Bad Characters,Unknown or None,Brown Hair,Deceased Characters,9,"1994, March",1994
2537,Kritter (New Earth),Secret Identity,Bad Characters,Unknown or None,Brown Hair,Living Characters,9,"1985, August",1985
2538,Celia Kazantkakis (New Earth),Secret Identity,Bad Characters,Unknown or None,Grey Hair,Living Characters,9,"2002, December",2002
2539,Detonator (New Earth),Secret Identity,Bad Characters,Unknown or None,Unknown or None,Living Characters,9,"2008, January",2008
2540,Freeway (New Earth),Secret Identity,Bad Characters,Unknown or None,Unknown or None,Living Characters,9,"2002, November",2002
2541,Peter Mortimer (New Earth),Secret Identity,Bad Characters,Unknown or None,Unknown or None,Deceased Characters,9,"1968, February",1968
2542,Gunther Hardwicke (New Earth),Secret Identity,Bad Characters,Unknown or None,Unknown or None,Living Characters,9,"1958, March",1958
2543,Warren Lawford (New Earth),Secret Identity,Bad Characters,Unknown or None,Unknown or None,Living Characters,9,"1958, March",1958
2544,Ulla Paske (New Earth),Secret Identity,Good Characters,Unknown or None,Blond Hair,Living Characters,9,"1982, June",1982
2545,Sindella Zatara (New Earth),Secret Identity,Good Characters,Unknown or None,Blond Hair,Deceased Characters,9,"1979, February",1979
2546,Colin Wilkes (New Earth),Secret Identity,Good Characters,Unknown or None,Red Hair,Living Characters,9,"2008, October",2008
2547,Matthew Shrieve (New Earth),Secret Identity,Good Characters,Unknown or None,Red Hair,Living Characters,9,"1980, November",1980
2548,Comet (New Earth),Secret Identity,Good Characters,Unknown or None,Unknown or None,Living Characters,9,"2010, March",2010
2549,Crimson Fox III (New Earth),Secret Identity,Good Characters,Unknown or None,Unknown or None,Living Characters,9,"2006, June",2006
2550,Manticore IV (New Earth),Secret Identity,Good Characters,Unknown or None,Unknown or None,Living Characters,9,"2006, May",2006
2551,Sandstorm (New Earth),Secret Identity,Good Characters,Unknown or None,Unknown or None,Deceased Characters,9,"2006, September",2006
2552,Amnon Silverstein (Dakotaverse),Secret Identity,Good Characters,Unknown or None,Unknown or None,Living Characters,9,"1994, January",1994
2553,Stuart Mosely (New Earth),Secret Identity,Good Characters,Unknown or None,Unknown or None,Living Characters,9,"1992, September",1992
2554,Damper (New Earth),Secret Identity,Unknown or None,Unknown or None,Brown Hair,Living Characters,9,"2006, June",2006
2555,Edward Bentama (New Earth),Unknown,Bad Characters,Unknown or None,Black Hair,Deceased Characters,9,"1986, January",1986
2556,Xavier Dylan (New Earth),Unknown,Bad Characters,Unknown or None,Blond Hair,Deceased Characters,9,"2002, May",2002
2557,Grace Kasaba (New Earth),Unknown,Bad Characters,Unknown or None,Brown Hair,Living Characters,9,"1988, May",1988
2558,Wyld (New Earth),Unknown,Bad Characters,Unknown or None,Unknown or None,Living Characters,9,"2009, November",2009
2559,Ausiin Snow (New Earth),Unknown,Bad Characters,Unknown or None,Unknown or None,Living Characters,9,"2008, February",2008
2560,Devil Dog (New Earth),Unknown,Bad Characters,Unknown or None,Unknown or None,Living Characters,9,"2008, September",2008
2561,Kretch (New Earth),Unknown,Bad Characters,Unknown or None,Unknown or None,Living Characters,9,"2007, August",2007
2562,Angon (New Earth),Unknown,Bad Characters,Unknown or None,Unknown or None,Deceased Characters,9,"1993, August",1993
2563,Gemir (New Earth),Unknown,Bad Characters,Unknown or None,Unknown or None,Deceased Characters,9,"1993, August",1993
2564,Glonth (New Earth),Unknown,Bad Characters,Unknown or None,Unknown or None,Deceased Characters,9,"1993, August",1993
2565,Pritor (New Earth),Unknown,Bad Characters,Unknown or None,Unknown or None,Deceased Characters,9,"1993, August",1993
2566,Buck Samson (New Earth),Unknown,Bad Characters,Unknown or None,Unknown or None,Living Characters,9,"1992, July",1992
2567,Clawster (New Earth),Unknown,Bad Characters,Unknown or None,Unknown or None,Living Characters,9,"1992, November",1992
2568,Armand Lydecker (New Earth),Unknown,Bad Characters,Unknown or None,Unknown or None,Living Characters,9,"1958, March",1958
2569,Ilsa von Hammer (New Earth),Unknown,Good Characters,Unknown or None,Blond Hair,Living Characters,9,"2005, July",2005
2570,Catholic Girl (Dakotaverse),Unknown,Good Characters,Unknown or None,Blond Hair,Living Characters,9,"1994, June",1994
2571,Michael Costner (New Earth),Unknown,Good Characters,Unknown or None,Brown Hair,Living Characters,9,"2006, September",2006
2572,Ronald Probson (New Earth),Unknown,Good Characters,Unknown or None,Brown Hair,Deceased Characters,9,"2003, February",2003
2573,Dervish (New Earth),Unknown,Good Characters,Unknown or None,Brown Hair,Living Characters,9,"1994, March",1994
2574,Steve Claiborne (New Earth),Unknown,Good Characters,Unknown or None,Brown Hair,Living Characters,9,"1988, September",1988
2575,James Carter (New Earth),Unknown,Good Characters,Unknown or None,Brown Hair,Living Characters,9,"1977, September",1977
2576,Genevieve Campbell (New Earth),Unknown,Good Characters,Unknown or None,Unknown or None,Living Characters,9,"2008, September",2008
2577,Tanakata Z (New Earth),Unknown,Good Characters,Unknown or None,Unknown or None,Deceased Characters,9,"2006, September",2006
2578,Nathan Patton (New Earth),Unknown,Good Characters,Unknown or None,Unknown or None,Deceased Characters,9,"2003, February",2003
2579,Gaius (New Earth),Unknown,Good Characters,Unknown or None,Unknown or None,Living Characters,9,"1993, August",1993
2580,Duke Donald (New Earth),Unknown,Good Characters,Unknown or None,Unknown or None,Living Characters,9,"1992, October",1992
2581,Moyshe Nakhman (New Earth),Unknown,Good Characters,Unknown or None,Unknown or None,Living Characters,9,"1990, September",1990
2582,Brokk (New Earth),Unknown,Good Characters,Unknown or None,Unknown or None,Living Characters,9,"1981, May",1981
2583,Aton (New Earth),Unknown,Good Characters,Unknown or None,Unknown or None,Living Characters,9,"1978, May",1978
2584,Amos Monroe (New Earth),Unknown,Good Characters,Unknown or None,White Hair,Living Characters,9,"1989, January",1989
2585,Harry S. Truman (New Earth),Unknown,Good Characters,Unknown or None,White Hair,Living Characters,9,1984,1984
2586,Victor Lanza (New Earth),Unknown,Good Characters,Unknown or None,White Hair,Deceased Characters,9,"1971, March",1971
2587,William Gunn (New Earth),Unknown,Good Characters,Unknown or None,White Hair,Deceased Characters,9,"1941, December",1941
2588,Arin Sur (New Earth),Unknown,Neutral Characters,Unknown or None,Black Hair,Living Characters,9,"2009, October",2009
2589,Jeremy Jape (New Earth),Unknown,Neutral Characters,Unknown or None,Blond Hair,Living Characters,9,"2008, July",2008
2590,Mack Harlin (New Earth),Unknown,Neutral Characters,Unknown or None,Unknown or None,Living Characters,9,"1995, January",1995
2591,Duma (New Earth),Unknown,Unknown or None,Unknown or None,Unknown or None,Living Characters,9,"1991, March",1991
2592,Remiel (New Earth),Unknown,Unknown or None,Unknown or None,Unknown or None,Living Characters,9,"1991, March",1991
2593,Arizona (New Earth),Unknown,Unknown or None,Unknown or None,Blond Hair,Living Characters,9,"1991, March",1991
2594,Boleslaw Uminski (New Earth),Unknown,Unknown or None,Unknown or None,Blond Hair,Living Characters,9,"1987, December",1987
2595,Rachel Dodds (New Earth),Unknown,Unknown or None,Unknown or None,Brown Hair,Living Characters,9,"2007, December",2007
2596,Lady Amethyst (New Earth),Public Identity,Good Characters,Violet Eyes,Blond Hair,Deceased Characters,9,"1983, May",1983
2597,Trinity (Virus) (New Earth),Public Identity,Bad Characters,White Eyes,Unknown or None,Living Characters,9,1990,1990
2598,Sun King (New Earth),Secret Identity,Bad Characters,White Eyes,Unknown or None,Deceased Characters,9,"2006, August",2006
2599,Micah Flint (New Earth),Secret Identity,Bad Characters,White Eyes,Unknown or None,Living Characters,9,"1997, March",1997
2600,Red Volcano (New Earth),Secret Identity,Bad Characters,Yellow Eyes,Unknown or None,Living Characters,9,"2008, June",2008
2601,Hiro Okamura (New Earth),Public Identity,Good Characters,Black Eyes,Black Hair,Living Characters,8,"2002, February",2002
2602,Starka\u00f0r (New Earth),Public Identity,Good Characters,Black Eyes,Unknown or None,Deceased Characters,8,"1999, September",1999
2603,Bizarro Lois Lane (New Earth),Public Identity,Neutral Characters,Black Eyes,Black Hair,Living Characters,8,"2007, October",2007
2604,Pyra (New Earth),Public Identity,Unknown or None,Black Eyes,Black Hair,Living Characters,8,"1996, September",1996
2605,Henry Cannon (New Earth),Secret Identity,Bad Characters,Black Eyes,Black Hair,Living Characters,8,"1984, April",1984
2606,Siren (New Earth),Secret Identity,Bad Characters,Black Eyes,Blond Hair,Living Characters,8,"1999, July",1999
2607,Rama Chandra (New Earth),Secret Identity,Good Characters,Black Eyes,Black Hair,Living Characters,8,"1999, September",1999
2608,Procanon Kaa (New Earth),Secret Identity,Good Characters,Black Eyes,Unknown or None,Living Characters,8,"1988, May",1988
2609,Wandjina (New Earth),Secret Identity,Good Characters,Black Eyes,Unknown or None,Deceased Characters,8,"1971, February",1971
2610,Oom (New Earth),Secret Identity,Unknown or None,Black Eyes,Grey Hair,Living Characters,8,"1940, December",1940
2611,Ahk-Ton (New Earth),Unknown,Bad Characters,Black Eyes,Unknown or None,Living Characters,8,"1965, January",1965
2612,Vanguard (New Earth),Unknown,Good Characters,Black Eyes,White Hair,Living Characters,8,"2005, May",2005
2613,Henry Aquista (New Earth),Public Identity,Bad Characters,Blue Eyes,Black Hair,Deceased Characters,8,"2004, April",2004
2614,Ashiya (New Earth),Public Identity,Bad Characters,Blue Eyes,Black Hair,Living Characters,8,"1978, January",1978
2615,Steven Hazard (New Earth),Public Identity,Bad Characters,Blue Eyes,Blond Hair,Deceased Characters,8,"2007, October",2007
2616,Sally Stone (New Earth),Public Identity,Good Characters,Blue Eyes,Black Hair,Living Characters,8,"1988, June",1988
2617,Mandra Darrow (New Earth),Public Identity,Good Characters,Blue Eyes,Blond Hair,Deceased Characters,8,"1994, April",1994
2618,Timothy Trench (New Earth),Public Identity,Good Characters,Blue Eyes,Brown Hair,Deceased Characters,8,"1969, February",1969
2619,Daniel Dennis (New Earth),Public Identity,Good Characters,Blue Eyes,Brown Hair,Living Characters,8,"1952, February",1952
2620,Austin Bowie (New Earth),Public Identity,Good Characters,Blue Eyes,Red Hair,Living Characters,8,"1989, August",1989
2621,Phillip Hunter (New Earth),Public Identity,Good Characters,Blue Eyes,Red Hair,Living Characters,8,"1966, April",1966
2622,Myron Mazursky (New Earth),Public Identity,Good Characters,Blue Eyes,White Hair,Living Characters,8,"1988, May",1988
2623,Lita Brand (New Earth),Public Identity,Neutral Characters,Blue Eyes,Black Hair,Living Characters,8,"1968, April",1968
2624,Beautia Sivana (New Earth),Public Identity,Neutral Characters,Blue Eyes,Blond Hair,Living Characters,8,"1987, April",1987
2625,Tsaritsa (New Earth),Secret Identity,Bad Characters,Blue Eyes,Black Hair,Living Characters,8,"2000, November",2000
2626,Ice Man (New Earth),Secret Identity,Bad Characters,Blue Eyes,Black Hair,Deceased Characters,8,"1991, October",1991
2627,Abner Krill (New Earth),Secret Identity,Bad Characters,Blue Eyes,Black Hair,Deceased Characters,8,"1962, February",1962
2628,Silver Monkey (New Earth),Secret Identity,Bad Characters,Blue Eyes,Brown Hair,Deceased Characters,8,"1995, May",1995
2629,John Monroe (New Earth),Secret Identity,Bad Characters,Blue Eyes,Brown Hair,Deceased Characters,8,"1985, August",1985
2630,Strega II (New Earth),Secret Identity,Bad Characters,Blue Eyes,Red Hair,Deceased Characters,8,"2006, July",2006
2631,Armando Ramone (New Earth),Secret Identity,Good Characters,Blue Eyes,Black Hair,Living Characters,8,"1984, December",1984
2632,Clay Stoner (New Earth),Secret Identity,Good Characters,Blue Eyes,Black Hair,Living Characters,8,"1978, September",1978
2633,Barbie (New Earth),Secret Identity,Good Characters,Blue Eyes,Blond Hair,Living Characters,8,"1989, December",1989
2634,Carter Channel (New Earth),Secret Identity,Good Characters,Blue Eyes,Red Hair,Living Characters,8,1993,1993
2635,Bizarro II (New Earth),Secret Identity,Neutral Characters,Blue Eyes,Black Hair,Deceased Characters,8,"1994, March",1994
2636,Emmylou Hartley (Earth-One),Secret Identity,Neutral Characters,Blue Eyes,Blond Hair,Living Characters,8,"1981, July",1981
2637,Rogga (New Earth),Secret Identity,Unknown or None,Blue Eyes,Unknown or None,Deceased Characters,8,"2007, January",2007
2638,Rio Ferdinand (New Earth),Unknown,Bad Characters,Blue Eyes,Black Hair,Living Characters,8,"2006, October",2006
2639,Stephen Forrest Lee (New Earth),Unknown,Bad Characters,Blue Eyes,Unknown or None,Deceased Characters,8,"1988, July",1988
2640,A.J. (New Earth),Unknown,Good Characters,Blue Eyes,Blond Hair,Living Characters,8,"1995, August",1995
2641,Sylvia Kandrey (New Earth),Unknown,Good Characters,Blue Eyes,Red Hair,Living Characters,8,"1988, November",1988
2642,Marnie Herrs (New Earth),Unknown,Neutral Characters,Blue Eyes,Blond Hair,Living Characters,8,"1987, May",1987
2643,Wesley Sloan (New Earth),Unknown,Unknown or None,Blue Eyes,Blond Hair,Deceased Characters,8,"2001, December",2001
2644,Connie Noleski (New Earth),Unknown,Unknown or None,Blue Eyes,Blond Hair,Living Characters,8,1987,1987
2645,Linton Midnite (New Earth),Public Identity,Bad Characters,Brown Eyes,Unknown or None,Living Characters,8,"1988, January",1988
2646,Hoppy Greene (New Earth),Public Identity,Good Characters,Brown Eyes,Black Hair,Living Characters,8,"1993, April",1993
2647,Rani (New Earth),Public Identity,Good Characters,Brown Eyes,Brown Hair,Living Characters,8,"2010, July",2010
2648,Carlotta Rivera (New Earth),Public Identity,Good Characters,Brown Eyes,Brown Hair,Living Characters,8,"1989, January",1989
2649,Mortimer Gunt (New Earth),Public Identity,Good Characters,Brown Eyes,Unknown or None,Living Characters,8,"1995, March",1995
2650,Shango (New Earth),Public Identity,Neutral Characters,Brown Eyes,Black Hair,Living Characters,8,"1990, March",1990
2651,Agni (New Earth),Secret Identity,Bad Characters,Brown Eyes,Black Hair,Living Characters,8,"1988, September",1988
2652,Anica Balcescu (New Earth),Secret Identity,Bad Characters,Brown Eyes,Brown Hair,Living Characters,8,"2008, September",2008
2653,Niang Guan Jun (New Earth),Secret Identity,Good Characters,Brown Eyes,Black Hair,Living Characters,8,"2006, June",2006
2654,Lucian Crawley (New Earth),Secret Identity,Good Characters,Brown Eyes,Brown Hair,Living Characters,8,"1969, March",1969
2655,Michael Morice (New Earth),Secret Identity,Good Characters,Brown Eyes,White Hair,Living Characters,8,1989,1989
2656,Rama Khan (New Earth),Secret Identity,Neutral Characters,Brown Eyes,Black Hair,Deceased Characters,8,"2002, March",2002
2657,Savitar Bandu (New Earth),Secret Identity,Neutral Characters,Brown Eyes,Black Hair,Living Characters,8,"1995, February",1995
2658,Dodger (New Earth),Secret Identity,Neutral Characters,Brown Eyes,Brown Hair,Living Characters,8,"2008, June",2008
2659,Daniel Tran (New Earth),Unknown,Bad Characters,Brown Eyes,Black Hair,Deceased Characters,8,"2002, December",2002
2660,Trang Jones (New Earth),Unknown,Good Characters,Brown Eyes,Black Hair,Living Characters,8,"2008, July",2008
2661,Gary DeVries (New Earth),Unknown,Good Characters,Brown Eyes,Black Hair,Living Characters,8,"1989, February",1989
2662,John Mercado (New Earth),Unknown,Good Characters,Brown Eyes,Brown Hair,Living Characters,8,"2004, February",2004
2663,Anaya (New Earth),Unknown,Good Characters,Brown Eyes,Brown Hair,Living Characters,8,"2001, May",2001
2664,Myra Allen (New Earth),Unknown,Good Characters,Brown Eyes,Brown Hair,Deceased Characters,8,"1991, August",1991
2665,George Flannery (New Earth),Unknown,Good Characters,Brown Eyes,Brown Hair,Living Characters,8,"1988, August",1988
2666,McCaffrey (New Earth),Unknown,Good Characters,Brown Eyes,White Hair,Deceased Characters,8,"2003, March",2003
2667,Joshua Hamman (New Earth),Unknown,Neutral Characters,Brown Eyes,Brown Hair,Living Characters,8,"1999, August",1999
2668,Misa (New Earth),Public Identity,Bad Characters,Green Eyes,Blond Hair,Living Characters,8,"1996, September",1996
2669,Ugg-I (New Earth),Public Identity,Bad Characters,Green Eyes,Unknown or None,Deceased Characters,8,"2008, July",2008
2670,Kancer (New Earth),Public Identity,Bad Characters,Green Eyes,Unknown or None,Living Characters,8,"2001, May",2001
2671,Margaret Mahoney (New Earth),Public Identity,Good Characters,Green Eyes,Red Hair,Deceased Characters,8,"2010, August",2010
2672,Amanda Turner (New Earth),Public Identity,Good Characters,Green Eyes,Red Hair,Living Characters,8,"2006, September",2006
2673,Triton (New Earth),Public Identity,Neutral Characters,Green Eyes,White Hair,Living Characters,8,"1995, July",1995
2674,Lionel Luthor (New Earth),Public Identity,Unknown or None,Green Eyes,Brown Hair,Living Characters,8,"2007, September",2007
2675,Doctor Cyclops (New Earth),Secret Identity,Bad Characters,Green Eyes,Grey Hair,Living Characters,8,"1967, January",1967
2676,Marschall Saber (New Earth),Secret Identity,Bad Characters,Green Eyes,Red Hair,Living Characters,8,"1984, April",1984
2677,Kitty Kumbata (New Earth),Unknown,Bad Characters,Green Eyes,Black Hair,Living Characters,8,"2004, July",2004
2678,Lani Gilbert (New Earth),Unknown,Bad Characters,Green Eyes,Red Hair,Living Characters,8,"1982, September",1982
2679,Lacey Van Horn (New Earth),Unknown,Neutral Characters,Green Eyes,Red Hair,Living Characters,8,"1994, May",1994
2680,Duel Eknham (New Earth),Public Identity,Bad Characters,Grey Eyes,Black Hair,Deceased Characters,8,"2008, June",2008
2681,Kho Kharhi (New Earth),Public Identity,Good Characters,Grey Eyes,Black Hair,Living Characters,8,"2008, May",2008
2682,RRU-9-2 (New Earth),Public Identity,Good Characters,Photocellular Eyes,Unknown or None,Living Characters,8,"1993, August",1993
2683,Clifford Steele Doppelganger (New Earth),Secret Identity,Good Characters,Photocellular Eyes,Unknown or None,Living Characters,8,"2001, December",2001
2684,Thrust (New Earth),Unknown,Neutral Characters,Pink Eyes,Blond Hair,Living Characters,8,1992,1992
2685,Paul Sloan (New Earth),Public Identity,Bad Characters,Red Eyes,Unknown or None,Living Characters,8,"1987, November",1987
2686,Construct (New Earth),Public Identity,Bad Characters,Red Eyes,Unknown or None,Living Characters,8,"1977, May",1977
2687,William Kavanagh (New Earth),Secret Identity,Bad Characters,Red Eyes,White Hair,Deceased Characters,8,"1993, November",1993
2688,Sparta (New Earth),Secret Identity,Neutral Characters,Red Eyes,Orange Hair,Deceased Characters,8,"1989, January",1989
2689,Herbert Hynde (New Earth),Unknown,Bad Characters,Red Eyes,Grey Hair,Living Characters,8,"1983, November",1983
2690,Narkran (New Earth),Public Identity,Bad Characters,Unknown or None,Black Hair,Living Characters,8,"1968, October",1968
2691,Toyboy (New Earth),Public Identity,Bad Characters,Unknown or None,Blond Hair,Living Characters,8,"2006, May",2006
2692,Alexandra Kosov (New Earth),Public Identity,Bad Characters,Unknown or None,Blond Hair,Living Characters,8,"2004, October",2004
2693,Mary Frances Cassidy (New Earth),Public Identity,Bad Characters,Unknown or None,Brown Hair,Living Characters,8,"1986, March",1986
2694,Peter Pauling (New Earth),Public Identity,Bad Characters,Unknown or None,Brown Hair,Deceased Characters,8,"1981, November",1981
2695,"Pasquale Galante, Jr. (New Earth)",Public Identity,Bad Characters,Unknown or None,Silver Hair,Deceased Characters,8,"2000, June",2000
2696,Khaji Kai (Prime Earth),Public Identity,Bad Characters,Unknown or None,Unknown or None,Living Characters,8,"2011, November",2011
2697,Titan II (New Earth),Public Identity,Bad Characters,Unknown or None,Unknown or None,Living Characters,8,"1998, December",1998
2698,Drrt (New Earth),Public Identity,Bad Characters,Unknown or None,Unknown or None,Living Characters,8,"1996, September",1996
2699,Red Death (New Earth),Public Identity,Bad Characters,Unknown or None,Unknown or None,Living Characters,8,"1996, September",1996
2700,Whoon (New Earth),Public Identity,Bad Characters,Unknown or None,Unknown or None,Living Characters,8,"1996, September",1996
2701,Thomas Manchester (New Earth),Public Identity,Bad Characters,Unknown or None,Unknown or None,Living Characters,8,"1995, June",1995
2702,Hatshephut II (New Earth),Public Identity,Bad Characters,Unknown or None,Unknown or None,,8,"1992, November",1992
2703,Derek Tolliver (New Earth),Public Identity,Bad Characters,Unknown or None,Unknown or None,Deceased Characters,8,"1987, October",1987
2704,Gat Benson (New Earth),Public Identity,Bad Characters,Unknown or None,Unknown or None,Deceased Characters,8,"1940, February",1940
2705,Walter Pratt (New Earth),Public Identity,Bad Characters,Unknown or None,White Hair,Deceased Characters,8,"2005, March",2005
2706,Claudius Tull (New Earth),Public Identity,Bad Characters,Unknown or None,White Hair,Deceased Characters,8,"1984, October",1984
2707,Ramon Solomano (New Earth),Public Identity,Bad Characters,Unknown or None,White Hair,Deceased Characters,8,"1941, December",1941
2708,Deborah Marlow (New Earth),Public Identity,Good Characters,Unknown or None,Black Hair,Living Characters,8,"2009, October",2009
2709,Daniel Temple (New Earth),Public Identity,Good Characters,Unknown or None,Black Hair,Living Characters,8,"2000, November",2000
2710,Chidi (New Earth),Public Identity,Good Characters,Unknown or None,Black Hair,Living Characters,8,"1994, November",1994
2711,Charles Rowland (Vertigo Universe),Public Identity,Good Characters,Unknown or None,Black Hair,Living Characters,8,"1991, April",1991
2712,Taj-Ze (New Earth),Public Identity,Good Characters,Unknown or None,Black Hair,Living Characters,8,"1969, February",1969
2713,Kuan Ti (New Earth),Public Identity,Good Characters,Unknown or None,Black Hair,Living Characters,8,,
2714,Henry Hayes (New Earth),Public Identity,Good Characters,Unknown or None,Blond Hair,Deceased Characters,8,"1989, October",1989
2715,Johnny Blake (New Earth),Public Identity,Good Characters,Unknown or None,Blond Hair,Living Characters,8,"1964, February",1964
2716,Helmond Kettering (New Earth),Public Identity,Good Characters,Unknown or None,Brown Hair,Living Characters,8,"2006, August",2006
2717,Henri Doucette (New Earth),Public Identity,Good Characters,Unknown or None,Brown Hair,Living Characters,8,"2006, June",2006
2718,Helen Angelico (New Earth),Public Identity,Good Characters,Unknown or None,Brown Hair,Living Characters,8,"2000, June",2000
2719,Sasha Martens (New Earth),Public Identity,Good Characters,Unknown or None,Brown Hair,Living Characters,8,"1997, October",1997
2720,Buck Wargo (New Earth),Public Identity,Good Characters,Unknown or None,Brown Hair,Living Characters,8,"1994, July",1994
2721,Vladimir Morakov (New Earth),Public Identity,Good Characters,Unknown or None,Brown Hair,Living Characters,8,"1989, December",1989
2722,Joseph Richani (New Earth),Public Identity,Good Characters,Unknown or None,Brown Hair,Living Characters,8,"1985, February",1985
2723,Yango (New Earth),Public Identity,Good Characters,Unknown or None,Brown Hair,Living Characters,8,"1970, October",1970
2724,John Kennedy (New Earth),Public Identity,Good Characters,Unknown or None,Brown Hair,Living Characters,8,"1961, May",1961
2725,Gabby the Monkey (New Earth),Public Identity,Good Characters,Unknown or None,Brown Hair,Living Characters,8,"1941, April",1941
2726,Martin Campbell (New Earth),Public Identity,Good Characters,Unknown or None,Grey Hair,Living Characters,8,"2006, August",2006
2727,Sierra (New Earth),Public Identity,Good Characters,Unknown or None,Red Hair,Living Characters,8,"2006, October",2006
2728,Scott Sawyer (New Earth),Public Identity,Good Characters,Unknown or None,Unknown or None,Living Characters,8,"1998, December",1998
2729,Red Bailey (New Earth),Public Identity,Good Characters,Unknown or None,Unknown or None,Deceased Characters,8,"1995, December",1995
2730,Gawain (New Earth),Public Identity,Good Characters,Unknown or None,Unknown or None,Living Characters,8,"1936, September",1936
2731,Richard Mission (New Earth),Public Identity,Neutral Characters,Unknown or None,Brown Hair,Living Characters,8,"1991, December",1991
2732,Richard Simpson (New Earth),Public Identity,Neutral Characters,Unknown or None,Brown Hair,Living Characters,8,"1988, July",1988
2733,George Yedziniak (New Earth),Public Identity,Unknown or None,Unknown or None,Unknown or None,Living Characters,8,"1989, July",1989
2734,Jordanna Spence (New Earth),Public Identity,Unknown or None,Unknown or None,Black Hair,Living Characters,8,"2009, November",2009
2735,Maria Amardosa (New Earth),Public Identity,Unknown or None,Unknown or None,Black Hair,Living Characters,8,"2008, December",2008
2736,Jebediah Kent (New Earth),Public Identity,Unknown or None,Unknown or None,Blond Hair,Deceased Characters,8,"1997, August",1997
2737,Emmett Vale (New Earth),Public Identity,Unknown or None,Unknown or None,Grey Hair,Living Characters,8,"1986, October",1986
2738,Blue Moon (New Earth),Secret Identity,Bad Characters,Unknown or None,Blond Hair,Living Characters,8,"2006, January",2006
2739,Heatmonger (New Earth),Secret Identity,Bad Characters,Unknown or None,Blond Hair,Deceased Characters,8,"1994, March",1994
2740,Maduvu (New Earth),Secret Identity,Bad Characters,Unknown or None,Brown Hair,Living Characters,8,"2008, January",2008
2741,Remington Cord (New Earth),Secret Identity,Bad Characters,Unknown or None,Brown Hair,Living Characters,8,"1968, August",1968
2742,Alexandra Allston (New Earth),Secret Identity,Bad Characters,Unknown or None,Unknown or None,Living Characters,8,"2004, September",2004
2743,Marauder II (New Earth),Secret Identity,Bad Characters,Unknown or None,Unknown or None,Deceased Characters,8,"2004, December",2004
2744,Justin Quinn (New Earth),Secret Identity,Bad Characters,Unknown or None,Unknown or None,Living Characters,8,"2002, December",2002
2745,Grokk (New Earth),Secret Identity,Bad Characters,Unknown or None,Unknown or None,Living Characters,8,"1998, August",1998
2746,Nosferata (New Earth),Secret Identity,Bad Characters,Unknown or None,Unknown or None,Living Characters,8,"1998, April",1998
2747,Vault (New Earth),Secret Identity,Bad Characters,Unknown or None,Unknown or None,Living Characters,8,"1997, April",1997
2748,Hatchet (New Earth),Secret Identity,Bad Characters,Unknown or None,Unknown or None,Living Characters,8,"1996, July",1996
2749,Kerry Austin (New Earth),Secret Identity,Bad Characters,Unknown or None,Unknown or None,Deceased Characters,8,"1982, February",1982
2750,Brute of the Dreaming (New Earth),Secret Identity,Bad Characters,Unknown or None,Unknown or None,Living Characters,8,"1974, December",1974
2751,Glob of the Dreaming (New Earth),Secret Identity,Bad Characters,Unknown or None,Unknown or None,Living Characters,8,"1974, December",1974
2752,Seneca (New Earth),Secret Identity,Good Characters,Unknown or None,Black Hair,Living Characters,8,"1994, April",1994
2753,Joe Public (New Earth),Secret Identity,Good Characters,Unknown or None,Blond Hair,Living Characters,8,"1993, June",1993
2754,Derek Bradbourne (New Earth),Secret Identity,Good Characters,Unknown or None,Brown Hair,Living Characters,8,"1992, December",1992
2755,"Paul Patten, Jr. (New Earth)",Secret Identity,Good Characters,Unknown or None,Unknown or None,Living Characters,8,"2010, May",2010
2756,Infinity (New Earth),Secret Identity,Good Characters,Unknown or None,Unknown or None,Living Characters,8,"2008, March",2008
2757,Salah Miandad (New Earth),Secret Identity,Good Characters,Unknown or None,Unknown or None,Deceased Characters,8,"2008, February",2008
2758,Tezumak (New Earth),Secret Identity,Good Characters,Unknown or None,Unknown or None,Deceased Characters,8,"2002, July",2002
2759,Jean de Baton-Baton (New Earth),Secret Identity,Good Characters,Unknown or None,Unknown or None,Deceased Characters,8,"1997, September",1997
2760,Reginald Hackman (New Earth),Secret Identity,Neutral Characters,Unknown or None,Black Hair,Living Characters,8,1993,1993
2761,Antoine (New Earth),Secret Identity,Neutral Characters,Unknown or None,Black Hair,Living Characters,8,"1992, October",1992
2762,Judson Caspian (New Earth),Secret Identity,Neutral Characters,Unknown or None,Unknown or None,Deceased Characters,8,"1987, June",1987
2763,Crusader (New Earth),Secret Identity,Unknown or None,Unknown or None,Brown Hair,Living Characters,8,"2010, September",2010
2764,Dean Mayland (New Earth),Unknown,Bad Characters,Unknown or None,Black Hair,Living Characters,8,"2006, September",2006
2765,Bug Baron (New Earth),Unknown,Bad Characters,Unknown or None,Black Hair,Living Characters,8,"1966, December",1966
2766,Zobar Zodiak (New Earth),Unknown,Bad Characters,Unknown or None,Black Hair,Living Characters,8,"1948, August",1948
2767,Matthew Stuart (New Earth),Unknown,Bad Characters,Unknown or None,Blond Hair,Living Characters,8,"1998, August",1998
2768,Vernon Wells (New Earth),Unknown,Bad Characters,Unknown or None,Blond Hair,Deceased Characters,8,1990,1990
2769,Sheila Haywood (New Earth),Unknown,Bad Characters,Unknown or None,Blond Hair,Deceased Characters,8,"1988, December",1988
2770,Moxie Mannheim (New Earth),Unknown,Bad Characters,Unknown or None,Brown Hair,Deceased Characters,8,"1994, November",1994
2771,Mister Esper (Earth-One),Unknown,Bad Characters,Unknown or None,Brown Hair,Living Characters,8,"1966, June",1966
2772,Death Angel (New Earth),Unknown,Bad Characters,Unknown or None,Purple Hair,Living Characters,8,"1993, August",1993
2773,Derrick Coe (New Earth),Unknown,Bad Characters,Unknown or None,Unknown or None,Living Characters,8,"2005, December",2005
2774,King of Tears (New Earth),Unknown,Bad Characters,Unknown or None,Unknown or None,Deceased Characters,8,"2000, May",2000
2775,Mageddon (New Earth),Unknown,Bad Characters,Unknown or None,Unknown or None,Living Characters,8,"1998, February",1998
2776,Barin (New Earth),Unknown,Bad Characters,Unknown or None,Unknown or None,Deceased Characters,8,"1993, December",1993
2777,Venev (New Earth),Unknown,Bad Characters,Unknown or None,Unknown or None,Deceased Characters,8,"1993, August",1993
2778,Speed Queen (New Earth),Unknown,Bad Characters,Unknown or None,Unknown or None,Deceased Characters,8,"1991, February",1991
2779,Psi-Phon (New Earth),Unknown,Bad Characters,Unknown or None,Unknown or None,Living Characters,8,"1988, July",1988
2780,Bolshoi (New Earth),Unknown,Bad Characters,Unknown or None,Unknown or None,Living Characters,8,"1986, August",1986
2781,Molotov (New Earth),Unknown,Bad Characters,Unknown or None,Unknown or None,Living Characters,8,"1986, August",1986
2782,Blindside (New Earth),Unknown,Bad Characters,Unknown or None,Unknown or None,Living Characters,8,"1985, June",1985
2783,Benjamin Gruener (New Earth),Unknown,Bad Characters,Unknown or None,Unknown or None,Living Characters,8,"1971, December",1971
2784,Shaligo (New Earth),Unknown,Bad Characters,Unknown or None,Unknown or None,Deceased Characters,8,"1971, May",1971
2785,Queenie (New Earth),Unknown,Bad Characters,Unknown or None,Unknown or None,Deceased Characters,8,"1966, March",1966
2786,Unimaginable (New Earth),Unknown,Bad Characters,Unknown or None,Unknown or None,Living Characters,8,"1966, February",1966
2787,Mordred (New Earth),Unknown,Bad Characters,Unknown or None,Unknown or None,Deceased Characters,8,"1946, January",1946
2788,Charles Halstead (New Earth),Unknown,Bad Characters,Unknown or None,Unknown or None,Deceased Characters,8,"1945, December",1945
2789,Doctor Excess (New Earth),Unknown,Bad Characters,Unknown or None,White Hair,Living Characters,8,"2002, December",2002
2790,Felicidad Gomez (New Earth),Unknown,Good Characters,Unknown or None,Black Hair,Living Characters,8,"2009, May",2009
2791,Bunny (New Earth),Unknown,Good Characters,Unknown or None,Black Hair,Living Characters,8,"2006, November",2006
2792,DeShaun Kendall (New Earth),Unknown,Good Characters,Unknown or None,Black Hair,Living Characters,8,"1999, September",1999
2793,Hacohen (New Earth),Unknown,Good Characters,Unknown or None,Black Hair,Living Characters,8,"1990, September",1990
2794,Gregori Eilovitch Rasputin (New Earth),Unknown,Good Characters,Unknown or None,Black Hair,Living Characters,8,"1989, June",1989
2795,Maseo Yamashiro (New Earth),Unknown,Good Characters,Unknown or None,Black Hair,Living Characters,8,"1984, June",1984
2796,Slugger Dunn (New Earth),Unknown,Good Characters,Unknown or None,Black Hair,Living Characters,8,"1941, August",1941
2797,Embra (New Earth),Unknown,Good Characters,Unknown or None,Blond Hair,Living Characters,8,"1968, May",1968
2798,Geoffrey de Cantonna (New Earth),Unknown,Good Characters,Unknown or None,Brown Hair,Deceased Characters,8,"2009, June",2009
2799,Bueno Excellente (New Earth),Unknown,Good Characters,Unknown or None,Brown Hair,Living Characters,8,"1997, September",1997
2800,Myrrha (New Earth),Unknown,Good Characters,Unknown or None,Brown Hair,Deceased Characters,8,"1991, January",1991
2801,Robert Ablamsky (New Earth),Unknown,Good Characters,Unknown or None,Brown Hair,Living Characters,8,"1988, September",1988
2802,Skirl (New Earth),Unknown,Good Characters,Unknown or None,Brown Hair,Living Characters,8,"1988, March",1988
2803,Long Round (New Earth),Unknown,Good Characters,Unknown or None,Brown Hair,Living Characters,8,"1979, February",1979
2804,Wallace Hapgood (New Earth),Unknown,Good Characters,Unknown or None,Brown Hair,Living Characters,8,"1978, June",1978
2805,Horgan (New Earth),Unknown,Good Characters,Unknown or None,Grey Hair,Living Characters,8,"1975, December",1975
2806,Dexter Myles (New Earth),Unknown,Good Characters,Unknown or None,Grey Hair,Living Characters,8,"1963, August",1963
2807,Tuftan (New Earth),Unknown,Good Characters,Unknown or None,Orange Hair,Living Characters,8,"1998, April",1998
2808,Tomy-Fai (New Earth),Unknown,Good Characters,Unknown or None,Red Hair,Living Characters,8,"1990, April",1990
2809,Topo II (New Earth),Unknown,Good Characters,Unknown or None,Unknown or None,Living Characters,8,"2007, May",2007
2810,Thomas Tinker (New Earth),Unknown,Good Characters,Unknown or None,Unknown or None,Living Characters,8,"2005, July",2005
2811,Perdoo (New Earth),Unknown,Good Characters,Unknown or None,Unknown or None,Living Characters,8,1996,1996
2812,Yazz (New Earth),Unknown,Good Characters,Unknown or None,Unknown or None,Living Characters,8,"1995, January",1995
2813,Osiris (New Earth),Unknown,Good Characters,Unknown or None,Unknown or None,Living Characters,8,"1994, March",1994
2814,Judith (New Earth),Unknown,Good Characters,Unknown or None,Unknown or None,Living Characters,8,"1990, September",1990
2815,Meadlux (New Earth),Unknown,Good Characters,Unknown or None,Unknown or None,Living Characters,8,"1983, October",1983
2816,Viktor Markov (New Earth),Unknown,Good Characters,Unknown or None,Unknown or None,Deceased Characters,8,"1983, August",1983
2817,Aram Al Ashir (New Earth),Unknown,Good Characters,Unknown or None,Unknown or None,Living Characters,8,"1979, September",1979
2818,Vincent Yatz (New Earth),Unknown,Good Characters,Unknown or None,Unknown or None,Living Characters,8,"1968, April",1968
2819,Brunhilde (New Earth),Unknown,Good Characters,Unknown or None,Unknown or None,Living Characters,8,,
2820,Jack Kovacs (New Earth),Unknown,Neutral Characters,Unknown or None,Blond Hair,Living Characters,8,"1989, March",1989
2821,Jasper Evans (New Earth),Unknown,Neutral Characters,Unknown or None,Brown Hair,Deceased Characters,8,"1991, August",1991
2822,Nomoz (New Earth),Unknown,Neutral Characters,Unknown or None,Red Hair,Living Characters,8,"1992, October",1992
2823,Daniel Dickerson (New Earth),Unknown,Neutral Characters,Unknown or None,Unknown or None,Deceased Characters,8,"2000, April",2000
2824,Craydl (New Earth),Unknown,Neutral Characters,Unknown or None,Unknown or None,Living Characters,8,"1999, July",1999
2825,Nada (New Earth),Unknown,Neutral Characters,Unknown or None,Unknown or None,Living Characters,8,"1989, April",1989
2826,Lena (New Earth),Unknown,Neutral Characters,Unknown or None,Unknown or None,Living Characters,8,"1964, February",1964
2827,Djo Zha (New Earth),Unknown,Unknown or None,Unknown or None,Unknown or None,Living Characters,8,"2009, March",2009
2828,Thumper (New Earth),Unknown,Unknown or None,Unknown or None,Unknown or None,Living Characters,8,"2006, June",2006
2829,Zinnac (New Earth),Unknown,Unknown or None,Unknown or None,Unknown or None,Living Characters,8,"1997, September",1997
2830,Ladon (New Earth),Unknown,Unknown or None,Unknown or None,Unknown or None,Living Characters,8,1991,1991
2831,Shathan (New Earth),Unknown,Unknown or None,Unknown or None,Unknown or None,Living Characters,8,"1966, April",1966
2832,Daniel Crown (New Earth),Unknown,Unknown or None,Unknown or None,Blond Hair,Living Characters,8,"1988, September",1988
2833,Emba (New Earth),Unknown,Unknown or None,Unknown or None,Brown Hair,Living Characters,8,"1968, May",1968
2834,Hex (New Earth),Unknown,Unknown or None,Unknown or None,Red Hair,Living Characters,8,"1998, August",1998
2835,Priest (New Earth),Public Identity,Good Characters,White Eyes,Unknown or None,Deceased Characters,8,"1988, October",1988
2836,Carom (New Earth),Secret Identity,Bad Characters,White Eyes,Red Hair,Living Characters,8,"1997, April",1997
2837,Tally Man I (New Earth),Secret Identity,Bad Characters,White Eyes,White Hair,Living Characters,8,"1993, October",1993
2838,Droxelle (New Earth),Secret Identity,Good Characters,White Eyes,White Hair,Living Characters,8,"1983, October",1983
2839,Norchavius (New Earth),Public Identity,Good Characters,Yellow Eyes,Unknown or None,Living Characters,8,"2008, February",2008
2840,Jezebelle of New Genesis (New Earth),Secret Identity,Good Characters,Yellow Eyes,Red Hair,Deceased Characters,8,"1977, July",1977
2841,Red Torpedo (New Earth),Secret Identity,Good Characters,Yellow Eyes,Unknown or None,Living Characters,8,"2009, November",2009
2842,Zorrm (New Earth),Secret Identity,Unknown or None,Yellow Eyes,Unknown or None,Deceased Characters,8,"2007, January",2007
2843,Diro Yat (New Earth),Public Identity,Bad Characters,Black Eyes,Black Hair,Living Characters,7,"2008, January",2008
2844,Sleez (New Earth),Public Identity,Bad Characters,Black Eyes,Unknown or None,Deceased Characters,7,"1987, September",1987
2845,Lurlan Dupo (New Earth),Public Identity,Bad Characters,Black Eyes,Unknown or None,Living Characters,7,"1986, February",1986
2846,Sandra Hawke (New Earth),Public Identity,Good Characters,Black Eyes,Brown Hair,Living Characters,7,"1994, November",1994
2847,Chthos-Chthas Chthatis (New Earth),Public Identity,Good Characters,Black Eyes,Unknown or None,Living Characters,7,"2006, December",2006
2848,Oho-Besh (New Earth),Public Identity,Good Characters,Black Eyes,Unknown or None,Deceased Characters,7,"1985, December",1985
2849,Sebastian Hady (New Earth),Public Identity,Neutral Characters,Black Eyes,Brown Hair,Living Characters,7,"2010, January",2010
2850,Francisco Gracia (New Earth),Public Identity,Unknown or None,Black Eyes,Black Hair,Living Characters,7,"2009, November",2009
2851,Delaken (New Earth),Public Identity,Unknown or None,Black Eyes,Brown Hair,Living Characters,7,"1990, March",1990
2852,Otto Netz (New Earth),Secret Identity,Bad Characters,Black Eyes,Black Hair,Deceased Characters,7,"2011, March",2011
2853,Crucifer (New Earth),Secret Identity,Bad Characters,Black Eyes,Black Hair,Living Characters,7,"2004, May",2004
2854,Red Panzer III (New Earth),Secret Identity,Bad Characters,Black Eyes,Black Hair,Deceased Characters,7,"1999, July",1999
2855,Blythe Bonner (New Earth),Secret Identity,Bad Characters,Black Eyes,Black Hair,Living Characters,7,"1984, May",1984
2856,Axe-Man (New Earth),Secret Identity,Bad Characters,Black Eyes,Black Hair,Living Characters,7,"1977, June",1977
2857,Melmoth (New Earth),Secret Identity,Bad Characters,Black Eyes,Unknown or None,Living Characters,7,"2005, August",2005
2858,John Denetto (New Earth),Public Identity,Bad Characters,Blue Eyes,Black Hair,Living Characters,7,"2008, February",2008
2859,Anthony Monetti (New Earth),Public Identity,Bad Characters,Blue Eyes,Black Hair,Living Characters,7,"1996, December",1996
2860,Mirabai (New Earth),Public Identity,Bad Characters,Blue Eyes,Brown Hair,Living Characters,7,"2009, July",2009
2861,Samuel Kurtis (New Earth),Public Identity,Bad Characters,Blue Eyes,Brown Hair,Deceased Characters,7,"2000, May",2000
2862,Knodar (New Earth),Public Identity,Bad Characters,Blue Eyes,Brown Hair,Living Characters,7,"1947, October",1947
2863,Kiriazis (New Earth),Public Identity,Bad Characters,Blue Eyes,Unknown or None,Living Characters,7,"2008, February",2008
2864,Orin I (New Earth),Public Identity,Good Characters,Blue Eyes,Black Hair,Deceased Characters,7,"1990, March",1990
2865,Anais Guillot (New Earth),Public Identity,Good Characters,Blue Eyes,Black Hair,Deceased Characters,7,"1959, August",1959
2866,Phillip Lorens (New Earth),Public Identity,Good Characters,Blue Eyes,Blond Hair,Living Characters,7,"2007, January",2007
2867,Mala (New Earth),Public Identity,Good Characters,Blue Eyes,Blond Hair,Living Characters,7,"1994, October",1994
2868,Kong (New Earth),Public Identity,Good Characters,Blue Eyes,Blond Hair,Living Characters,7,"1975, July",1975
2869,Vext (New Earth),Public Identity,Good Characters,Blue Eyes,Brown Hair,Living Characters,7,"1999, March",1999
2870,Samantha Collins (New Earth),Public Identity,Good Characters,Blue Eyes,Red Hair,Living Characters,7,"2011, May",2011
2871,Diana Lincoln (New Earth),Public Identity,Good Characters,Blue Eyes,Strawberry Blond Hair,Living Characters,7,"2010, September",2010
2872,White Opal (New Earth),Public Identity,Good Characters,Blue Eyes,White Hair,Living Characters,7,"1985, August",1985
2873,Astra Logue (New Earth),Public Identity,Unknown or None,Blue Eyes,Blond Hair,Deceased Characters,7,"1988, August",1988
2874,Gunshot (New Earth),Secret Identity,Bad Characters,Blue Eyes,Black Hair,Living Characters,7,"1993, August",1993
2875,Lyle Byrnes (New Earth),Secret Identity,Bad Characters,Blue Eyes,Brown Hair,Living Characters,7,"1986, June",1986
2876,Slyfox (New Earth),Secret Identity,Bad Characters,Blue Eyes,Red Hair,Living Characters,7,"1996, January",1996
2877,Tomorrow Woman (New Earth),Secret Identity,Good Characters,Blue Eyes,Black Hair,Deceased Characters,7,"1997, May",1997
2878,Mister E (New Earth),Secret Identity,Good Characters,Blue Eyes,Black Hair,Living Characters,7,"1980, December",1980
2879,Brother Power (New Earth),Secret Identity,Good Characters,Blue Eyes,Blond Hair,Living Characters,7,"1968, October",1968
2880,Gloria Mundi (Dakotaverse),Secret Identity,Good Characters,Blue Eyes,Unknown or None,Living Characters,7,"2001, February",2001
2881,Katherine Webb (New Earth),Secret Identity,Neutral Characters,Blue Eyes,Black Hair,Living Characters,7,"2008, August",2008
2882,Poprocket (New Earth),Secret Identity,Unknown or None,Blue Eyes,Pink Hair,Living Characters,7,"2009, January",2009
2883,Weapons Master (New Earth),Unknown,Bad Characters,Blue Eyes,Black Hair,Living Characters,7,"1992, April",1992
2884,Holly McKenzie (New Earth),Unknown,Bad Characters,Blue Eyes,Black Hair,Living Characters,7,"1989, September",1989
2885,Mortimer Kadaver (New Earth),Unknown,Bad Characters,Blue Eyes,Black Hair,Living Characters,7,"1988, July",1988
2886,March (New Earth),Unknown,Bad Characters,Blue Eyes,Blond Hair,Living Characters,7,"2000, December",2000
2887,Thanatos (New Earth),Unknown,Bad Characters,Blue Eyes,Blond Hair,Deceased Characters,7,"1970, December",1970
2888,Iron Major (New Earth),Unknown,Bad Characters,Blue Eyes,Blond Hair,Deceased Characters,7,"1965, September",1965
2889,David Challoner (New Earth),Unknown,Neutral Characters,Blue Eyes,Blond Hair,Living Characters,7,"1989, February",1989
2890,Morpheus (New Earth),Unknown,Unknown or None,Blue Eyes,White Hair,Living Characters,7,"1963, August",1963
2891,Yasemin Soze (New Earth),Public Identity,Bad Characters,Brown Eyes,Black Hair,Deceased Characters,7,"2005, December",2005
2892,Phillip Parsons (New Earth),Public Identity,Bad Characters,Brown Eyes,Black Hair,Living Characters,7,"1995, October",1995
2893,Rumaan Harjavti (New Earth),Public Identity,Bad Characters,Brown Eyes,Black Hair,Deceased Characters,7,"1987, June",1987
2894,Thomas Dinawa (New Earth),Public Identity,Good Characters,Brown Eyes,Black Hair,Living Characters,7,"2006, August",2006
2895,Joanna Tanner (New Earth),Public Identity,Good Characters,Brown Eyes,Black Hair,Deceased Characters,7,"2003, July",2003
2896,Kevin Soong (New Earth),Public Identity,Good Characters,Brown Eyes,Black Hair,Living Characters,7,"1996, August",1996
2897,Robert Hawkins (Dakotaverse),Public Identity,Good Characters,Brown Eyes,Black Hair,Living Characters,7,"1993, October",1993
2898,Felix Zumac (New Earth),Public Identity,Good Characters,Brown Eyes,Black Hair,Living Characters,7,"1989, December",1989
2899,Boris Dmitravich Razumihin (New Earth),Public Identity,Good Characters,Brown Eyes,Black Hair,Living Characters,7,"1987, December",1987
2900,Elinore Stone (New Earth),Public Identity,Good Characters,Brown Eyes,Black Hair,Deceased Characters,7,"1981, May",1981
2901,Marguerita Covas (New Earth),Public Identity,Good Characters,Brown Eyes,Brown Hair,Living Characters,7,"2008, June",2008
2902,Diego Zhao (New Earth),Public Identity,Good Characters,Brown Eyes,Brown Hair,Living Characters,7,"2006, July",2006
2903,Ryan Diaz (New Earth),Public Identity,Good Characters,Brown Eyes,Brown Hair,Living Characters,7,"2006, December",2006
2904,Simon Burton (New Earth),Public Identity,Good Characters,Brown Eyes,Brown Hair,Deceased Characters,7,"2002, December",2002
2905,Lea Corben (New Earth),Public Identity,Good Characters,Brown Eyes,Brown Hair,Living Characters,7,"1998, December",1998
2906,Bazil (New Earth),Public Identity,Good Characters,Brown Eyes,Brown Hair,Living Characters,7,"1990, March",1990
2907,Sherlock Holmes (New Earth),Public Identity,Good Characters,Brown Eyes,Brown Hair,Living Characters,7,"1946, December",1946
2908,Gemma Masters (New Earth),Public Identity,Neutral Characters,Brown Eyes,Black Hair,Living Characters,7,"1988, April",1988
2909,Kimberly Rebecki (Prime Earth),Public Identity,Neutral Characters,Brown Eyes,Brown Hair,Living Characters,7,"2012, June",2012
2910,Nora Fields (New Earth),Public Identity,Neutral Characters,Brown Eyes,Brown Hair,Living Characters,7,"2003, February",2003
2911,Martin Lewis (New Earth),Public Identity,Unknown or None,Brown Eyes,Black Hair,Living Characters,7,"1997, October",1997
2912,Musashi (New Earth),Secret Identity,Bad Characters,Brown Eyes,Black Hair,Living Characters,7,"1994, April",1994
2913,Bossworth (New Earth),Secret Identity,Bad Characters,Brown Eyes,Unknown or None,Living Characters,7,"2009, June",2009
2914,Seong Barclay (New Earth),Secret Identity,Good Characters,Brown Eyes,Black Hair,Deceased Characters,7,"1995, May",1995
2915,Cheyenne Freemont (New Earth),Secret Identity,Good Characters,Brown Eyes,Red Hair,Living Characters,7,"2006, May",2006
2916,Gillian Wahrman (New Earth),Secret Identity,Neutral Characters,Brown Eyes,Brown Hair,Living Characters,7,"1994, June",1994
2917,Paul Longo (New Earth),Unknown,Bad Characters,Brown Eyes,Black Hair,Deceased Characters,7,"1994, April",1994
2918,Lloyd Jefferson (New Earth),Unknown,Bad Characters,Brown Eyes,Black Hair,Living Characters,7,"1989, September",1989
2919,Bernard Venton (New Earth),Unknown,Bad Characters,Brown Eyes,Brown Hair,Living Characters,7,"2010, December",2010
2920,Lazlo Valentin (New Earth),Unknown,Bad Characters,Brown Eyes,Brown Hair,Living Characters,7,"2007, July",2007
2921,Kala Avasti (New Earth),Unknown,Good Characters,Brown Eyes,Black Hair,Living Characters,7,"2006, May",2006
2922,Malcolm Allen (New Earth),Unknown,Good Characters,Brown Eyes,Black Hair,Deceased Characters,7,"2004, December",2004
2923,Hector Rivera (New Earth),Unknown,Good Characters,Brown Eyes,Brown Hair,Living Characters,7,"1994, June",1994
2924,Hannibal Martin (New Earth),Unknown,Good Characters,Brown Eyes,Brown Hair,Living Characters,7,"1993, June",1993
2925,Madame Waxahachie (New Earth),Unknown,Good Characters,Brown Eyes,Brown Hair,Living Characters,7,"1988, September",1988
2926,Manuel Esperanza (New Earth),Unknown,Neutral Characters,Brown Eyes,Black Hair,Living Characters,7,"2001, October",2001
2927,Layla (New Earth),Unknown,Good Characters,Gold Eyes,Purple Hair,Living Characters,7,"1993, August",1993
2928,Jenna Duffy (New Earth),Public Identity,Bad Characters,Green Eyes,Brown Hair,Living Characters,7,"2008, April",2008
2929,Anann (New Earth),Public Identity,Bad Characters,Green Eyes,Red Hair,Living Characters,7,"2011, January",2011
2930,Cinnamon II (New Earth),Public Identity,Good Characters,Green Eyes,Red Hair,Living Characters,7,"2003, October",2003
2931,Terri Henshaw (New Earth),Public Identity,Good Characters,Green Eyes,Red Hair,Deceased Characters,7,"1990, May",1990
2932,Taryia (New Earth),Public Identity,Good Characters,Green Eyes,Red Hair,Living Characters,7,"1985, December",1985
2933,Quond (New Earth),Public Identity,Good Characters,Green Eyes,Unknown or None,Deceased Characters,7,"2006, September",2006
2934,Deborah Poulos (New Earth),Public Identity,Neutral Characters,Green Eyes,Blond Hair,Living Characters,7,"2008, March",2008
2935,Starro the Cat (New Earth),Public Identity,Unknown or None,Green Eyes,White Hair,Living Characters,7,"1999, April",1999
2936,Zachary Zor (New Earth),Secret Identity,Bad Characters,Green Eyes,Black Hair,Living Characters,7,"1940, May",1940
2937,Guy Dax (New Earth),Secret Identity,Bad Characters,Green Eyes,Brown Hair,Living Characters,7,"2008, June",2008
2938,Deborah Morgna (New Earth),Secret Identity,Bad Characters,Green Eyes,Red Hair,Living Characters,7,"2007, March",2007
2939,Tony Bressi (New Earth),Unknown,Bad Characters,Green Eyes,Blond Hair,Living Characters,7,"1993, August",1993
2940,Rose Shaw (New Earth),Unknown,Good Characters,Green Eyes,Red Hair,Living Characters,7,"1988, July",1988
2941,Thomas Revere (New Earth),Unknown,Good Characters,Green Eyes,White Hair,Deceased Characters,7,"1942, December",1942
2942,Gonzo the Mechanical Bastard (New Earth),Public Identity,Bad Characters,Red Eyes,Black Hair,Living Characters,7,"2006, October",2006
2943,Aleister Hook (New Earth),Secret Identity,Bad Characters,Red Eyes,White Hair,Living Characters,7,"1988, March",1988
2944,DJ (New Earth),Secret Identity,Good Characters,Red Eyes,Red Hair,Deceased Characters,7,"1996, September",1996
2945,Roderick (New Earth),Unknown,Bad Characters,Red Eyes,Black Hair,Deceased Characters,7,"1993, November",1993
2946,Batzarro (New Earth),Public Identity,Bad Characters,Unknown or None,Black Hair,Living Characters,7,"2005, June",2005
2947,Disdain (New Earth),Public Identity,Bad Characters,Unknown or None,Grey Hair,Living Characters,7,"1999, January",1999
2948,Scott Lowe (New Earth),Public Identity,Bad Characters,Unknown or None,Unknown or None,Living Characters,7,"2005, August",2005
2949,Albert Nedal (New Earth),Public Identity,Bad Characters,Unknown or None,Unknown or None,Deceased Characters,7,"2002, August",2002
2950,Lucius Funk (New Earth),Public Identity,Bad Characters,Unknown or None,Unknown or None,Living Characters,7,"2002, October",2002
2951,Arch (New Earth),Public Identity,Bad Characters,Unknown or None,Unknown or None,Living Characters,7,"1999, June",1999
2952,Harrier (New Earth),Public Identity,Bad Characters,Unknown or None,Unknown or None,Living Characters,7,"1999, January",1999
2953,Slaughter (New Earth),Public Identity,Bad Characters,Unknown or None,Unknown or None,Living Characters,7,"1999, June",1999
2954,Splatter (New Earth),Public Identity,Bad Characters,Unknown or None,Unknown or None,Deceased Characters,7,"1994, August",1994
2955,Byth Rok (New Earth),Public Identity,Bad Characters,Unknown or None,Unknown or None,Living Characters,7,"1989, August",1989
2956,Pluto (New Earth),Public Identity,Bad Characters,Unknown or None,Unknown or None,Living Characters,7,,
2957,Buddy Pierce (New Earth),Public Identity,Bad Characters,Unknown or None,White Hair,Living Characters,7,"2006, May",2006
2958,Porter Vito (New Earth),Public Identity,Bad Characters,Unknown or None,White Hair,Living Characters,7,"2002, June",2002
2959,Walter Sutcliffe (New Earth),Public Identity,Bad Characters,Unknown or None,White Hair,Living Characters,7,"1992, August",1992
2960,Joseph Blackfire (New Earth),Public Identity,Bad Characters,Unknown or None,White Hair,Deceased Characters,7,"1988, August",1988
2961,Wise Owl (New Earth),Public Identity,Bad Characters,Unknown or None,White Hair,Deceased Characters,7,"1970, November",1970
2962,Scott Laughlin (New Earth),Public Identity,Good Characters,Unknown or None,Black Hair,Deceased Characters,7,"2004, June",2004
2963,Sandra Barrett (New Earth),Public Identity,Good Characters,Unknown or None,Black Hair,Living Characters,7,"1998, January",1998
2964,Chief Horgath (New Earth),Public Identity,Good Characters,Unknown or None,Black Hair,Living Characters,7,"1993, June",1993
2965,Sylvia Contreras (New Earth),Public Identity,Good Characters,Unknown or None,Black Hair,Living Characters,7,"1990, April",1990
2966,Short Round (New Earth),Public Identity,Good Characters,Unknown or None,Black Hair,Living Characters,7,"1979, February",1979
2967,Lucifer the Horse (New Earth),Public Identity,Good Characters,Unknown or None,Black Hair,Living Characters,7,"1970, November",1970
2968,Wiley Wolverman (New Earth),Public Identity,Good Characters,Unknown or None,Blond Hair,Living Characters,7,"1997, October",1997
2969,Christian Castle (New Earth),Public Identity,Good Characters,Unknown or None,Blond Hair,Living Characters,7,"1994, November",1994
2970,Kristin Castle (New Earth),Public Identity,Good Characters,Unknown or None,Blond Hair,Living Characters,7,"1994, November",1994
2971,Lyle Beedler (New Earth),Public Identity,Good Characters,Unknown or None,Blond Hair,Living Characters,7,"1994, November",1994
2972,Worry Wart (New Earth),Public Identity,Good Characters,Unknown or None,Blond Hair,Living Characters,7,"1983, June",1983
2973,Shane Sellers (New Earth),Public Identity,Good Characters,Unknown or None,Brown Hair,Living Characters,7,"2005, July",2005
2974,Zoe Torres (New Earth),Public Identity,Good Characters,Unknown or None,Brown Hair,Living Characters,7,"2005, February",2005
2975,Dominique St. Claire (New Earth),Public Identity,Good Characters,Unknown or None,Brown Hair,Living Characters,7,"1988, January",1988
2976,Lawrence Rock (New Earth),Public Identity,Good Characters,Unknown or None,Brown Hair,Living Characters,7,"1965, October",1965
2977,Alan Witherspoon (New Earth),Public Identity,Good Characters,Unknown or None,Grey Hair,Living Characters,7,"1989, December",1989
2978,Ross Llwellyn (New Earth),Public Identity,Good Characters,Unknown or None,Grey Hair,Living Characters,7,"1988, January",1988
2979,Venizz (New Earth),Public Identity,Good Characters,Unknown or None,Pink Hair,Living Characters,7,"2005, December",2005
2980,Kathryn McAllister (New Earth),Public Identity,Good Characters,Unknown or None,Red Hair,Living Characters,7,"1997, February",1997
2981,Daniel Stone (New Earth),Public Identity,Good Characters,Unknown or None,Unknown or None,Living Characters,7,"1998, December",1998
2982,John Wether (New Earth),Public Identity,Good Characters,Unknown or None,Unknown or None,Living Characters,7,"1998, December",1998
2983,Defenestrator (New Earth),Public Identity,Good Characters,Unknown or None,Unknown or None,Deceased Characters,7,"1997, September",1997
2984,Scott Jameson (New Earth),Public Identity,Good Characters,Unknown or None,Unknown or None,Living Characters,7,"1987, July",1987
2985,Caldwell Dayzl (New Earth),Public Identity,Good Characters,Unknown or None,White Hair,Living Characters,7,"1992, February",1992
2986,Mitch Wacky (New Earth),Public Identity,Good Characters,Unknown or None,White Hair,Deceased Characters,7,"1990, October",1990
2987,Quentin Quale (New Earth),Public Identity,Neutral Characters,Unknown or None,Black Hair,Living Characters,7,"1982, June",1982
2988,Peter Rice (New Earth),Public Identity,Neutral Characters,Unknown or None,Brown Hair,Living Characters,7,"1998, February",1998
2989,Joseph Toledo (New Earth),Public Identity,Unknown or None,Unknown or None,Blond Hair,Deceased Characters,7,"1977, April",1977
2990,Raymond Monde (New Earth),Public Identity,Unknown or None,Unknown or None,White Hair,Deceased Characters,7,"1988, March",1988
2991,Porcelain Doll (New Earth),Secret Identity,Bad Characters,Unknown or None,Black Hair,Living Characters,7,"2010, April",2010
2992,Khimaera (New Earth),Secret Identity,Bad Characters,Unknown or None,Black Hair,Deceased Characters,7,"2006, May",2006
2993,Lashawn Baez (New Earth),Secret Identity,Bad Characters,Unknown or None,Black Hair,Living Characters,7,"2002, January",2002
2994,Amelinda Lopez (New Earth),Secret Identity,Bad Characters,Unknown or None,Black Hair,Deceased Characters,7,"1987, March",1987
2995,Crazy Quilt II (New Earth),Secret Identity,Bad Characters,Unknown or None,Blond Hair,Living Characters,7,"2005, August",2005
2996,Golden Eagle II (New Earth),Secret Identity,Bad Characters,Unknown or None,Blond Hair,Living Characters,7,"1994, March",1994
2997,Ronald Sweet (New Earth),Secret Identity,Bad Characters,Unknown or None,Blond Hair,Living Characters,7,"1989, October",1989
2998,Whip (New Earth),Secret Identity,Bad Characters,Unknown or None,Brown Hair,Living Characters,7,"2009, May",2009
2999,Collector (New Earth),Secret Identity,Bad Characters,Unknown or None,Brown Hair,Living Characters,7,1993,1993
3000,Blacksnake (New Earth),Secret Identity,Bad Characters,Unknown or None,Brown Hair,Deceased Characters,7,"1989, July",1989
3001,Breathtaker II (New Earth),Secret Identity,Bad Characters,Unknown or None,Red Hair,Deceased Characters,7,"2000, November",2000
3002,Mindancer (New Earth),Secret Identity,Bad Characters,Unknown or None,Red Hair,Living Characters,7,"1986, February",1986
3003,Eldon Peck (New Earth),Secret Identity,Bad Characters,Unknown or None,Unknown or None,Living Characters,7,"2010, July",2010
3004,Zardor (New Earth),Secret Identity,Bad Characters,Unknown or None,Unknown or None,Living Characters,7,"2010, October",2010
3005,Chill (New Earth),Secret Identity,Bad Characters,Unknown or None,Unknown or None,Deceased Characters,7,"2008, February",2008
3006,Mister Magic (New Earth),Secret Identity,Bad Characters,Unknown or None,Unknown or None,Deceased Characters,7,"2008, February",2008
3007,Bigfoot (New Earth),Secret Identity,Bad Characters,Unknown or None,Unknown or None,Deceased Characters,7,"2006, June",2006
3008,Geiger (New Earth),Secret Identity,Bad Characters,Unknown or None,Unknown or None,Deceased Characters,7,"2006, June",2006
3009,Jack Chifford (New Earth),Secret Identity,Bad Characters,Unknown or None,Unknown or None,Deceased Characters,7,"2005, August",2005
3010,Samuel Register (New Earth),Secret Identity,Bad Characters,Unknown or None,Unknown or None,Living Characters,7,"2004, September",2004
3011,Lawrence Trapp (New Earth),Secret Identity,Bad Characters,Unknown or None,Unknown or None,Living Characters,7,"1998, June",1998
3012,Blizzard (New Earth),Secret Identity,Bad Characters,Unknown or None,Unknown or None,Living Characters,7,"1997, April",1997
3013,Manuel Cabral (New Earth),Secret Identity,Bad Characters,Unknown or None,Unknown or None,Living Characters,7,"1994, July",1994
3014,Harold Hadley (New Earth),Secret Identity,Bad Characters,Unknown or None,Unknown or None,Deceased Characters,7,"1987, March",1987
3015,Pan Impostor (New Earth),Secret Identity,Bad Characters,Unknown or None,Unknown or None,Living Characters,7,"1987, August",1987
3016,Tetsujiro Yoneda (New Earth),Secret Identity,Bad Characters,Unknown or None,Unknown or None,Living Characters,7,"1987, September",1987
3017,Death Man (New Earth),Secret Identity,Bad Characters,Unknown or None,Unknown or None,Living Characters,7,"1966, May",1966
3018,Mister Keeper (New Earth),Secret Identity,Bad Characters,Unknown or None,Unknown or None,Living Characters,7,"1942, December",1942
3019,Incarnate (New Earth),Secret Identity,Bad Characters,Unknown or None,White Hair,Living Characters,7,"1995, January",1995
3020,Penn Maricc (New Earth),Secret Identity,Good Characters,Unknown or None,Blond Hair,Living Characters,7,1986,1986
3021,Kim Brand (New Earth),Secret Identity,Good Characters,Unknown or None,Brown Hair,Living Characters,7,"2010, August",2010
3022,Lisa Jennings (New Earth),Secret Identity,Good Characters,Unknown or None,Brown Hair,Living Characters,7,"2010, November",2010
3023,Friendly Fire (New Earth),Secret Identity,Good Characters,Unknown or None,Brown Hair,Deceased Characters,7,"1997, September",1997
3024,Phreaking Phreddy (New Earth),Secret Identity,Good Characters,Unknown or None,Brown Hair,Living Characters,7,"1992, August",1992
3025,Flemgem (New Earth),Secret Identity,Good Characters,Unknown or None,Unknown or None,Deceased Characters,7,"1997, September",1997
3026,Control (New Earth),Secret Identity,Good Characters,Unknown or None,Unknown or None,Deceased Characters,7,"1976, July",1976
3027,Azar (New Earth),Secret Identity,Good Characters,Unknown or None,White Hair,Deceased Characters,7,"1981, January",1981
3028,Alexander Allston (New Earth),Secret Identity,Neutral Characters,Unknown or None,Unknown or None,Deceased Characters,7,"2004, December",2004
3029,Xum (New Earth),Secret Identity,Neutral Characters,Unknown or None,Unknown or None,Living Characters,7,"1978, September",1978
3030,Monsoon (New Earth),Unknown,Bad Characters,Unknown or None,Black Hair,Living Characters,7,"1997, June",1997
3031,Ramon Bracuda (New Earth),Unknown,Bad Characters,Unknown or None,Black Hair,Living Characters,7,"1993, January",1993
3032,Pravda (New Earth),Unknown,Bad Characters,Unknown or None,Black Hair,Living Characters,7,"1986, August",1986
3033,Pryemaul (New Earth),Unknown,Bad Characters,Unknown or None,Black Hair,Living Characters,7,"1980, July",1980
3034,Wam Wam (New Earth),Unknown,Bad Characters,Unknown or None,Blond Hair,Deceased Characters,7,"2004, July",2004
3035,Gamemnae (New Earth),Unknown,Bad Characters,Unknown or None,Blond Hair,Deceased Characters,7,"2002, October",2002
3036,Blind Faith (New Earth),Unknown,Bad Characters,Unknown or None,Blond Hair,Living Characters,7,"1994, March",1994
3037,Feena Sik (New Earth),Unknown,Bad Characters,Unknown or None,Blue Hair,Living Characters,7,"2007, August",2007
3038,Arnicus Wolfram (New Earth),Unknown,Bad Characters,Unknown or None,Brown Hair,Deceased Characters,7,"2000, December",2000
3039,Malice Vundabar (New Earth),Unknown,Bad Characters,Unknown or None,Brown Hair,Living Characters,7,"1991, February",1991
3040,Donna Omicidio (New Earth),Unknown,Bad Characters,Unknown or None,Brown Hair,Living Characters,7,"1983, August",1983
3041,Creed Phillips (New Earth),Unknown,Bad Characters,Unknown or None,Brown Hair,Living Characters,7,"1982, October",1982
3042,Judson Pierce (New Earth),Unknown,Bad Characters,Unknown or None,Grey Hair,Living Characters,7,"2010, September",2010
3043,Scythe (New Earth),Unknown,Bad Characters,Unknown or None,Red Hair,Living Characters,7,"2010, December",2010
3044,DevilDog (New Earth),Unknown,Bad Characters,Unknown or None,Unknown or None,Living Characters,7,"2007, August",2007
3045,Smithwick (New Earth),Unknown,Bad Characters,Unknown or None,Unknown or None,Living Characters,7,"2007, August",2007
3046,Jordan Reynolds (New Earth),Unknown,Bad Characters,Unknown or None,Unknown or None,Deceased Characters,7,"2001, March",2001
3047,Benjamin Asplin (New Earth),Unknown,Bad Characters,Unknown or None,Unknown or None,Deceased Characters,7,"1993, November",1993
3048,Benjamin Stoner (New Earth),Unknown,Bad Characters,Unknown or None,Unknown or None,Living Characters,7,"1987, July",1987
3049,Cassandra Sharp (New Earth),Unknown,Bad Characters,Unknown or None,Unknown or None,Deceased Characters,7,"1987, February",1987
3050,Manticore I (New Earth),Unknown,Bad Characters,Unknown or None,Unknown or None,Deceased Characters,7,"1987, May",1987
3051,Carcharo (New Earth),Unknown,Bad Characters,Unknown or None,Unknown or None,Deceased Characters,7,"1986, April",1986
3052,Throttle (New Earth),Unknown,Bad Characters,Unknown or None,Unknown or None,Living Characters,7,"1985, June",1985
3053,Aloysius Clarke (New Earth),Unknown,Bad Characters,Unknown or None,Unknown or None,Deceased Characters,7,"1984, March",1984
3054,Wizor (New Earth),Unknown,Bad Characters,Unknown or None,Unknown or None,Living Characters,7,"1977, July",1977
3055,Percival Sutter (New Earth),Unknown,Bad Characters,Unknown or None,Unknown or None,Living Characters,7,"1964, December",1964
3056,Ultivac (New Earth),Unknown,Bad Characters,Unknown or None,Unknown or None,Living Characters,7,"1957, April",1957
3057,Reiko Yamashiro (New Earth),Unknown,Good Characters,Unknown or None,Black Hair,Living Characters,7,"1984, July",1984
3058,Yuki Yamashiro (New Earth),Unknown,Good Characters,Unknown or None,Black Hair,Living Characters,7,"1984, July",1984
3059,Sven Nelson (New Earth),Unknown,Good Characters,Unknown or None,Blond Hair,Deceased Characters,7,"1941, May",1941
3060,Helen of Troy (New Earth),Unknown,Good Characters,Unknown or None,Blond Hair,Living Characters,7,,
3061,Carrisa (New Earth),Unknown,Good Characters,Unknown or None,Brown Hair,Deceased Characters,7,"2004, April",2004
3062,Mother Herrae (New Earth),Unknown,Good Characters,Unknown or None,Brown Hair,Deceased Characters,7,"1995, December",1995
3063,Cindy Evans (New Earth),Unknown,Good Characters,Unknown or None,Brown Hair,Living Characters,7,"1984, January",1984
3064,Gerald Ford (New Earth),Unknown,Good Characters,Unknown or None,Brown Hair,Living Characters,7,"1975, June",1975
3065,Symon Terrynce (New Earth),Unknown,Good Characters,Unknown or None,Grey Hair,Living Characters,7,"1983, October",1983
3066,Onu Murtu (New Earth),Unknown,Good Characters,Unknown or None,Red Hair,Living Characters,7,"1965, April",1965
3067,Hraalkar (New Earth),Unknown,Good Characters,Unknown or None,Unknown or None,Deceased Characters,7,"2009, September",2009
3068,M.J. Lane (New Earth),Unknown,Good Characters,Unknown or None,Unknown or None,Living Characters,7,"2009, July",2009
3069,Opto309V (New Earth),Unknown,Good Characters,Unknown or None,Unknown or None,Deceased Characters,7,"2007, February",2007
3070,Greet (New Earth),Unknown,Good Characters,Unknown or None,Unknown or None,Living Characters,7,"2006, June",2006
3071,Marene Herald (New Earth),Unknown,Good Characters,Unknown or None,Unknown or None,Deceased Characters,7,"2006, June",2006
3072,Justin Powell (New Earth),Unknown,Good Characters,Unknown or None,Unknown or None,Living Characters,7,"2005, November",2005
3073,Dogwelder (New Earth),Unknown,Good Characters,Unknown or None,Unknown or None,Deceased Characters,7,"1997, September",1997
3074,Atinai (New Earth),Unknown,Good Characters,Unknown or None,Unknown or None,Deceased Characters,7,"1996, March",1996
3075,Sserpa (New Earth),Unknown,Good Characters,Unknown or None,Unknown or None,Deceased Characters,7,"1996, February",1996
3076,Bivvix (New Earth),Unknown,Good Characters,Unknown or None,Unknown or None,Deceased Characters,7,"1993, August",1993
3077,Gunther (New Earth),Unknown,Good Characters,Unknown or None,Unknown or None,Living Characters,7,"1989, March",1989
3078,Ghost Hiding in the Rushes (New Earth),Unknown,Good Characters,Unknown or None,Unknown or None,Living Characters,7,"1986, April",1986
3079,Zghithii (New Earth),Unknown,Good Characters,Unknown or None,Unknown or None,Living Characters,7,"1985, July",1985
3080,Charqwep (New Earth),Unknown,Good Characters,Unknown or None,Unknown or None,Living Characters,7,"1982, March",1982
3081,Tusky (New Earth),Unknown,Good Characters,Unknown or None,Unknown or None,Living Characters,7,"1967, December",1967
3082,Jonathan Payton Dorrance (New Earth),Unknown,Good Characters,Unknown or None,Unknown or None,Living Characters,7,"1960, August",1960
3083,Doctor Canus (New Earth),Unknown,Good Characters,Unknown or None,White Hair,Living Characters,7,"1998, April",1998
3084,Marion Lane (New Earth),Unknown,Neutral Characters,Unknown or None,Black Hair,Deceased Characters,7,"2008, February",2008
3085,Kyle Knight (New Earth),Unknown,Neutral Characters,Unknown or None,Black Hair,Living Characters,7,"1998, January",1998
3086,Asha Del-Nar (New Earth),Unknown,Neutral Characters,Unknown or None,Blond Hair,Living Characters,7,"2009, May",2009
3087,Unity Kincaid (New Earth),Unknown,Neutral Characters,Unknown or None,Brown Hair,Deceased Characters,7,"1989, January",1989
3088,Gloria Pemberton (New Earth),Unknown,Neutral Characters,Unknown or None,Red Hair,Living Characters,7,"1941, October",1941
3089,Gregory Osborne (New Earth),Unknown,Neutral Characters,Unknown or None,Unknown or None,Living Characters,7,"1987, August",1987
3090,James Rice (New Earth),Unknown,Neutral Characters,Unknown or None,Unknown or None,Deceased Characters,7,"1985, March",1985
3091,Rina (New Earth),Unknown,Unknown or None,Unknown or None,Unknown or None,Living Characters,7,"2008, July",2008
3092,Aron Abromowitz (New Earth),Unknown,Unknown or None,Unknown or None,Unknown or None,Living Characters,7,"2004, July",2004
3093,Leroy (New Earth),Unknown,Unknown or None,Unknown or None,Unknown or None,Living Characters,7,"2003, February",2003
3094,Neith (New Earth),Unknown,Unknown or None,Unknown or None,Unknown or None,Living Characters,7,"2002, January",2002
3095,Asane Kanemoto (New Earth),Secret Identity,Bad Characters,White Eyes,Unknown or None,Deceased Characters,7,"2000, October",2000
3096,Ramulus (New Earth),Secret Identity,Bad Characters,White Eyes,Unknown or None,Living Characters,7,"1942, June",1942
3097,Lord Amethyst (New Earth),Public Identity,Good Characters,Yellow Eyes,Blond Hair,Deceased Characters,7,"1983, May",1983
3098,John Cassidy (New Earth),Secret Identity,Bad Characters,Yellow Eyes,Unknown or None,Deceased Characters,7,"2006, July",2006
3099,Christopher Pike (New Earth),Secret Identity,Bad Characters,Yellow Eyes,Unknown or None,Living Characters,7,"1976, June",1976
3100,Theresa Shane (New Earth),Secret Identity,Good Characters,Yellow Eyes,Unknown or None,Living Characters,7,"2010, August",2010
3101,Seth Aiden (New Earth),Secret Identity,Good Characters,Yellow Eyes,Unknown or None,Living Characters,7,"2009, December",2009
3102,Amanda Beckett (New Earth),Unknown,Bad Characters,Yellow Eyes,Black Hair,Living Characters,7,"2009, October",2009
3103,Dalor (New Earth),Unknown,Good Characters,Yellow Eyes,Red Hair,Living Characters,7,"1982, July",1982
3104,Harvid (New Earth),Unknown,Good Characters,Yellow Eyes,White Hair,Living Characters,7,"1983, February",1983
3105,Vode-M (New Earth),Unknown,Unknown or None,Yellow Eyes,Brown Hair,Living Characters,7,"2007, August",2007
3106,Bellona (New Earth),Public Identity,Bad Characters,Black Eyes,Black Hair,Living Characters,6,"2011, January",2011
3107,Dardanus (New Earth),Public Identity,Bad Characters,Black Eyes,Blond Hair,Deceased Characters,6,"1990, March",1990
3108,Daniel Crow-Brings-Darkness (New Earth),Public Identity,Good Characters,Black Eyes,Black Hair,Living Characters,6,"2011, April",2011
3109,James Corrigan (Earth-One),Public Identity,Good Characters,Black Eyes,Black Hair,Living Characters,6,"1972, May",1972
3110,Little Barda (New Earth),Public Identity,Good Characters,Black Eyes,Brown Hair,Living Characters,6,"2006, September",2006
3111,Churljenkins (New Earth),Public Identity,Good Characters,Black Eyes,Green Hair,Living Characters,6,"1989, March",1989
3112,Virtuoso (New Earth),Secret Identity,Bad Characters,Black Eyes,Black Hair,Living Characters,6,"2005, November",2005
3113,Benjamin Love (New Earth),Secret Identity,Bad Characters,Black Eyes,Black Hair,Deceased Characters,6,"1985, September",1985
3114,Gloriana Tenebrae (New Earth),Secret Identity,Bad Characters,Black Eyes,Unknown or None,Deceased Characters,6,"2005, May",2005
3115,Jiro Osamu (New Earth),Secret Identity,Good Characters,Black Eyes,Black Hair,Living Characters,6,"2011, January",2011
3116,Misty Kilgore (New Earth),Secret Identity,Good Characters,Black Eyes,Black Hair,Living Characters,6,"2005, June",2005
3117,Ryuku Orsono (New Earth),Secret Identity,Good Characters,Black Eyes,Black Hair,Deceased Characters,6,"2000, August",2000
3118,Adam Sharp (New Earth),Secret Identity,Good Characters,Black Eyes,Unknown or None,Living Characters,6,"2008, July",2008
3119,Chato Santana (New Earth),Secret Identity,Good Characters,Black Eyes,Unknown or None,Living Characters,6,"2008, November",2008
3120,Nite Lite (New Earth),Secret Identity,Good Characters,Black Eyes,Unknown or None,Living Characters,6,"1999, February",1999
3121,Narcissus (New Earth),Secret Identity,Neutral Characters,Black Eyes,Black Hair,Living Characters,6,"2009, June",2009
3122,Thomas Ludlow Dalt (New Earth),Secret Identity,Neutral Characters,Black Eyes,Black Hair,Living Characters,6,"2005, April",2005
3123,Devlos Ungol (New Earth),Unknown,Bad Characters,Black Eyes,Unknown or None,Living Characters,6,"1999, September",1999
3124,Zborra (New Earth),Unknown,Good Characters,Black Eyes,Unknown or None,Deceased Characters,6,"1967, September",1967
3125,Isabel Rochev (New Earth),Public Identity,Bad Characters,Blue Eyes,Blond Hair,Living Characters,6,"2010, August",2010
3126,Albert Davis (New Earth),Public Identity,Bad Characters,Blue Eyes,Blond Hair,Living Characters,6,"2004, April",2004
3127,Erich Donnerstein (New Earth),Public Identity,Bad Characters,Blue Eyes,Blond Hair,Living Characters,6,"2004, October",2004
3128,Sylvia Sinclair (New Earth),Public Identity,Bad Characters,Blue Eyes,Blond Hair,Deceased Characters,6,"2002, December",2002
3129,Vance Vanucci (New Earth),Public Identity,Bad Characters,Blue Eyes,Blond Hair,Living Characters,6,"1985, May",1985
3130,Sebastien Mallory (New Earth),Public Identity,Bad Characters,Blue Eyes,Brown Hair,Living Characters,6,"2010, November",2010
3131,Damien Darhk (New Earth),Public Identity,Bad Characters,Blue Eyes,Brown Hair,Deceased Characters,6,"1999, March",1999
3132,Jonathan Kellor (New Earth),Public Identity,Bad Characters,Blue Eyes,Brown Hair,Living Characters,6,"1994, December",1994
3133,Jordan Wylie (New Earth),Public Identity,Bad Characters,Blue Eyes,Brown Hair,Living Characters,6,"1992, January",1992
3134,Jonathan Mayhew (New Earth),Public Identity,Bad Characters,Blue Eyes,Brown Hair,Deceased Characters,6,"1957, July",1957
3135,Griffin Grey (New Earth),Public Identity,Bad Characters,Blue Eyes,Grey Hair,Deceased Characters,6,"2006, August",2006
3136,Haifisch (New Earth),Public Identity,Bad Characters,Blue Eyes,Grey Hair,Deceased Characters,6,"1984, April",1984
3137,Ewald Olafsson (New Earth),Public Identity,Bad Characters,Blue Eyes,White Hair,Deceased Characters,6,"1993, September",1993
3138,Joy Page (New Earth),Public Identity,Good Characters,Blue Eyes,Blond Hair,Living Characters,6,"1996, September",1996
3139,Avia (New Earth),Public Identity,Good Characters,Blue Eyes,Blond Hair,Deceased Characters,6,"1972, March",1972
3140,Farmer Boy (New Earth),Public Identity,Good Characters,Blue Eyes,Blond Hair,Living Characters,6,"1964, June",1964
3141,Jeanne Walker (New Earth),Public Identity,Good Characters,Blue Eyes,Blond Hair,Living Characters,6,"1961, March",1961
3142,Barney Sands (New Earth),Public Identity,Good Characters,Blue Eyes,Brown Hair,Living Characters,6,"1977, April",1977
3143,F. Gaylord Clayburne III (New Earth),Public Identity,Good Characters,Blue Eyes,Brown Hair,Living Characters,6,"1963, February",1963
3144,Lyla (New Earth),Public Identity,Good Characters,Blue Eyes,Purple Hair,Living Characters,6,"2004, April",2004
3145,Cora (New Earth),Public Identity,Good Characters,Blue Eyes,Unknown or None,Living Characters,6,"1990, March",1990
3146,Richard Wilson (New Earth),Public Identity,Neutral Characters,Blue Eyes,Brown Hair,Living Characters,6,"1970, November",1970
3147,Azure (New Earth),Secret Identity,Bad Characters,Blue Eyes,Black Hair,Living Characters,6,"1989, July",1989
3148,Amsel Reiniger (New Earth),Secret Identity,Bad Characters,Blue Eyes,Blond Hair,Living Characters,6,"2000, May",2000
3149,Jarrod Jupiter (New Earth),Secret Identity,Bad Characters,Blue Eyes,Brown Hair,Living Characters,6,"1997, September",1997
3150,Adara (New Earth),Secret Identity,Bad Characters,Blue Eyes,Green Hair,Deceased Characters,6,"1994, November",1994
3151,Sweet Sixteen (New Earth),Secret Identity,Bad Characters,Blue Eyes,Red Hair,Living Characters,6,"1998, February",1998
3152,Hi-Tech (New Earth),Secret Identity,Bad Characters,Blue Eyes,Red Hair,Living Characters,6,"1992, October",1992
3153,Weather Witch (New Earth),Secret Identity,Bad Characters,Blue Eyes,Unknown or None,Deceased Characters,6,"2008, February",2008
3154,Daniel William Ducannon (New Earth),Secret Identity,Bad Characters,Blue Eyes,White Hair,Living Characters,6,"1992, October",1992
3155,Lennox (New Earth),Secret Identity,Bad Characters,Blue Eyes,White Hair,Deceased Characters,6,"1989, August",1989
3156,Thomas Corbett (New Earth),Secret Identity,Good Characters,Blue Eyes,Black Hair,Living Characters,6,"1984, March",1984
3157,Diego Irigoyen (New Earth),Secret Identity,Good Characters,Blue Eyes,Blond Hair,Living Characters,6,"2000, August",2000
3158,Jonathan Mann (New Earth),Secret Identity,Good Characters,Blue Eyes,Brown Hair,Deceased Characters,6,1986,1986
3159,Noelle Avril (New Earth),Secret Identity,Unknown or None,Blue Eyes,White Hair,Living Characters,6,"1987, December",1987
3160,Keane (New Earth),Unknown,Bad Characters,Blue Eyes,Grey Hair,Living Characters,6,"2006, December",2006
3161,Madame Zodiac (New Earth),Unknown,Bad Characters,Blue Eyes,Red Hair,Living Characters,6,"1978, May",1978
3162,Sacker (New Earth),Unknown,Bad Characters,Blue Eyes,White Hair,Living Characters,6,"1998, April",1998
3163,Candlemaker (New Earth),Unknown,Bad Characters,Blue Eyes,Unknown or None,Deceased Characters,6,"1992, July",1992
3164,Lorna Shore (New Earth),Unknown,Good Characters,Blue Eyes,Black Hair,Living Characters,6,"2007, September",2007
3165,Camille Sly (New Earth),Unknown,Good Characters,Blue Eyes,Black Hair,Living Characters,6,"1993, April",1993
3166,Chloe Roberts (New Earth),Unknown,Neutral Characters,Blue Eyes,Blond Hair,Living Characters,6,"2008, July",2008
3167,Jeq-Vay (New Earth),Unknown,Unknown or None,Blue Eyes,Black Hair,Deceased Characters,6,"2009, June",2009
3168,Sem-Re (New Earth),Unknown,Unknown or None,Blue Eyes,Blond Hair,Living Characters,6,"2009, June",2009
3169,Helen Jordan II (New Earth),Unknown,Unknown or None,Blue Eyes,Brown Hair,Living Characters,6,"1978, October",1978
3170,Sumaan Harjavti (New Earth),Public Identity,Bad Characters,Brown Eyes,Black Hair,Living Characters,6,"1991, August",1991
3171,Choi (New Earth),Public Identity,Bad Characters,Brown Eyes,Black Hair,Living Characters,6,"1988, April",1988
3172,Katina Leikos (New Earth),Public Identity,Bad Characters,Brown Eyes,Black Hair,Deceased Characters,6,"1988, July",1988
3173,Timothy Fox (New Earth),Public Identity,Bad Characters,Brown Eyes,Black Hair,Living Characters,6,"1979, July",1979
3174,Salvatore Guzzo (New Earth),Public Identity,Bad Characters,Brown Eyes,Grey Hair,Deceased Characters,6,"2010, November",2010
3175,Brian Nudocerdo (New Earth),Public Identity,Bad Characters,Brown Eyes,Unknown or None,Deceased Characters,6,"2006, June",2006
3176,Cleveden Forbes (New Earth),Public Identity,Good Characters,Brown Eyes,Black Hair,Living Characters,6,"1996, October",1996
3177,Tanya Fox (New Earth),Public Identity,Good Characters,Brown Eyes,Black Hair,Living Characters,6,"1990, January",1990
3178,Carl Woods (New Earth),Public Identity,Good Characters,Brown Eyes,Black Hair,Living Characters,6,"1981, June",1981
3179,Jeramey Chriqui (New Earth),Public Identity,Good Characters,Brown Eyes,Brown Hair,Living Characters,6,"2011, August",2011
3180,Dale Colton (New Earth),Public Identity,Good Characters,Brown Eyes,Brown Hair,Living Characters,6,"2010, July",2010
3181,Mallory Kimball (New Earth),Public Identity,Good Characters,Brown Eyes,Brown Hair,Living Characters,6,"2006, July",2006
3182,Maxwell Williams (New Earth),Public Identity,Good Characters,Brown Eyes,Brown Hair,Living Characters,6,"2000, March",2000
3183,Jack Weston (New Earth),Public Identity,Good Characters,Brown Eyes,Brown Hair,Deceased Characters,6,"1995, October",1995
3184,Maritza Nitumbe (New Earth),Public Identity,Good Characters,Brown Eyes,Brown Hair,Living Characters,6,"1989, December",1989
3185,Pyotr Raskov (New Earth),Public Identity,Good Characters,Brown Eyes,Grey Hair,Deceased Characters,6,"1991, July",1991
3186,Kyesha Salton (New Earth),Public Identity,Good Characters,Brown Eyes,Orange Hair,Living Characters,6,"2007, July",2007
3187,White Canary (New Earth),Secret Identity,Bad Characters,Brown Eyes,Black Hair,Living Characters,6,"2010, July",2010
3188,Bloodsport III (New Earth),Secret Identity,Bad Characters,Brown Eyes,Black Hair,Living Characters,6,"2006, July",2006
3189,Scorcher III (New Earth),Secret Identity,Bad Characters,Brown Eyes,Black Hair,Deceased Characters,6,"1997, April",1997
3190,John LaMonica (New Earth),Secret Identity,Bad Characters,Brown Eyes,Black Hair,Deceased Characters,6,"1995, May",1995
3191,Marvin Noronsa (New Earth),Secret Identity,Bad Characters,Brown Eyes,Black Hair,Deceased Characters,6,"1990, November",1990
3192,Quiz (New Earth),Secret Identity,Bad Characters,Brown Eyes,Black Hair,Living Characters,6,"1989, September",1989
3193,Robert DuBois (New Earth),Secret Identity,Bad Characters,Brown Eyes,Black Hair,Deceased Characters,6,"1987, April",1987
3194,Gerald Shilling (New Earth),Secret Identity,Bad Characters,Brown Eyes,Brown Hair,Living Characters,6,"1954, November",1954
3195,Timothy Karnes (New Earth),Secret Identity,Bad Characters,Brown Eyes,Unknown or None,Deceased Characters,6,"1943, February",1943
3196,Naif al-Sheikh (New Earth),Secret Identity,Good Characters,Brown Eyes,Black Hair,Living Characters,6,"2004, September",2004
3197,Rachel Niamo (Prime Earth),Secret Identity,Neutral Characters,Brown Eyes,Brown Hair,Living Characters,6,"2012, December",2012
3198,Damien Kane (New Earth),Secret Identity,Neutral Characters,Brown Eyes,Brown Hair,Living Characters,6,"1994, February",1994
3199,Pablo Valdez (New Earth),Secret Identity,Unknown or None,Brown Eyes,Black Hair,Living Characters,6,"2000, August",2000
3200,Topaz (New Earth),Unknown,Bad Characters,Brown Eyes,Black Hair,Living Characters,6,"2008, May",2008
3201,Hwa Rang (New Earth),Unknown,Bad Characters,Brown Eyes,Black Hair,Deceased Characters,6,"2004, July",2004
3202,Madison (Dakotaverse),Unknown,Good Characters,Brown Eyes,Black Hair,Living Characters,6,"2001, January",2001
3203,Doctor Rovin (New Earth),Unknown,Good Characters,Brown Eyes,Brown Hair,Living Characters,6,"2003, November",2003
3204,Nehebka (New Earth),Unknown,Good Characters,Brown Eyes,Brown Hair,Deceased Characters,6,"1989, May",1989
3205,Scour (New Earth),Unknown,Neutral Characters,Brown Eyes,Black Hair,Living Characters,6,"2006, June",2006
3206,Legs (New Earth),Unknown,Neutral Characters,Brown Eyes,Black Hair,Living Characters,6,"1988, June",1988
3207,Matthew Stein (New Earth),Unknown,Unknown or None,Brown Eyes,Red Hair,Living Characters,6,"1985, December",1985
3208,Donna Cavanagh (New Earth),Public Identity,Good Characters,Green Eyes,Blond Hair,Living Characters,6,,
3209,Rosa Rubikskova (New Earth),Public Identity,Good Characters,Green Eyes,Brown Hair,Living Characters,6,1989,1989
3210,Alessio Morandi (New Earth),Public Identity,Neutral Characters,Green Eyes,Black Hair,Living Characters,6,"2009, June",2009
3211,Vera Sweet (New Earth),Public Identity,Neutral Characters,Green Eyes,Blond Hair,Living Characters,6,"1968, June",1968
3212,Sonja (New Earth),Secret Identity,Bad Characters,Green Eyes,Black Hair,Living Characters,6,"2004, August",2004
3213,Iron Maiden (New Earth),Secret Identity,Bad Characters,Green Eyes,Red Hair,Living Characters,6,"2011, June",2011
3214,Loria (New Earth),Secret Identity,Good Characters,Green Eyes,Black Hair,Deceased Characters,6,"1994, December",1994
3215,Clancy Johnson (New Earth),Secret Identity,Good Characters,Green Eyes,Brown Hair,Deceased Characters,6,"2010, June",2010
3216,Terri Eckhart (New Earth),Secret Identity,Good Characters,Green Eyes,Red Hair,Living Characters,6,"1990, December",1990
3217,Ranger (New Earth),Secret Identity,Good Characters,Green Eyes,Red Hair,Deceased Characters,6,"1955, January",1955
3218,Cassandra Cartland (New Earth),Unknown,Bad Characters,Green Eyes,Brown Hair,Living Characters,6,"1997, February",1997
3219,Ellie (New Earth),Unknown,Good Characters,Green Eyes,Black Hair,Living Characters,6,"2007, May",2007
3220,Dina Bell (New Earth),Unknown,Good Characters,Green Eyes,Red Hair,Living Characters,6,"1999, December",1999
3221,Richard Benson (New Earth),Public Identity,Good Characters,Grey Eyes,White Hair,Living Characters,6,"1975, June",1975
3222,Angora Lapin (New Earth),Secret Identity,Bad Characters,Pink Eyes,White Hair,Living Characters,6,"1993, June",1993
3223,Kamah (New Earth),Public Identity,Bad Characters,Red Eyes,Orange Hair,Deceased Characters,6,"1984, October",1984
3224,Kwaku Anansi (New Earth),Public Identity,Bad Characters,Red Eyes,Red Hair,Living Characters,6,"2008, September",2008
3225,Three Faces of Evil (New Earth),Public Identity,Bad Characters,Red Eyes,Unknown or None,Living Characters,6,"1995, December",1995
3226,Cottus (New Earth),Public Identity,Bad Characters,Red Eyes,Unknown or None,Living Characters,6,"1987, November",1987
3227,Voss (New Earth),Public Identity,Good Characters,Red Eyes,Black Hair,Living Characters,6,"1983, October",1983
3228,Bizarro-Girl (New Earth),Public Identity,Neutral Characters,Red Eyes,Blond Hair,Living Characters,6,"2010, August",2010
3229,Ratsputin (New Earth),Secret Identity,Bad Characters,Red Eyes,Grey Hair,Living Characters,6,"1998, April",1998
3230,A-Mortal (New Earth),Secret Identity,Bad Characters,Red Eyes,Unknown or None,Living Characters,6,"1997, January",1997
3231,Tronix (New Earth),Secret Identity,Bad Characters,Red Eyes,Unknown or None,Living Characters,6,"1997, January",1997
3232,Zuggernaut (New Earth),Secret Identity,Bad Characters,Red Eyes,Unknown or None,Living Characters,6,"1988, March",1988
3233,Gerard Shugel (New Earth),Secret Identity,Unknown or None,Red Eyes,White Hair,Living Characters,6,"2009, July",2009
3234,Able Crown (New Earth),Public Identity,Bad Characters,Unknown or None,Black Hair,Deceased Characters,6,"2000, May",2000
3235,Pino Maroni (New Earth),Public Identity,Bad Characters,Unknown or None,Black Hair,Deceased Characters,6,"1999, December",1999
3236,Helene Astar (New Earth),Public Identity,Bad Characters,Unknown or None,Black Hair,Deceased Characters,6,"1987, November",1987
3237,Anthony Scarapelli (New Earth),Public Identity,Bad Characters,Unknown or None,Black Hair,Deceased Characters,6,"1982, December",1982
3238,Carla Falcone (New Earth),Public Identity,Bad Characters,Unknown or None,Blond Hair,Deceased Characters,6,"1996, December",1996
3239,Schlagg-Man (New Earth),Public Identity,Bad Characters,Unknown or None,Blue Hair,Living Characters,6,"2007, August",2007
3240,Cole Parker (New Earth),Public Identity,Bad Characters,Unknown or None,Brown Hair,Deceased Characters,6,"2002, January",2002
3241,Andrew Howe (New Earth),Public Identity,Bad Characters,Unknown or None,Brown Hair,Living Characters,6,"1996, January",1996
3242,Liu (New Earth),Public Identity,Bad Characters,Unknown or None,Red Hair,Deceased Characters,6,"2007, August",2007
3243,Borialosaurus (New Earth),Public Identity,Bad Characters,Unknown or None,Unknown or None,Living Characters,6,"2007, August",2007
3244,Prime-7 (New Earth),Public Identity,Bad Characters,Unknown or None,Unknown or None,Living Characters,6,"2006, November",2006
3245,Ahriman (New Earth),Public Identity,Bad Characters,Unknown or None,Unknown or None,Living Characters,6,"1980, February",1980
3246,Ebeneezer Darrk (New Earth),Public Identity,Bad Characters,Unknown or None,Unknown or None,Deceased Characters,6,"1970, November",1970
3247,Stefano Mandragora (New Earth),Public Identity,Bad Characters,Unknown or None,White Hair,Deceased Characters,6,"1989, May",1989
3248,Michael Henderson (New Earth),Public Identity,Good Characters,Unknown or None,Black Hair,Living Characters,6,"2009, March",2009
3249,Joshua Jackam (New Earth),Public Identity,Good Characters,Unknown or None,Black Hair,Deceased Characters,6,"2001, March",2001
3250,Dwight Sykes (New Earth),Public Identity,Good Characters,Unknown or None,Black Hair,Living Characters,6,"1990, March",1990
3251,Michael Sykes (New Earth),Public Identity,Good Characters,Unknown or None,Black Hair,Living Characters,6,"1990, March",1990
3252,Dahlia Lorens (New Earth),Public Identity,Good Characters,Unknown or None,Blond Hair,Deceased Characters,6,"2007, January",2007
3253,Vera Burnsteel (New Earth),Public Identity,Good Characters,Unknown or None,Blond Hair,Living Characters,6,"1997, August",1997
3254,Melanie Boulder (New Earth),Public Identity,Good Characters,Unknown or None,Blond Hair,Living Characters,6,"1989, February",1989
3255,Elizabeth Berg (New Earth),Public Identity,Good Characters,Unknown or None,Blond Hair,Living Characters,6,"1976, September",1976
3256,Leander (New Earth),Public Identity,Good Characters,Unknown or None,Blue Hair,,6,"1997, January",1997
3257,Montgomery Kelly (New Earth),Public Identity,Good Characters,Unknown or None,Brown Hair,Living Characters,6,"2003, July",2003
3258,Hamilton Drew (New Earth),Public Identity,Good Characters,Unknown or None,Brown Hair,Living Characters,6,"2000, July",2000
3259,Dawn Driscoll (New Earth),Public Identity,Good Characters,Unknown or None,Brown Hair,Living Characters,6,"1996, December",1996
3260,Dirk Armstrong (New Earth),Public Identity,Good Characters,Unknown or None,Brown Hair,Living Characters,6,"1996, October",1996
3261,Micah Rains (New Earth),Public Identity,Good Characters,Unknown or None,Brown Hair,Living Characters,6,"1993, April",1993
3262,Sylvia Eisenberg (New Earth),Public Identity,Good Characters,Unknown or None,Brown Hair,Living Characters,6,"1993, November",1993
3263,Jamie Sawyer (New Earth),Public Identity,Good Characters,Unknown or None,Brown Hair,Living Characters,6,"1988, March",1988
3264,Benjamin Hecht (New Earth),Public Identity,Good Characters,Unknown or None,Grey Hair,Living Characters,6,"1989, December",1989
3265,Alice Cohen I (New Earth),Public Identity,Good Characters,Unknown or None,Unknown or None,Living Characters,6,"2004, April",2004
3266,Dino-Mite I (New Earth),Public Identity,Good Characters,Unknown or None,Unknown or None,Living Characters,6,"1996, October",1996
3267,Brian Bryan (New Earth),Public Identity,Good Characters,Unknown or None,Unknown or None,Living Characters,6,"1995, February",1995
3268,Tyrus (New Earth),Public Identity,Good Characters,Unknown or None,Unknown or None,Living Characters,6,"1989, September",1989
3269,Amadeus Arkham (New Earth),Public Identity,Good Characters,Unknown or None,Unknown or None,Living Characters,6,,
3270,Russ Granger (New Earth),Public Identity,Good Characters,Unknown or None,White Hair,Living Characters,6,"1989, July",1989
3271,Justin Hanover (New Earth),Public Identity,Neutral Characters,Unknown or None,Black Hair,Living Characters,6,"2009, July",2009
3272,Phillip Easton (New Earth),Public Identity,Neutral Characters,Unknown or None,Black Hair,Living Characters,6,"1989, April",1989
3273,Domina Paris (New Earth),Public Identity,Neutral Characters,Unknown or None,Blond Hair,Deceased Characters,6,"2004, July",2004
3274,Karl Ranck (New Earth),Public Identity,Neutral Characters,Unknown or None,Blond Hair,Deceased Characters,6,"1991, October",1991
3275,Virginia Hex (New Earth),Public Identity,Neutral Characters,Unknown or None,Brown Hair,Deceased Characters,6,"1980, April",1980
3276,Kreaven (New Earth),Public Identity,Neutral Characters,Unknown or None,Unknown or None,Living Characters,6,,
3277,Brian Elliot (New Earth),Public Identity,Reformed Criminals,Unknown or None,Blond Hair,Living Characters,6,"1993, May",1993
3278,Mariposa Nichol (New Earth),Public Identity,Unknown or None,Unknown or None,Unknown or None,Living Characters,6,"2008, September",2008
3279,Euan Grieve (New Earth),Public Identity,Unknown or None,Unknown or None,Black Hair,Deceased Characters,6,"2010, November",2010
3280,John Williamson (New Earth),Public Identity,Unknown or None,Unknown or None,Black Hair,Living Characters,6,"2004, October",2004
3281,Susan Morrison (New Earth),Public Identity,Unknown or None,Unknown or None,Black Hair,Living Characters,6,"2002, May",2002
3282,Mupo (New Earth),Public Identity,Unknown or None,Unknown or None,Black Hair,Living Characters,6,"1969, August",1969
3283,Bernard Dowd (New Earth),Public Identity,Unknown or None,Unknown or None,Blond Hair,Living Characters,6,"2004, February",2004
3284,Echson Krystal (New Earth),Public Identity,Unknown or None,Unknown or None,Brown Hair,Living Characters,6,"1991, December",1991
3285,John Wilkes Booth (New Earth),Public Identity,Unknown or None,Unknown or None,Brown Hair,Living Characters,6,"1961, July",1961
3286,Tyrn Krystal (New Earth),Public Identity,Unknown or None,Unknown or None,Red Hair,Living Characters,6,"1991, December",1991
3287,Mister Gilchrist (New Earth),Public Identity,Unknown or None,Unknown or None,White Hair,Living Characters,6,"1987, October",1987
3288,Mirror-Man (New Earth),Secret Identity,Bad Characters,Unknown or None,Black Hair,Deceased Characters,6,"2008, February",2008
3289,Stranglehold (New Earth),Secret Identity,Bad Characters,Unknown or None,Black Hair,Deceased Characters,6,"2000, November",2000
3290,Lady Dragon (New Earth),Secret Identity,Bad Characters,Unknown or None,Black Hair,Living Characters,6,"1994, December",1994
3291,Ms. Mesmer (New Earth),Secret Identity,Bad Characters,Unknown or None,Black Hair,Living Characters,6,"1983, February",1983
3292,Violet Parris (New Earth),Secret Identity,Bad Characters,Unknown or None,Blond Hair,Living Characters,6,"2007, March",2007
3293,Runaround Sue (New Earth),Secret Identity,Bad Characters,Unknown or None,Blond Hair,Living Characters,6,"1988, September",1988
3294,Powerhouse (New Earth),Secret Identity,Bad Characters,Unknown or None,Blue Hair,Living Characters,6,"1993, November",1993
3295,Fledermaus (New Earth),Secret Identity,Bad Characters,Unknown or None,Red Hair,Deceased Characters,6,"1987, June",1987
3296,Sherman Fine (New Earth),Secret Identity,Bad Characters,Unknown or None,Unknown or None,Living Characters,6,"2009, August",2009
3297,Dawur (New Earth),Secret Identity,Bad Characters,Unknown or None,Unknown or None,Living Characters,6,"2007, May",2007
3298,Jongleur (New Earth),Secret Identity,Bad Characters,Unknown or None,Unknown or None,Living Characters,6,"2005, October",2005
3299,Darrin Profitt (New Earth),Secret Identity,Bad Characters,Unknown or None,Unknown or None,Living Characters,6,"2004, November",2004
3300,Mortimer Coolidge (New Earth),Secret Identity,Bad Characters,Unknown or None,Unknown or None,Deceased Characters,6,"2004, October",2004
3301,Adam Fells (New Earth),Secret Identity,Bad Characters,Unknown or None,Unknown or None,Deceased Characters,6,"1999, December",1999
3302,Armek (New Earth),Secret Identity,Bad Characters,Unknown or None,Unknown or None,Living Characters,6,"1997, January",1997
3303,Fluxus (New Earth),Secret Identity,Bad Characters,Unknown or None,Unknown or None,Living Characters,6,"1997, January",1997
3304,Primaid (New Earth),Secret Identity,Bad Characters,Unknown or None,Unknown or None,Living Characters,6,"1997, January",1997
3305,Protex (New Earth),Secret Identity,Bad Characters,Unknown or None,Unknown or None,Living Characters,6,"1997, January",1997
3306,Zenturion (New Earth),Secret Identity,Bad Characters,Unknown or None,Unknown or None,Living Characters,6,"1997, January",1997
3307,Z\u00fcM (New Earth),Secret Identity,Bad Characters,Unknown or None,Unknown or None,Living Characters,6,"1997, January",1997
3308,Ahtier (New Earth),Secret Identity,Bad Characters,Unknown or None,Unknown or None,Deceased Characters,6,1987,1987
3309,Cambodian (New Earth),Secret Identity,Bad Characters,Unknown or None,Unknown or None,Living Characters,6,"1987, September",1987
3310,Gerald Zimmerman (New Earth),Secret Identity,Bad Characters,Unknown or None,Unknown or None,Deceased Characters,6,"1986, October",1986
3311,Bernard Bonner (New Earth),Secret Identity,Bad Characters,Unknown or None,Unknown or None,Living Characters,6,"1984, May",1984
3312,Tezcatlipoca (New Earth),Secret Identity,Bad Characters,Unknown or None,Unknown or None,Living Characters,6,"1984, April",1984
3313,Armageddon (New Earth),Secret Identity,Bad Characters,Unknown or None,Unknown or None,Living Characters,6,"1977, August",1977
3314,Benedict Rundstrom (New Earth),Secret Identity,Bad Characters,Unknown or None,Unknown or None,Deceased Characters,6,"1951, June",1951
3315,Sky Pirate (New Earth),Secret Identity,Bad Characters,Unknown or None,Unknown or None,Living Characters,6,"1947, August",1947
3316,Wild Huntsman III (New Earth),Secret Identity,Bad Characters,Unknown or None,White Hair,Living Characters,6,"2006, December",2006
3317,Hugo Danner (New Earth),Secret Identity,Bad Characters,Unknown or None,White Hair,Deceased Characters,6,"1988, March",1988
3318,Rafael Hardy (New Earth),Secret Identity,Good Characters,Unknown or None,Black Hair,Living Characters,6,"2010, March",2010
3319,Captain Triumph II (New Earth),Secret Identity,Good Characters,Unknown or None,Brown Hair,Living Characters,6,"2008, January",2008
3320,William Knightley (New Earth),Secret Identity,Good Characters,Unknown or None,Brown Hair,Living Characters,6,"2005, June",2005
3321,Shakes (New Earth),Secret Identity,Good Characters,Unknown or None,Brown Hair,Deceased Characters,6,"1997, September",1997
3322,Lionel Hawkins (New Earth),Secret Identity,Good Characters,Unknown or None,Brown Hair,Living Characters,6,"1989, January",1989
3323,Magno II (New Earth),Secret Identity,Good Characters,Unknown or None,Unknown or None,Living Characters,6,"2008, January",2008
3324,Libertine (New Earth),Secret Identity,Good Characters,Unknown or None,Unknown or None,Deceased Characters,6,"2006, November",2006
3325,Flying Buttress (New Earth),Secret Identity,Good Characters,Unknown or None,Unknown or None,Living Characters,6,"1981, February",1981
3326,Hudson Pyle (New Earth),Secret Identity,Neutral Characters,Unknown or None,Brown Hair,Deceased Characters,6,"1992, June",1992
3327,Eraser (New Earth),Secret Identity,Neutral Characters,Unknown or None,Unknown or None,Living Characters,6,"2010, July",2010
3328,Silver Shield (New Earth),Secret Identity,Neutral Characters,Unknown or None,Unknown or None,Living Characters,6,"1989, November",1989
3329,Ammon-Ra (New Earth),Secret Identity,Neutral Characters,Unknown or None,Unknown or None,Living Characters,6,,
3330,Honey (New Earth),Secret Identity,Unknown or None,Unknown or None,Blond Hair,Living Characters,6,"1994, January",1994
3331,Catwalk (New Earth),Secret Identity,Unknown or None,Unknown or None,Brown Hair,Living Characters,6,"1996, September",1996
3332,Anthony Gallo (New Earth),Unknown,Bad Characters,Unknown or None,Black Hair,Deceased Characters,6,"2007, January",2007
3333,Sidney Shiang (New Earth),Unknown,Bad Characters,Unknown or None,Black Hair,Deceased Characters,6,"2004, July",2004
3334,Coven (New Earth),Unknown,Bad Characters,Unknown or None,Black Hair,Living Characters,6,"1994, October",1994
3335,Takeo Yamashiro (New Earth),Unknown,Bad Characters,Unknown or None,Black Hair,Deceased Characters,6,"1984, April",1984
3336,Victor Volcanum (New Earth),Unknown,Bad Characters,Unknown or None,Black Hair,Deceased Characters,6,"1972, March",1972
3337,Roy Reynolds (New Earth),Unknown,Bad Characters,Unknown or None,Black Hair,Deceased Characters,6,"1965, March",1965
3338,Euphemus (New Earth),Unknown,Bad Characters,Unknown or None,Blond Hair,Living Characters,6,"2009, March",2009
3339,Scarth (New Earth),Unknown,Bad Characters,Unknown or None,Blond Hair,Living Characters,6,"1995, January",1995
3340,Maxwell Roger Castle (New Earth),Unknown,Bad Characters,Unknown or None,Blond Hair,Deceased Characters,6,"1988, September",1988
3341,Top (New Earth),Unknown,Bad Characters,Unknown or None,Brown Hair,Living Characters,6,"2010, June",2010
3342,Blackfang (New Earth),Unknown,Bad Characters,Unknown or None,Brown Hair,Deceased Characters,6,"2009, July",2009
3343,Harold Ross (New Earth),Unknown,Bad Characters,Unknown or None,Brown Hair,Living Characters,6,"1994, October",1994
3344,Jack Snyder (New Earth),Unknown,Bad Characters,Unknown or None,Brown Hair,Living Characters,6,"1994, March",1994
3345,Slagg (New Earth),Unknown,Bad Characters,Unknown or None,Brown Hair,Living Characters,6,"1994, October",1994
3346,Byron Shelley (New Earth),Unknown,Bad Characters,Unknown or None,Brown Hair,Living Characters,6,"1989, September",1989
3347,Branden (New Earth),Unknown,Bad Characters,Unknown or None,Brown Hair,Deceased Characters,6,"1987, March",1987
3348,Stan the Pimp (New Earth),Unknown,Bad Characters,Unknown or None,Brown Hair,Deceased Characters,6,"1987, February",1987
3349,Gagsworth A. Gagsworthy (New Earth),Unknown,Bad Characters,Unknown or None,Brown Hair,Living Characters,6,"1966, November",1966
3350,Antipathy (New Earth),Unknown,Bad Characters,Unknown or None,Red Hair,Living Characters,6,"2008, January",2008
3351,Bedlam (New Earth),Unknown,Bad Characters,Unknown or None,Red Hair,Deceased Characters,6,"1983, June",1983
3352,Henri Zola (New Earth),Unknown,Bad Characters,Unknown or None,Unknown or None,Living Characters,6,"2011, April",2011
3353,Syththunu (New Earth),Unknown,Bad Characters,Unknown or None,Unknown or None,Living Characters,6,"2011, April",2011
3354,Brunt (New Earth),Unknown,Bad Characters,Unknown or None,Unknown or None,Deceased Characters,6,"2009, July",2009
3355,Chronar (New Earth),Unknown,Bad Characters,Unknown or None,Unknown or None,Deceased Characters,6,"2009, July",2009
3356,Limina (New Earth),Unknown,Bad Characters,Unknown or None,Unknown or None,Deceased Characters,6,"2009, July",2009
3357,Swagman (New Earth),Unknown,Bad Characters,Unknown or None,Unknown or None,Living Characters,6,"2008, June",2008
3358,Wonderdog (New Earth),Unknown,Bad Characters,Unknown or None,Unknown or None,Deceased Characters,6,"2008, October",2008
3359,Flayt (New Earth),Unknown,Bad Characters,Unknown or None,Unknown or None,Living Characters,6,"2007, August",2007
3360,Loragg (New Earth),Unknown,Bad Characters,Unknown or None,Unknown or None,Living Characters,6,"2006, July",2006
3361,Roger Elliot (New Earth),Unknown,Bad Characters,Unknown or None,Unknown or None,Deceased Characters,6,"2003, February",2003
3362,Arrakhat (New Earth),Unknown,Bad Characters,Unknown or None,Unknown or None,Living Characters,6,"2000, July",2000
3363,Dementor (New Earth),Unknown,Bad Characters,Unknown or None,Unknown or None,Living Characters,6,"1994, July",1994
3364,Wild Huntsman I (New Earth),Unknown,Bad Characters,Unknown or None,Unknown or None,Living Characters,6,"1994, September",1994
3365,Rog (New Earth),Unknown,Bad Characters,Unknown or None,Unknown or None,Living Characters,6,"1964, March",1964
3366,Henry Ross (New Earth),Unknown,Bad Characters,Unknown or None,Unknown or None,Living Characters,6,"1941, December",1941
3367,Belthera (New Earth),Unknown,Bad Characters,Unknown or None,White Hair,Living Characters,6,"2007, August",2007
3368,Terrence McGinnis (New Earth),Unknown,Good Characters,Unknown or None,Black Hair,Living Characters,6,"2010, August",2010
3369,Tamara Lane (New Earth),Unknown,Good Characters,Unknown or None,Black Hair,Living Characters,6,"2009, December",2009
3370,Trixster (New Earth),Unknown,Good Characters,Unknown or None,Blond Hair,Living Characters,6,"2010, June",2010
3371,Marcia Claiborne (New Earth),Unknown,Good Characters,Unknown or None,Blond Hair,Deceased Characters,6,"1988, September",1988
3372,Weather Warlock (New Earth),Unknown,Good Characters,Unknown or None,Brown Hair,Living Characters,6,"2010, June",2010
3373,Maks Chazov (New Earth),Unknown,Good Characters,Unknown or None,Brown Hair,Living Characters,6,"2008, March",2008
3374,Ry Sovereign (New Earth),Unknown,Good Characters,Unknown or None,Brown Hair,Living Characters,6,"2005, November",2005
3375,Jolene Relazzo (New Earth),Unknown,Good Characters,Unknown or None,Brown Hair,Living Characters,6,"1998, March",1998
3376,Faruka (New Earth),Unknown,Good Characters,Unknown or None,Brown Hair,Living Characters,6,"1989, July",1989
3377,Fay Evans (New Earth),Unknown,Good Characters,Unknown or None,Brown Hair,Living Characters,6,"1984, January",1984
3378,Jerry Evans (New Earth),Unknown,Good Characters,Unknown or None,Brown Hair,Living Characters,6,"1984, January",1984
3379,Oenone (New Earth),Unknown,Good Characters,Unknown or None,Red Hair,Living Characters,6,"1989, February",1989
3380,Beth Zahar (New Earth),Unknown,Good Characters,Unknown or None,Red Hair,Living Characters,6,"1988, October",1988
3381,Rachel Caspian (New Earth),Unknown,Good Characters,Unknown or None,Red Hair,Living Characters,6,"1987, June",1987
3382,Thomas Jefferson (New Earth),Unknown,Good Characters,Unknown or None,Red Hair,Living Characters,6,"1962, May",1962
3383,Commander Cold (New Earth),Unknown,Good Characters,Unknown or None,Unknown or None,Living Characters,6,"2010, June",2010
3384,"Heatstroke, Renegades (New Earth)",Unknown,Good Characters,Unknown or None,Unknown or None,Living Characters,6,"2010, June",2010
3385,Vaughn (New Earth),Unknown,Good Characters,Unknown or None,Unknown or None,Living Characters,6,"2009, January",2009
3386,Bridgewater (New Earth),Unknown,Good Characters,Unknown or None,Unknown or None,Living Characters,6,"2007, January",2007
3387,Andi Kasinsky (New Earth),Unknown,Good Characters,Unknown or None,Unknown or None,Living Characters,6,"2001, March",2001
3388,Nemek (New Earth),Unknown,Good Characters,Unknown or None,Unknown or None,Living Characters,6,"1996, December",1996
3389,Fred (New Earth),Unknown,Good Characters,Unknown or None,Unknown or None,Living Characters,6,"1989, April",1989
3390,Teledar (New Earth),Unknown,Good Characters,Unknown or None,Unknown or None,Deceased Characters,6,"1989, April",1989
3391,Aella (New Earth),Unknown,Good Characters,Unknown or None,Unknown or None,Deceased Characters,6,"1987, February",1987
3392,Bog Venus (New Earth),Unknown,Good Characters,Unknown or None,Unknown or None,Living Characters,6,"1986, April",1986
3393,Kettle Hole Devil (New Earth),Unknown,Good Characters,Unknown or None,Unknown or None,Living Characters,6,"1986, April",1986
3394,Saint Columba (New Earth),Unknown,Good Characters,Unknown or None,Unknown or None,Living Characters,6,"1986, April",1986
3395,Yndamaati (New Earth),Unknown,Good Characters,Unknown or None,Unknown or None,Deceased Characters,6,"1985, December",1985
3396,Tuebeen (New Earth),Unknown,Good Characters,Unknown or None,Unknown or None,Living Characters,6,"1982, August",1982
3397,Andre de Sevigne (New Earth),Unknown,Good Characters,Unknown or None,Unknown or None,Deceased Characters,6,"1968, May",1968
3398,Vulcan (New Earth),Unknown,Good Characters,Unknown or None,Unknown or None,Living Characters,6,,
3399,Bonita (New Earth),Unknown,Neutral Characters,Unknown or None,Blond Hair,Living Characters,6,"2006, June",2006
3400,Rene Carpenter (New Earth),Unknown,Neutral Characters,Unknown or None,Brown Hair,Living Characters,6,"2005, November",2005
3401,Ferak (New Earth),Unknown,Neutral Characters,Unknown or None,Green Hair,Living Characters,6,"1999, July",1999
3402,Jonni DC (New Earth),Unknown,Neutral Characters,Unknown or None,Red Hair,Deceased Characters,6,"1985, July",1985
3403,Jonas Glim (New Earth),Unknown,Neutral Characters,Unknown or None,Unknown or None,Living Characters,6,"1993, December",1993
3404,Hecate (New Earth),Unknown,Neutral Characters,Unknown or None,White Hair,Living Characters,6,"1988, August",1988
3405,Dal Kir-Ta (New Earth),Unknown,Unknown or None,Unknown or None,Unknown or None,Living Characters,6,"2009, June",2009
3406,Leviathan Entity (New Earth),Unknown,Unknown or None,Unknown or None,Unknown or None,Living Characters,6,"2005, August",2005
3407,Curtis Leland (New Earth),Unknown,Unknown or None,Unknown or None,Unknown or None,Deceased Characters,6,"2004, February",2004
3408,Peggy Gardner (New Earth),Unknown,Unknown or None,Unknown or None,Unknown or None,Living Characters,6,"1993, August",1993
3409,Yuga Khan (New Earth),Unknown,Unknown or None,Unknown or None,Unknown or None,Deceased Characters,6,"1990, June",1990
3410,Ethel Cripps (New Earth),Unknown,Unknown or None,Unknown or None,Unknown or None,Living Characters,6,"1989, January",1989
3411,Siphon (New Earth),Unknown,Unknown or None,Unknown or None,Unknown or None,Living Characters,6,"1988, September",1988
3412,Rojek (New Earth),Unknown,Unknown or None,Unknown or None,Unknown or None,Living Characters,6,"1984, August",1984
3413,Daisy (New Earth),Unknown,Unknown or None,Unknown or None,Unknown or None,Living Characters,6,"1968, August",1968
3414,Pol Manning (New Earth),Unknown,Unknown or None,Unknown or None,Unknown or None,Living Characters,6,"1967, March",1967
3415,Willard Wiggins (New Earth),Unknown,Unknown or None,Unknown or None,Unknown or None,Living Characters,6,"1960, December",1960
3416,Malachi Zee (New Earth),Unknown,Unknown or None,Unknown or None,Unknown or None,Living Characters,6,"1947, June",1947
3417,Henry P. Smithers (New Earth),Unknown,Unknown or None,Unknown or None,Black Hair,Living Characters,6,"1984, August",1984
3418,Henry Allen (New Earth),Unknown,Unknown or None,Unknown or None,Blond Hair,Living Characters,6,"2009, June",2009
3419,Copernicus the Dog (New Earth),Unknown,Unknown or None,Unknown or None,Brown Hair,Living Characters,6,"2006, September",2006
3420,Aarden (New Earth),Unknown,Unknown or None,Unknown or None,Brown Hair,Living Characters,6,"1996, February",1996
3421,Shamus (New Earth),Unknown,Unknown or None,Unknown or None,Brown Hair,Living Characters,6,"1985, February",1985
3422,Gleen (New Earth),Public Identity,Bad Characters,White Eyes,Unknown or None,Deceased Characters,6,"2005, November",2005
3423,Lump (New Earth),Public Identity,Bad Characters,White Eyes,Unknown or None,Deceased Characters,6,"1972, April",1972
3424,Ephyra (New Earth),Public Identity,Good Characters,White Eyes,Blue Hair,Living Characters,6,"1996, September",1996
3425,Beta Tos (New Earth),Public Identity,Good Characters,White Eyes,Red Hair,Living Characters,6,"1996, September",1996
3426,Neil Borman (New Earth),Secret Identity,Bad Characters,White Eyes,Unknown or None,Living Characters,6,"2001, August",2001
3427,Edward Clariss (New Earth),Secret Identity,Bad Characters,White Eyes,Unknown or None,Living Characters,6,"1949, February",1949
3428,Dren Keeg (New Earth),Secret Identity,Neutral Characters,White Eyes,Unknown or None,Living Characters,6,"1990, March",1990
3429,Mama Madame (New Earth),Unknown,Neutral Characters,White Eyes,White Hair,Living Characters,6,"1984, February",1984
3430,Onimar Synn (New Earth),Public Identity,Bad Characters,Yellow Eyes,Unknown or None,Deceased Characters,6,"2001, June",2001
3431,FerAlyce (New Earth),Public Identity,Good Characters,Yellow Eyes,Black Hair,Living Characters,6,"1993, January",1993
3432,Amnee Pree (New Earth),Public Identity,Good Characters,Yellow Eyes,Orange Hair,Living Characters,6,"2007, December",2007
3433,Matoo Pree (New Earth),Public Identity,Good Characters,Yellow Eyes,Orange Hair,Living Characters,6,"2007, December",2007
3434,Princess Topaz (New Earth),Public Identity,Neutral Characters,Yellow Eyes,Black Hair,Living Characters,6,"1983, August",1983
3435,Acarinus (New Earth),Unknown,Bad Characters,Yellow Eyes,Unknown or None,Deceased Characters,6,"2009, July",2009
3436,Carla Draper (New Earth),Public Identity,Bad Characters,Auburn Hair,Unknown or None,Living Characters,5,"1994, November",1994
3437,Razerkut (New Earth),Secret Identity,Bad Characters,Auburn Hair,Unknown or None,Living Characters,5,"1995, August",1995
3438,Tawna (New Earth),Unknown,Good Characters,Auburn Hair,Unknown or None,Living Characters,5,"1998, April",1998
3439,Marque (New Earth),Public Identity,Bad Characters,Black Eyes,Black Hair,Living Characters,5,"2008, September",2008
3440,Ned Creegan (New Earth),Public Identity,Bad Characters,Black Eyes,Brown Hair,Living Characters,5,"1967, September",1967
3441,Wolf Krieger (New Earth),Public Identity,Bad Characters,Black Eyes,Grey Hair,Living Characters,5,"1995, July",1995
3442,Edwar Martinez (New Earth),Public Identity,Bad Characters,Black Eyes,Unknown or None,Living Characters,5,"2008, May",2008
3443,Valerie Van Haaften (New Earth),Public Identity,Bad Characters,Black Eyes,Unknown or None,Living Characters,5,"2002, December",2002
3444,Son of the Fallen (New Earth),Public Identity,Good Characters,Black Eyes,Black Hair,Living Characters,5,"2009, January",2009
3445,Cellkeeper 385 (New Earth),Public Identity,Good Characters,Black Eyes,Unknown or None,Living Characters,5,"1989, May",1989
3446,Kid Crusader (New Earth),Secret Identity,Bad Characters,Black Eyes,Black Hair,Living Characters,5,"2007, February",2007
3447,Schrek (New Earth),Secret Identity,Bad Characters,Black Eyes,Blond Hair,Deceased Characters,5,"1991, July",1991
3448,Mateo Burland (New Earth),Secret Identity,Bad Characters,Black Eyes,Brown Hair,Living Characters,5,"2010, March",2010
3449,Maxwell Veezey (New Earth),Secret Identity,Bad Characters,Black Eyes,Brown Hair,Living Characters,5,"1996, January",1996
3450,Elephant Man (New Earth),Secret Identity,Bad Characters,Black Eyes,Unknown or None,Living Characters,5,"2006, June",2006
3451,Ali-Ka Zoom (New Earth),Secret Identity,Good Characters,Black Eyes,Black Hair,Living Characters,5,"2005, July",2005
3452,Sonya Chuikov (New Earth),Secret Identity,Good Characters,Black Eyes,Black Hair,Living Characters,5,"1989, January",1989
3453,Riki Kimura (New Earth),Secret Identity,Good Characters,Black Eyes,Green Hair,Living Characters,5,"2009, October",2009
3454,Kuei (New Earth),Secret Identity,Good Characters,Black Eyes,Green Hair,Living Characters,5,"1989, January",1989
3455,Edward Stargard (New Earth),Secret Identity,Good Characters,Black Eyes,Unknown or None,Living Characters,5,"2005, May",2005
3456,Jean-Marc de Villars (New Earth),Secret Identity,Good Characters,Black Eyes,White Hair,Living Characters,5,"1989, January",1989
3457,Xanthi (New Earth),Secret Identity,Neutral Characters,Black Eyes,White Hair,Deceased Characters,5,"1989, January",1989
3458,Jack the Ripper (New Earth),Secret Identity,Unknown or None,Black Eyes,Black Hair,Living Characters,5,"1971, February",1971
3459,Bizarro Jimmy Olsen (New Earth),Secret Identity,Unknown or None,Black Eyes,Red Hair,Living Characters,5,"2007, October",2007
3460,Kimon Tanaka (New Earth),Unknown,Bad Characters,Black Eyes,Black Hair,Living Characters,5,"1994, December",1994
3461,Subjekt-17 (New Earth),Unknown,Bad Characters,Black Eyes,Unknown or None,Deceased Characters,5,"2006, October",2006
3462,Cimfet Tau (New Earth),Unknown,Good Characters,Black Eyes,Unknown or None,Living Characters,5,1986,1986
3463,Okonoko (New Earth),Unknown,Good Characters,Black Eyes,Unknown or None,Living Characters,5,"1983, March",1983
3464,Alexander Trent (New Earth),Public Identity,Bad Characters,Blue Eyes,Blond Hair,Deceased Characters,5,"1993, December",1993
3465,Jakob Whorrsman (New Earth),Public Identity,Bad Characters,Blue Eyes,Blond Hair,Living Characters,5,1992,1992
3466,Dagon-Ra (New Earth),Public Identity,Bad Characters,Blue Eyes,White Hair,Deceased Characters,5,"1990, May",1990
3467,William Wildeagle (New Earth),Public Identity,Good Characters,Blue Eyes,Black Hair,Living Characters,5,"1991, July",1991
3468,Kem-L (New Earth),Public Identity,Good Characters,Blue Eyes,Black Hair,Living Characters,5,"1989, November",1989
3469,Chloe Sullivan (New Earth),Public Identity,Good Characters,Blue Eyes,Blond Hair,Living Characters,5,"2010, November",2010
3470,Jennifer Stuart (New Earth),Public Identity,Good Characters,Blue Eyes,Blond Hair,Living Characters,5,"2003, April",2003
3471,Epiphany (New Earth),Public Identity,Good Characters,Blue Eyes,Blond Hair,Living Characters,5,"2001, July",2001
3472,Jonathan Double (New Earth),Public Identity,Good Characters,Blue Eyes,Blond Hair,Living Characters,5,"1998, September",1998
3473,Bonnie Robinson (New Earth),Public Identity,Good Characters,Blue Eyes,Blond Hair,Living Characters,5,"1992, June",1992
3474,Millicent Mayne (New Earth),Public Identity,Good Characters,Blue Eyes,Brown Hair,Living Characters,5,"2009, February",2009
3475,Narmea (New Earth),Public Identity,Good Characters,Blue Eyes,Brown Hair,Living Characters,5,"1990, March",1990
3476,John Watson (New Earth),Public Identity,Good Characters,Blue Eyes,Grey Hair,Living Characters,5,"1975, October",1975
3477,Diamalon (New Earth),Public Identity,Good Characters,Blue Eyes,Unknown or None,Deceased Characters,5,"2007, August",2007
3478,Malagigi (New Earth),Public Identity,Good Characters,Blue Eyes,White Hair,Living Characters,5,"1981, October",1981
3479,Randall Truman (New Earth),Public Identity,Neutral Characters,Blue Eyes,Brown Hair,Living Characters,5,"1987, August",1987
3480,Nora Reid (New Earth),Public Identity,Unknown or None,Blue Eyes,Red Hair,Living Characters,5,"2010, August",2010
3481,Chief Justice (New Earth),Secret Identity,Bad Characters,Blue Eyes,Black Hair,Living Characters,5,"2006, November",2006
3482,Mister Whisper (New Earth),Secret Identity,Bad Characters,Blue Eyes,Black Hair,Deceased Characters,5,"1990, April",1990
3483,Zachary Gate (New Earth),Secret Identity,Bad Characters,Blue Eyes,Blond Hair,Living Characters,5,"2011, July",2011
3484,Alexander Tuttle (New Earth),Secret Identity,Bad Characters,Blue Eyes,Blond Hair,Living Characters,5,"1979, March",1979
3485,Syonide I (New Earth),Secret Identity,Bad Characters,Blue Eyes,Blond Hair,Living Characters,5,"1977, July",1977
3486,Burn (New Earth),Secret Identity,Bad Characters,Blue Eyes,Brown Hair,Deceased Characters,5,"2008, May",2008
3487,Sara Smart (New Earth),Secret Identity,Bad Characters,Blue Eyes,Red Hair,Living Characters,5,"2006, January",2006
3488,Etienne Guiborg (New Earth),Secret Identity,Bad Characters,Blue Eyes,Unknown or None,Living Characters,5,"2011, February",2011
3489,Sean Sonus (New Earth),Secret Identity,Bad Characters,Blue Eyes,White Hair,Living Characters,5,"2009, February",2009
3490,Charles Lane (New Earth),Secret Identity,Good Characters,Blue Eyes,Black Hair,Deceased Characters,5,"1941, May",1941
3491,Deanna Barr (New Earth),Secret Identity,Good Characters,Blue Eyes,Brown Hair,Living Characters,5,"1997, November",1997
3492,Nowhere Man (New Earth),Secret Identity,Good Characters,Blue Eyes,Brown Hair,Living Characters,5,"1990, October",1990
3493,Thomas Bolt (New Earth),Secret Identity,Good Characters,Blue Eyes,Brown Hair,Deceased Characters,5,"1986, March",1986
3494,Jason Hart (New Earth),Secret Identity,Good Characters,Blue Eyes,Brown Hair,Living Characters,5,1983,1983
3495,Catwoman III (New Earth),Secret Identity,Neutral Characters,Blue Eyes,Black Hair,Living Characters,5,"2010, September",2010
3496,David Manguy (New Earth),Secret Identity,Neutral Characters,Blue Eyes,Black Hair,Living Characters,5,"1994, February",1994
3497,Bekka (New Earth),Secret Identity,Neutral Characters,Blue Eyes,Black Hair,Deceased Characters,5,"1984, March",1984
3498,Brittany Brandon (New Earth),Secret Identity,Neutral Characters,Blue Eyes,Platinum Blond Hair,Living Characters,5,"1986, June",1986
3499,Colonel Sulphur (New Earth),Unknown,Bad Characters,Blue Eyes,Black Hair,Living Characters,5,"1972, May",1972
3500,Red Dragon (New Earth),Unknown,Bad Characters,Blue Eyes,Red Hair,Living Characters,5,"1988, June",1988
3501,Deron Ved (Earth-One),Unknown,Bad Characters,Blue Eyes,Reddish Brown Hair,Living Characters,5,"1986, October",1986
3502,Johannes van der Houten (New Earth),Unknown,Bad Characters,Blue Eyes,White Hair,Deceased Characters,5,"1988, September",1988
3503,J. Wilbur Wolfingham (New Earth),Unknown,Bad Characters,Blue Eyes,Unknown or None,Living Characters,5,"1944, January",1944
3504,Graham Gault (New Earth),Unknown,Good Characters,Blue Eyes,Blond Hair,Living Characters,5,"1987, September",1987
3505,Ralph Bundy (New Earth),Unknown,Good Characters,Blue Eyes,Brown Hair,Living Characters,5,"1988, March",1988
3506,Deena Walker (New Earth),Unknown,Good Characters,Blue Eyes,Red Hair,Living Characters,5,"1993, June",1993
3507,Paula von Gunther (New Earth),Unknown,Reformed Criminals,Blue Eyes,Blond Hair,Living Characters,5,"1998, March",1998
3508,Kristen Kramer (New Earth),Unknown,Unknown or None,Blue Eyes,Red Hair,Living Characters,5,"2010, May",2010
3509,Mateo Flores (New Earth),Public Identity,Bad Characters,Brown Eyes,Black Hair,Living Characters,5,"2002, October",2002
3510,Henry Cobb Armbruster (New Earth),Public Identity,Bad Characters,Brown Eyes,Black Hair,Living Characters,5,"1988, April",1988
3511,Peter Hayes (New Earth),Public Identity,Bad Characters,Brown Eyes,Brown Hair,Living Characters,5,"2010, August",2010
3512,Hackett (New Earth),Public Identity,Bad Characters,Brown Eyes,Brown Hair,Living Characters,5,"2007, September",2007
3513,John Henry Martin (New Earth),Public Identity,Bad Characters,Brown Eyes,Brown Hair,Living Characters,5,"1989, August",1989
3514,Archer of Angelsport (New Earth),Public Identity,Bad Characters,Brown Eyes,White Hair,Deceased Characters,5,"2009, August",2009
3515,Jamal Stuart (New Earth),Public Identity,Good Characters,Brown Eyes,Black Hair,Living Characters,5,"2009, February",2009
3516,Takahata (New Earth),Public Identity,Good Characters,Brown Eyes,Black Hair,Living Characters,5,"2005, September",2005
3517,Seraph (New Earth),Public Identity,Good Characters,Brown Eyes,Black Hair,Living Characters,5,"2001, July",2001
3518,Tana Moon II (New Earth),Public Identity,Good Characters,Brown Eyes,Black Hair,Living Characters,5,"2001, July",2001
3519,Matthew Logan (New Earth),Public Identity,Good Characters,Brown Eyes,Black Hair,Living Characters,5,"2000, January",2000
3520,Georgia Redmond (New Earth),Public Identity,Good Characters,Brown Eyes,Black Hair,Living Characters,5,"1997, December",1997
3521,Angelica Wallis (New Earth),Public Identity,Good Characters,Brown Eyes,Black Hair,Living Characters,5,"1996, November",1996
3522,Frederick Danvers (New Earth),Public Identity,Good Characters,Brown Eyes,Black Hair,Living Characters,5,"1996, September",1996
3523,Solomon Buchman (New Earth),Public Identity,Good Characters,Brown Eyes,Black Hair,Living Characters,5,"1988, April",1988
3524,Takeo Sato (New Earth),Public Identity,Good Characters,Brown Eyes,Black Hair,Deceased Characters,5,"1983, September",1983
3525,Akila (New Earth),Public Identity,Good Characters,Brown Eyes,Brown Hair,Living Characters,5,"1999, September",1999
3526,Deb Kafka (New Earth),Public Identity,Good Characters,Brown Eyes,Brown Hair,Living Characters,5,"1989, August",1989
3527,Leona Pierce (New Earth),Public Identity,Good Characters,Brown Eyes,Brown Hair,Living Characters,5,"1978, January",1978
3528,Ekin Tzu (New Earth),Public Identity,Neutral Characters,Brown Eyes,Black Hair,Living Characters,5,"2000, April",2000
3529,Titano (New Earth),Public Identity,Neutral Characters,Brown Eyes,Brown Hair,Deceased Characters,5,"1987, August",1987
3530,Perseus Hazard (New Earth),Public Identity,Unknown or None,Brown Eyes,Unknown or None,Deceased Characters,5,"2007, August",2007
3531,Lisa Yurigama (New Earth),Secret Identity,Bad Characters,Brown Eyes,Black Hair,Living Characters,5,"2005, March",2005
3532,Agua Sin Gaaz (New Earth),Secret Identity,Bad Characters,Brown Eyes,Black Hair,Deceased Characters,5,"2000, October",2000
3533,Skizm (New Earth),Secret Identity,Bad Characters,Brown Eyes,Black Hair,Living Characters,5,"2000, September",2000
3534,Bamboo Monkey (New Earth),Secret Identity,Bad Characters,Brown Eyes,Black Hair,Living Characters,5,"1998, August",1998
3535,Catseye (New Earth),Secret Identity,Bad Characters,Brown Eyes,Black Hair,Deceased Characters,5,"1991, May",1991
3536,Ruth Spencer (New Earth),Secret Identity,Bad Characters,Brown Eyes,Black Hair,Living Characters,5,"1990, January",1990
3537,Lark (New Earth),Secret Identity,Bad Characters,Brown Eyes,Brown Hair,Living Characters,5,"1990, June",1990
3538,Nyola (Earth-Two),Secret Identity,Bad Characters,Brown Eyes,Brown Hair,Living Characters,5,"1940, September",1940
3539,Oshi Sin Gaaz (New Earth),Secret Identity,Good Characters,Brown Eyes,Black Hair,Living Characters,5,"2001, June",2001
3540,La Salamanca (New Earth),Secret Identity,Good Characters,Brown Eyes,Black Hair,Living Characters,5,"2000, September",2000
3541,Henrietta Jessup (New Earth),Secret Identity,Good Characters,Brown Eyes,Black Hair,Living Characters,5,"1996, July",1996
3542,Sujatmi Sunowaparti (New Earth),Secret Identity,Good Characters,Brown Eyes,Black Hair,Living Characters,5,"1994, December",1994
3543,Kaylark (New Earth),Secret Identity,Good Characters,Brown Eyes,Black Hair,Living Characters,5,"1983, July",1983
3544,Rani Singh (New Earth),Secret Identity,Good Characters,Brown Eyes,Brown Hair,Living Characters,5,"2011, January",2011
3545,Vijay Singh (New Earth),Secret Identity,Good Characters,Brown Eyes,Brown Hair,Living Characters,5,"2011, January",2011
3546,Face II (New Earth),Secret Identity,Good Characters,Brown Eyes,Unknown or None,Deceased Characters,5,"2009, January",2009
3547,Brother Flay (New Earth),Unknown,Bad Characters,Brown Eyes,Black Hair,Deceased Characters,5,"2007, December",2007
3548,Jerry Conover (New Earth),Unknown,Good Characters,Brown Eyes,Black Hair,Living Characters,5,"1994, July",1994
3549,Cassius Bannister (Earth-One),Unknown,Good Characters,Brown Eyes,Black Hair,Living Characters,5,"1979, December",1979
3550,Earl Clifford (New Earth),Unknown,Good Characters,Brown Eyes,Black Hair,Deceased Characters,5,"1977, April",1977
3551,John Smalls (New Earth),Unknown,Neutral Characters,Brown Eyes,Black Hair,Living Characters,5,"2006, June",2006
3552,Mister Choi (New Earth),Unknown,Neutral Characters,Brown Eyes,Black Hair,Living Characters,5,"2006, September",2006
3553,Davood Nassur (New Earth),Unknown,Unknown or None,Brown Eyes,Black Hair,Living Characters,5,"1990, October",1990
3554,Vartox (New Earth),Unknown,Unknown or None,Brown Eyes,Brown Hair,Living Characters,5,"1999, September",1999
3555,Orithia (New Earth),Public Identity,Good Characters,Green Eyes,Black Hair,Living Characters,5,"2011, January",2011
3556,Moira Queen (New Earth),Public Identity,Good Characters,Green Eyes,Blond Hair,Deceased Characters,5,1995,1995
3557,Robert Henry Queen (New Earth),Public Identity,Good Characters,Green Eyes,Blond Hair,Deceased Characters,5,1995,1995
3558,Maxine Sterenbuch (New Earth),Public Identity,Good Characters,Green Eyes,Brown Hair,Living Characters,5,"1988, April",1988
3559,Donna Anderson (New Earth),Public Identity,Neutral Characters,Green Eyes,Brown Hair,Deceased Characters,5,"2009, August",2009
3560,Brainiac 4 (Post-Zero Hour),Secret Identity,Bad Characters,Green Eyes,Blond Hair,Living Characters,5,"1998, August",1998
3561,Belphegor (New Earth),Secret Identity,Good Characters,Green Eyes,Black Hair,Living Characters,5,"1987, June",1987
3562,Sala Nisaba (New Earth),Secret Identity,Good Characters,Green Eyes,Brown Hair,Living Characters,5,2000,2000
3563,Madeline Benoir (New Earth),Secret Identity,Neutral Characters,Green Eyes,Red Hair,Living Characters,5,"2003, June",2003
3564,"Head, of the Waiting (New Earth)",Secret Identity,Unknown or None,Green Eyes,Unknown or None,Living Characters,5,"2006, August",2006
3565,Giggs (New Earth),Unknown,Bad Characters,Green Eyes,Grey Hair,Living Characters,5,"2006, October",2006
3566,Lin Canar (New Earth),Unknown,Good Characters,Green Eyes,Green Hair,Living Characters,5,"1992, December",1992
3567,Garmin Vid (New Earth),Unknown,Good Characters,Green Eyes,Unknown or None,Living Characters,5,"2006, June",2006
3568,Firtf (New Earth),Public Identity,Bad Characters,Grey Eyes,Unknown or None,Living Characters,5,"1992, February",1992
3569,Michael Desai (New Earth),Unknown,Neutral Characters,Grey Eyes,Unknown or None,Living Characters,5,"2011, July",2011
3570,Mister Atom (New Earth),Public Identity,Bad Characters,Photocellular Eyes,Unknown or None,Living Characters,5,"1997, February",1997
3571,Frank Halloran (New Earth),Secret Identity,Neutral Characters,Photocellular Eyes,Blond Hair,Deceased Characters,5,"2007, June",2007
3572,Grumb (New Earth),Unknown,Good Characters,Purple Eyes,Unknown or None,Living Characters,5,"2005, October",2005
3573,Jesse (New Earth),Public Identity,Bad Characters,Red Eyes,Black Hair,Living Characters,5,"2008, August",2008
3574,Goth (New Earth),Public Identity,Bad Characters,Red Eyes,Black Hair,Deceased Characters,5,"1999, May",1999
3575,Slizzath (New Earth),Public Identity,Bad Characters,Red Eyes,Grey Hair,Deceased Characters,5,"1996, November",1996
3576,Lord of the Damned (New Earth),Public Identity,Bad Characters,Red Eyes,Unknown or None,Deceased Characters,5,"2006, May",2006
3577,Robot 32198 (New Earth),Public Identity,Good Characters,Red Eyes,Unknown or None,Living Characters,5,"1965, October",1965
3578,Lord Ruby (New Earth),Public Identity,Good Characters,Red Eyes,White Hair,Living Characters,5,"1983, December",1983
3579,Tataka (New Earth),Secret Identity,Bad Characters,Red Eyes,Black Hair,Living Characters,5,"2011, May",2011
3580,Antithesis (New Earth),Secret Identity,Bad Characters,Red Eyes,Unknown or None,Living Characters,5,"1978, February",1978
3581,Chroma (New Earth),Secret Identity,Bad Characters,Red Eyes,White Hair,Deceased Characters,5,"1985, May",1985
3582,Sendrina (New Earth),Secret Identity,Good Characters,Red Eyes,Brown Hair,Living Characters,5,"2008, February",2008
3583,Malik Al Thaka (New Earth),Unknown,Bad Characters,Red Eyes,Unknown or None,Living Characters,5,"2009, December",2009
3584,Cloudburst (New Earth),Identity Unknown,Bad Characters,Unknown or None,Black Hair,Living Characters,5,"1993, August",1993
3585,Harold Winer (New Earth),Public Identity,Bad Characters,Unknown or None,Black Hair,Living Characters,5,"2010, June",2010
3586,Edward Hwang (New Earth),Public Identity,Bad Characters,Unknown or None,Black Hair,Deceased Characters,5,"2007, September",2007
3587,Penn Selkirk (New Earth),Public Identity,Bad Characters,Unknown or None,Black Hair,Living Characters,5,"1994, July",1994
3588,Nicholas Bassaglia (New Earth),Public Identity,Bad Characters,Unknown or None,Black Hair,Living Characters,5,"1988, May",1988
3589,Rand Westbrook (New Earth),Public Identity,Bad Characters,Unknown or None,Brown Hair,Living Characters,5,"2003, August",2003
3590,Umberto Maroni (New Earth),Public Identity,Bad Characters,Unknown or None,Brown Hair,Deceased Characters,5,"1999, December",1999
3591,Ritar (New Earth),Public Identity,Bad Characters,Unknown or None,Brown Hair,Living Characters,5,"1992, February",1992
3592,Henry Yarrow (New Earth),Public Identity,Bad Characters,Unknown or None,Grey Hair,Deceased Characters,5,"1987, November",1987
3593,Grand Druid (New Earth),Public Identity,Bad Characters,Unknown or None,Orange Hair,Living Characters,5,"1993, October",1993
3594,MacAlistaire (New Earth),Public Identity,Bad Characters,Unknown or None,Red Hair,Living Characters,5,"1994, January",1994
3595,Lycus (New Earth),Public Identity,Bad Characters,Unknown or None,Unknown or None,Living Characters,5,"2008, October",2008
3596,Branca (New Earth),Public Identity,Bad Characters,Unknown or None,Unknown or None,Deceased Characters,5,"2007, May",2007
3597,Jace Lorens (New Earth),Public Identity,Bad Characters,Unknown or None,Unknown or None,Deceased Characters,5,"2006, December",2006
3598,Mitchell Mayo (New Earth),Public Identity,Bad Characters,Unknown or None,Unknown or None,Deceased Characters,5,"2002, January",2002
3599,Priscilla Rich (New Earth),Public Identity,Bad Characters,Unknown or None,Unknown or None,Deceased Characters,5,"2001, September",2001
3600,Vasily Kosov (New Earth),Public Identity,Bad Characters,Unknown or None,Unknown or None,Deceased Characters,5,"2000, March",2000
3601,Ernie Chubb (New Earth),Public Identity,Bad Characters,Unknown or None,Unknown or None,Living Characters,5,"1997, April",1997
3602,Kurt Heimlich (New Earth),Public Identity,Bad Characters,Unknown or None,Unknown or None,Living Characters,5,"1991, August",1991
3603,Darius Caldera (New Earth),Public Identity,Bad Characters,Unknown or None,White Hair,Living Characters,5,"2001, October",2001
3604,Konrad Kaslak (New Earth),Public Identity,Bad Characters,Unknown or None,White Hair,Living Characters,5,"1990, September",1990
3605,Marisol Samuels (New Earth),Public Identity,Good Characters,Unknown or None,Black Hair,Living Characters,5,"2003, October",2003
3606,Reno Rosetti (New Earth),Public Identity,Good Characters,Unknown or None,Black Hair,Living Characters,5,"2003, July",2003
3607,Charles Lau (New Earth),Public Identity,Good Characters,Unknown or None,Black Hair,Living Characters,5,"2002, March",2002
3608,David Said (New Earth),Public Identity,Good Characters,Unknown or None,Black Hair,Living Characters,5,"2002, May",2002
3609,Patrick Wayne (New Earth),Public Identity,Good Characters,Unknown or None,Black Hair,Living Characters,5,"1997, October",1997
3610,Russell Tenclouds (New Earth),Public Identity,Good Characters,Unknown or None,Black Hair,Deceased Characters,5,"1994, November",1994
3611,Kirby (New Earth),Public Identity,Good Characters,Unknown or None,Black Hair,Living Characters,5,"1990, January",1990
3612,Theresa Bua Trinh (New Earth),Public Identity,Good Characters,Unknown or None,Black Hair,Living Characters,5,"1990, January",1990
3613,Kel Gand (New Earth),Public Identity,Good Characters,Unknown or None,Black Hair,Living Characters,5,"1989, January",1989
3614,Lady Moonstone (New Earth),Public Identity,Good Characters,Unknown or None,Black Hair,Living Characters,5,"1983, November",1983
3615,Abdul Smith (New Earth),Public Identity,Good Characters,Unknown or None,Black Hair,Living Characters,5,"1975, May",1975
3616,Perseus (New Earth),Public Identity,Good Characters,Unknown or None,Black Hair,Living Characters,5,"1964, October",1964
3617,Tyr-Van (New Earth),Public Identity,Good Characters,Unknown or None,Blond Hair,Living Characters,5,"2009, May",2009
3618,Claw Hammer (New Earth),Public Identity,Good Characters,Unknown or None,Blond Hair,Living Characters,5,"1996, September",1996
3619,Quinn Thomas (New Earth),Public Identity,Good Characters,Unknown or None,Blond Hair,Living Characters,5,"1993, March",1993
3620,Syrra (New Earth),Public Identity,Good Characters,Unknown or None,Blond Hair,Living Characters,5,"1984, November",1984
3621,Laral (New Earth),Public Identity,Good Characters,Unknown or None,Blond Hair,Living Characters,5,"1983, May",1983
3622,Stacy Conwell (New Earth),Public Identity,Good Characters,Unknown or None,Blond Hair,Living Characters,5,"1975, April",1975
3623,Janet Jones (New Earth),Public Identity,Good Characters,Unknown or None,Blond Hair,Living Characters,5,"1969, May",1969
3624,Gaelon (New Earth),Public Identity,Good Characters,Unknown or None,Brown Hair,Living Characters,5,"1995, April",1995
3625,Jovita (New Earth),Public Identity,Good Characters,Unknown or None,Brown Hair,Living Characters,5,"1989, September",1989
3626,Maxwell Loomis (New Earth),Public Identity,Good Characters,Unknown or None,Brown Hair,Living Characters,5,"1986, April",1986
3627,Socker Smith (New Earth),Public Identity,Good Characters,Unknown or None,Brown Hair,Deceased Characters,5,"1942, January",1942
3628,Theodore Cobblepot (New Earth),Public Identity,Good Characters,Unknown or None,Grey Hair,Living Characters,5,"2011, July",2011
3629,Travis Thomas (New Earth),Public Identity,Good Characters,Unknown or None,Red Hair,Living Characters,5,"1999, August",1999
3630,Wally Mosely (New Earth),Public Identity,Good Characters,Unknown or None,Red Hair,Living Characters,5,"1996, September",1996
3631,Andrew Draper (New Earth),Public Identity,Good Characters,Unknown or None,Red Hair,Living Characters,5,"1988, June",1988
3632,Yu Huang (New Earth),Public Identity,Good Characters,Unknown or None,Unknown or None,Living Characters,5,"2010, February",2010
3633,Shaar Q (New Earth),Public Identity,Good Characters,Unknown or None,Unknown or None,Living Characters,5,"1996, September",1996
3634,Aaron Jase (New Earth),Public Identity,Good Characters,Unknown or None,Unknown or None,Deceased Characters,5,"1994, November",1994
3635,Klali (New Earth),Public Identity,Good Characters,Unknown or None,Unknown or None,Living Characters,5,"1994, June",1994
3636,Solomon Wayne (New Earth),Public Identity,Good Characters,Unknown or None,Unknown or None,Deceased Characters,5,"1992, February",1992
3637,Sazu (New Earth),Public Identity,Good Characters,Unknown or None,Unknown or None,Living Characters,5,"1989, September",1989
3638,Quaar (New Earth),Public Identity,Good Characters,Unknown or None,Unknown or None,Living Characters,5,"1985, February",1985
3639,Cecil Sunbeam (New Earth),Public Identity,Good Characters,Unknown or None,Unknown or None,Living Characters,5,"1975, May",1975
3640,All-Widow (New Earth),Public Identity,Good Characters,Unknown or None,Unknown or None,Living Characters,5,"1972, July",1972
3641,Eric Russell (New Earth),Public Identity,Good Characters,Unknown or None,Unknown or None,Living Characters,5,"1971, February",1971
3642,Fran Russell (New Earth),Public Identity,Good Characters,Unknown or None,Unknown or None,Living Characters,5,"1971, February",1971
3643,Canary (New Earth),Public Identity,Good Characters,Unknown or None,Unknown or None,Living Characters,5,"1963, October",1963
3644,Rava (New Earth),Public Identity,Good Characters,Unknown or None,White Hair,Deceased Characters,5,"2004, April",2004
3645,Mortimer Wackey (New Earth),Public Identity,Good Characters,Unknown or None,White Hair,Living Characters,5,"1941, June",1941
3646,Jeremy Baxter (New Earth),Public Identity,Neutral Characters,Unknown or None,Black Hair,Living Characters,5,"1994, December",1994
3647,Scott Spencer (New Earth),Public Identity,Neutral Characters,Unknown or None,Black Hair,Living Characters,5,,
3648,Violet Robinson (New Earth),Public Identity,Neutral Characters,Unknown or None,Blond Hair,Living Characters,5,"2006, August",2006
3649,Michelle Torres (New Earth),Public Identity,Neutral Characters,Unknown or None,Brown Hair,Living Characters,5,"2005, February",2005
3650,Victor Zehrhard (New Earth),Public Identity,Neutral Characters,Unknown or None,Unknown or None,Living Characters,5,"1994, March",1994
3651,Thelma Gordon (New Earth),Public Identity,Neutral Characters,Unknown or None,Unknown or None,Deceased Characters,5,"1987, November",1987
3652,Claire Foster (New Earth),Public Identity,Unknown or None,Unknown or None,Black Hair,Living Characters,5,"2002, January",2002
3653,Jeremy Barlow (New Earth),Public Identity,Unknown or None,Unknown or None,Black Hair,Living Characters,5,"2002, May",2002
3654,Matthew Michaelis (New Earth),Public Identity,Unknown or None,Unknown or None,Brown Hair,Deceased Characters,5,"1987, March",1987
3655,Corky Charles (New Earth),Public Identity,Unknown or None,Unknown or None,White Hair,Living Characters,5,"2006, May",2006
3656,Doctor Caligan (New Earth),Secret Identity,Bad Characters,Unknown or None,Black Hair,Living Characters,5,"2010, December",2010
3657,Green Ghoul (New Earth),Secret Identity,Bad Characters,Unknown or None,Black Hair,Living Characters,5,"2010, April",2010
3658,Ugly Man (New Earth),Secret Identity,Bad Characters,Unknown or None,Black Hair,Deceased Characters,5,"2009, December",2009
3659,Jia (New Earth),Secret Identity,Bad Characters,Unknown or None,Black Hair,Living Characters,5,"2007, May",2007
3660,Ariadne of Knossos (New Earth),Secret Identity,Bad Characters,Unknown or None,Black Hair,Deceased Characters,5,"1989, August",1989
3661,Minister Blizzard (New Earth),Secret Identity,Bad Characters,Unknown or None,Black Hair,Living Characters,5,"1948, May",1948
3662,Jackal III (New Earth),Secret Identity,Bad Characters,Unknown or None,Blond Hair,Living Characters,5,"2010, March",2010
3663,Seductress (New Earth),Secret Identity,Bad Characters,Unknown or None,Blond Hair,Living Characters,5,"2009, August",2009
3664,Embargo (New Earth),Secret Identity,Bad Characters,Unknown or None,Blond Hair,Living Characters,5,"2006, November",2006
3665,Hummingbird (New Earth),Secret Identity,Bad Characters,Unknown or None,Blond Hair,Living Characters,5,"2005, May",2005
3666,Emma Connors (New Earth),Secret Identity,Bad Characters,Unknown or None,Blond Hair,Deceased Characters,5,"1999, April",1999
3667,Chillblaine IV (New Earth),Secret Identity,Bad Characters,Unknown or None,Blond Hair,Deceased Characters,5,"1996, April",1996
3668,Mayfly (New Earth),Secret Identity,Bad Characters,Unknown or None,Blond Hair,Deceased Characters,5,"1993, September",1993
3669,Dela Pharon (New Earth),Secret Identity,Bad Characters,Unknown or None,Blond Hair,Living Characters,5,"1965, December",1965
3670,Milton Kroft (New Earth),Secret Identity,Bad Characters,Unknown or None,Brown Hair,Living Characters,5,"2010, February",2010
3671,Gangly Man (New Earth),Secret Identity,Bad Characters,Unknown or None,Brown Hair,Living Characters,5,"2008, June",2008
3672,Thomas Larson (New Earth),Secret Identity,Bad Characters,Unknown or None,Brown Hair,Living Characters,5,"2007, April",2007
3673,Lasso (New Earth),Secret Identity,Bad Characters,Unknown or None,Brown Hair,Living Characters,5,"2005, May",2005
3674,Clete Jenkins (New Earth),Secret Identity,Bad Characters,Unknown or None,Brown Hair,Living Characters,5,"1994, April",1994
3675,Alexander Wyvern (New Earth),Secret Identity,Bad Characters,Unknown or None,Brown Hair,Deceased Characters,5,"1989, October",1989
3676,Elmer Pane (New Earth),Secret Identity,Bad Characters,Unknown or None,Brown Hair,Living Characters,5,"1943, August",1943
3677,Kaliber (New Earth),Secret Identity,Bad Characters,Unknown or None,Red Hair,Living Characters,5,"1992, April",1992
3678,Badb (New Earth),Secret Identity,Bad Characters,Unknown or None,Red Hair,Living Characters,5,"1988, September",1988
3679,Clement Tyme (New Earth),Secret Identity,Bad Characters,Unknown or None,Red Hair,Living Characters,5,"1976, January",1976
3680,Bedbug (New Earth),Secret Identity,Bad Characters,Unknown or None,Unknown or None,Living Characters,5,"2011, January",2011
3681,Black Python (New Earth),Secret Identity,Bad Characters,Unknown or None,Unknown or None,Living Characters,5,"2011, January",2011
3682,Charles Lane II (New Earth),Secret Identity,Bad Characters,Unknown or None,Unknown or None,Living Characters,5,"2011, January",2011
3683,Doctor Chaos (New Earth),Secret Identity,Bad Characters,Unknown or None,Unknown or None,Living Characters,5,"2011, February",2011
3684,Geomancer II (New Earth),Secret Identity,Bad Characters,Unknown or None,Unknown or None,Living Characters,5,"2010, March",2010
3685,Mind Bullet (New Earth),Secret Identity,Bad Characters,Unknown or None,Unknown or None,Living Characters,5,"2008, June",2008
3686,Pierrot Lunaire (New Earth),Secret Identity,Bad Characters,Unknown or None,Unknown or None,Living Characters,5,"2008, June",2008
3687,Tuatara II (New Earth),Secret Identity,Bad Characters,Unknown or None,Unknown or None,Living Characters,5,"2008, June",2008
3688,Josef Muller (New Earth),Secret Identity,Bad Characters,Unknown or None,Unknown or None,Living Characters,5,"2006, September",2006
3689,Mister Nitro (New Earth),Secret Identity,Bad Characters,Unknown or None,Unknown or None,Living Characters,5,"2006, June",2006
3690,Nuclear (New Earth),Secret Identity,Bad Characters,Unknown or None,Unknown or None,Living Characters,5,"2006, June",2006
3691,Tremor (New Earth),Secret Identity,Bad Characters,Unknown or None,Unknown or None,Living Characters,5,"2005, October",2005
3692,Headhunter II (New Earth),Secret Identity,Bad Characters,Unknown or None,Unknown or None,Living Characters,5,"2003, November",2003
3693,Nicholas Kazantkakis (New Earth),Secret Identity,Bad Characters,Unknown or None,Unknown or None,Deceased Characters,5,"2002, October",2002
3694,Bounty II (New Earth),Secret Identity,Bad Characters,Unknown or None,Unknown or None,Living Characters,5,"2000, September",2000
3695,Anthony Gambi (New Earth),Secret Identity,Bad Characters,Unknown or None,Unknown or None,Living Characters,5,"1999, November",1999
3696,Tumult (New Earth),Secret Identity,Bad Characters,Unknown or None,Unknown or None,Living Characters,5,"1998, December",1998
3697,Body Count (New Earth),Secret Identity,Bad Characters,Unknown or None,Unknown or None,Deceased Characters,5,"1995, August",1995
3698,Stinger II (New Earth),Secret Identity,Bad Characters,Unknown or None,Unknown or None,Living Characters,5,"1993, July",1993
3699,Metamorpheus (New Earth),Secret Identity,Bad Characters,Unknown or None,Unknown or None,Deceased Characters,5,"1992, April",1992
3700,Pathfinder (New Earth),Secret Identity,Bad Characters,Unknown or None,Unknown or None,Deceased Characters,5,"1992, April",1992
3701,Repo (New Earth),Secret Identity,Bad Characters,Unknown or None,Unknown or None,Living Characters,5,"1992, July",1992
3702,Maxwell Cort (New Earth),Secret Identity,Bad Characters,Unknown or None,Unknown or None,Deceased Characters,5,"1990, September",1990
3703,Djinn (New Earth),Secret Identity,Bad Characters,Unknown or None,Unknown or None,Living Characters,5,"1987, May",1987
3704,Silver Scarab II (New Earth),Secret Identity,Bad Characters,Unknown or None,Unknown or None,Deceased Characters,5,"1987, September",1987
3705,Burt Weston (New Earth),Secret Identity,Bad Characters,Unknown or None,Unknown or None,Deceased Characters,5,"1986, May",1986
3706,Cossack the Dark Rider (New Earth),Secret Identity,Bad Characters,Unknown or None,Unknown or None,Living Characters,5,"1986, March",1986
3707,Nox (New Earth),Secret Identity,Bad Characters,Unknown or None,Unknown or None,Deceased Characters,5,"1984, October",1984
3708,David Drayson (New Earth),Secret Identity,Bad Characters,Unknown or None,Unknown or None,Deceased Characters,5,"1977, May",1977
3709,Edward Burke (New Earth),Secret Identity,Bad Characters,Unknown or None,Unknown or None,Living Characters,5,"1961, October",1961
3710,Chien Na Wei (New Earth),Secret Identity,Bad Characters,Unknown or None,White Hair,Living Characters,5,"2007, October",2007
3711,Elemental Woman (New Earth),Secret Identity,Bad Characters,Unknown or None,White Hair,Living Characters,5,"1987, July",1987
3712,Dennis Ennis (New Earth),Secret Identity,Good Characters,Unknown or None,Black Hair,Deceased Characters,5,"2010, December",2010
3713,Richard Beren (New Earth),Secret Identity,Good Characters,Unknown or None,Black Hair,Living Characters,5,"2005, May",2005
3714,Slingshot (New Earth),Secret Identity,Good Characters,Unknown or None,Black Hair,Living Characters,5,1993,1993
3715,Major Victory III (New Earth),Secret Identity,Good Characters,Unknown or None,Blond Hair,Deceased Characters,5,"2006, June",2006
3716,Jennifer Fletcher (New Earth),Secret Identity,Good Characters,Unknown or None,Blond Hair,Living Characters,5,"1992, August",1992
3717,Ernest Earnest (New Earth),Secret Identity,Good Characters,Unknown or None,Brown Hair,Living Characters,5,"1991, March",1991
3718,Paul Kirk III (New Earth),Secret Identity,Good Characters,Unknown or None,Brown Hair,Deceased Characters,5,"1976, June",1976
3719,Sara Butters (New Earth),Secret Identity,Good Characters,Unknown or None,Unknown or None,Living Characters,5,"2011, April",2011
3720,Kieran Marshall (New Earth),Secret Identity,Good Characters,Unknown or None,Unknown or None,Living Characters,5,"2007, February",2007
3721,Anointed One (New Earth),Secret Identity,Good Characters,Unknown or None,Unknown or None,Deceased Characters,5,"2002, October",2002
3722,Sela (New Earth),Secret Identity,Good Characters,Unknown or None,Unknown or None,Living Characters,5,"2002, October",2002
3723,Rot Lop Fan (New Earth),Secret Identity,Good Characters,Unknown or None,Unknown or None,Living Characters,5,1987,1987
3724,Violet (New Earth),Secret Identity,Neutral Characters,Unknown or None,Red Hair,Living Characters,5,"2008, March",2008
3725,Anthony Hartzell (New Earth),Secret Identity,Neutral Characters,Unknown or None,Unknown or None,Living Characters,5,"2002, May",2002
3726,Terataya (New Earth),Secret Identity,Unknown or None,Unknown or None,Unknown or None,Deceased Characters,5,"1968, June",1968
3727,Auerbach (New Earth),Secret Identity,Unknown or None,Unknown or None,Brown Hair,Living Characters,5,,
3728,Elder Martin (New Earth),Unknown,Bad Characters,Unknown or None,Black Hair,Living Characters,5,"1988, April",1988
3729,Weaver (New Earth),Unknown,Bad Characters,Unknown or None,Black Hair,Living Characters,5,"1988, June",1988
3730,Osira (New Earth),Unknown,Bad Characters,Unknown or None,Black Hair,Living Characters,5,"1977, May",1977
3731,Enchantress (Prime Earth),Unknown,Bad Characters,Unknown or None,Brown Hair,Living Characters,5,"2011, November",2011
3732,Sami Mousawi (New Earth),Unknown,Bad Characters,Unknown or None,Brown Hair,Deceased Characters,5,"2011, April",2011
3733,Michael Boyd (New Earth),Unknown,Bad Characters,Unknown or None,Brown Hair,Deceased Characters,5,"1988, March",1988
3734,Willis Todd (New Earth),Unknown,Bad Characters,Unknown or None,Brown Hair,Living Characters,5,"1987, July",1987
3735,Mallow (New Earth),Unknown,Bad Characters,Unknown or None,Grey Hair,Living Characters,5,"2007, August",2007
3736,Hans Gerlicht (New Earth),Unknown,Bad Characters,Unknown or None,Unknown or None,Living Characters,5,"2010, January",2010
3737,Konvikt (New Earth),Unknown,Bad Characters,Unknown or None,Unknown or None,Living Characters,5,"2008, June",2008
3738,Pharyngula (New Earth),Unknown,Bad Characters,Unknown or None,Unknown or None,Living Characters,5,"2007, June",2007
3739,Scivor (New Earth),Unknown,Bad Characters,Unknown or None,Unknown or None,Living Characters,5,"2007, August",2007
3740,Snap Trap (New Earth),Unknown,Bad Characters,Unknown or None,Unknown or None,Living Characters,5,"2007, August",2007
3741,Stanch (New Earth),Unknown,Bad Characters,Unknown or None,Unknown or None,Living Characters,5,"2007, August",2007
3742,King of Spades V (New Earth),Unknown,Bad Characters,Unknown or None,Unknown or None,Living Characters,5,"2005, October",2005
3743,Curse (New Earth),Unknown,Bad Characters,Unknown or None,Unknown or None,Living Characters,5,"2003, October",2003
3744,Dale Biggler (New Earth),Unknown,Bad Characters,Unknown or None,Unknown or None,Living Characters,5,"1998, December",1998
3745,Green Cigarette (New Earth),Unknown,Bad Characters,Unknown or None,Unknown or None,Living Characters,5,"1998, June",1998
3746,Killa (New Earth),Unknown,Bad Characters,Unknown or None,Unknown or None,Living Characters,5,"1998, April",1998
3747,Suit (New Earth),Unknown,Bad Characters,Unknown or None,Unknown or None,Living Characters,5,"1997, October",1997
3748,Narcosis (New Earth),Unknown,Bad Characters,Unknown or None,Unknown or None,Deceased Characters,5,"1996, May",1996
3749,Kingdom (New Earth),Unknown,Bad Characters,Unknown or None,Unknown or None,Deceased Characters,5,"1994, October",1994
3750,Romana Vrezhenski (New Earth),Unknown,Bad Characters,Unknown or None,Unknown or None,Living Characters,5,"1994, December",1994
3751,Scarabus (New Earth),Unknown,Bad Characters,Unknown or None,Unknown or None,Living Characters,5,"1994, September",1994
3752,Brute III (New Earth),Unknown,Bad Characters,Unknown or None,Unknown or None,Living Characters,5,"1993, August",1993
3753,Xiuhtecutli (New Earth),Unknown,Bad Characters,Unknown or None,Unknown or None,Living Characters,5,"1993, October",1993
3754,Antagon (New Earth),Unknown,Bad Characters,Unknown or None,Unknown or None,Living Characters,5,"1991, March",1991
3755,Chessure (New Earth),Unknown,Bad Characters,Unknown or None,Unknown or None,Living Characters,5,"1991, February",1991
3756,Legion (New Earth),Unknown,Bad Characters,Unknown or None,Unknown or None,Living Characters,5,"1990, January",1990
3757,Red Jack (New Earth),Unknown,Bad Characters,Unknown or None,Unknown or None,Deceased Characters,5,"1989, June",1989
3758,Echidna (New Earth),Unknown,Bad Characters,Unknown or None,Unknown or None,Deceased Characters,5,"1987, December",1987
3759,Invunche (New Earth),Unknown,Bad Characters,Unknown or None,Unknown or None,Living Characters,5,"1985, June",1985
3760,Chaon (New Earth),Unknown,Bad Characters,Unknown or None,Unknown or None,Living Characters,5,"1984, November",1984
3761,Vengeance (New Earth),Unknown,Bad Characters,Unknown or None,Unknown or None,Deceased Characters,5,"1984, December",1984
3762,Silhouette (New Earth),Unknown,Bad Characters,Unknown or None,Unknown or None,Living Characters,5,"1982, December",1982
3763,Dunya Mishkin (New Earth),Unknown,Bad Characters,Unknown or None,Unknown or None,Deceased Characters,5,"1981, June",1981
3764,Lyle Corley (New Earth),Unknown,Bad Characters,Unknown or None,Unknown or None,Deceased Characters,5,"1979, February",1979
3765,Roger Romaine (New Earth),Unknown,Bad Characters,Unknown or None,Unknown or None,Living Characters,5,"1979, October",1979
3766,Doc Dread (New Earth),Unknown,Bad Characters,Unknown or None,Unknown or None,Deceased Characters,5,"1966, October",1966
3767,Maxwell Tremaine (New Earth),Unknown,Bad Characters,Unknown or None,White Hair,Deceased Characters,5,"1965, March",1965
3768,Whaler (New Earth),Unknown,Good Characters,Unknown or None,Black Hair,Living Characters,5,"2002, October",2002
3769,Venelia (New Earth),Unknown,Good Characters,Unknown or None,Black Hair,Living Characters,5,"1994, November",1994
3770,Stanley Merkel (New Earth),Unknown,Good Characters,Unknown or None,Black Hair,Deceased Characters,5,"1987, March",1987
3771,Phthia (New Earth),Unknown,Good Characters,Unknown or None,Blond Hair,Deceased Characters,5,1988,1988
3772,Jerry Hennelly (New Earth),Unknown,Good Characters,Unknown or None,Brown Hair,Living Characters,5,"2000, March",2000
3773,Bruno (New Earth),Unknown,Good Characters,Unknown or None,Brown Hair,Living Characters,5,"1999, April",1999
3774,David Palmer (New Earth),Unknown,Good Characters,Unknown or None,Brown Hair,Deceased Characters,5,"1988, December",1988
3775,Henry Evans (New Earth),Unknown,Good Characters,Unknown or None,Brown Hair,Living Characters,5,"1984, January",1984
3776,Lashorr (New Earth),Unknown,Good Characters,Unknown or None,Red Hair,Living Characters,5,"2006, July",2006
3777,Mallory Moxon (New Earth),Unknown,Good Characters,Unknown or None,Red Hair,Living Characters,5,"2001, July",2001
3778,Thomas McFadden (New Earth),Unknown,Good Characters,Unknown or None,Red Hair,Living Characters,5,"1999, April",1999
3779,Julia of Daxam (New Earth),Unknown,Good Characters,Unknown or None,Red Hair,Living Characters,5,"1992, November",1992
3780,Krista X (New Earth),Unknown,Good Characters,Unknown or None,Red Hair,Living Characters,5,"1983, July",1983
3781,Rori Dag (New Earth),Unknown,Good Characters,Unknown or None,Red Hair,Deceased Characters,5,"1969, March",1969
3782,Cydippe (New Earth),Unknown,Good Characters,Unknown or None,Strawberry Blond Hair,Living Characters,5,"1991, January",1991
3783,Abraham Arlington (New Earth),Unknown,Good Characters,Unknown or None,Unknown or None,Living Characters,5,"2009, May",2009
3784,Beni Sholin (New Earth),Unknown,Good Characters,Unknown or None,Unknown or None,Living Characters,5,"2005, November",2005
3785,Goraiko (New Earth),Unknown,Good Characters,Unknown or None,Unknown or None,Living Characters,5,"1999, February",1999
3786,Taa (New Earth),Unknown,Good Characters,Unknown or None,Unknown or None,Living Characters,5,1996,1996
3787,Dybbuk (New Earth),Unknown,Good Characters,Unknown or None,Unknown or None,Living Characters,5,"1990, September",1990
3788,Sara Furness (New Earth),Unknown,Good Characters,Unknown or None,Unknown or None,Living Characters,5,"1990, August",1990
3789,Grace Guiness (New Earth),Unknown,Good Characters,Unknown or None,Unknown or None,Living Characters,5,"1988, March",1988
3790,Collective (New Earth),Unknown,Good Characters,Unknown or None,Unknown or None,Living Characters,5,1987,1987
3791,Tylot (New Earth),Unknown,Good Characters,Unknown or None,Unknown or None,Deceased Characters,5,"1981, May",1981
3792,Racer the Horse (New Earth),Unknown,Good Characters,Unknown or None,Unknown or None,Deceased Characters,5,"1948, February",1948
3793,Robbie the Robot Dog (New Earth),Unknown,Good Characters,Unknown or None,Unknown or None,Living Characters,5,"1944, February",1944
3794,"Diana, Goddess of the Hunt (New Earth)",Unknown,Good Characters,Unknown or None,Unknown or None,Living Characters,5,,
3795,Gregory the Gargoyle (New Earth),Unknown,Good Characters,Unknown or None,Unknown or None,Living Characters,5,,
3796,Minerva (Roman Goddess) (New Earth),Unknown,Good Characters,Unknown or None,Unknown or None,Living Characters,5,,
3797,Remnant Nod (New Earth),Unknown,Good Characters,Unknown or None,White Hair,Deceased Characters,5,"1983, November",1983
3798,Wilson Klass (New Earth),Unknown,Neutral Characters,Unknown or None,Grey Hair,Living Characters,5,"1990, September",1990
3799,Mustang Suzy (New Earth),Unknown,Neutral Characters,Unknown or None,Red Hair,Living Characters,5,"1992, November",1992
3800,Cron One-Eye (New Earth),Unknown,Neutral Characters,Unknown or None,Unknown or None,Living Characters,5,"1994, January",1994
3801,Hawkgod (New Earth),Unknown,Neutral Characters,Unknown or None,Unknown or None,Living Characters,5,"1994, May",1994
3802,Talaoc (New Earth),Unknown,Neutral Characters,Unknown or None,Unknown or None,Living Characters,5,"1988, May",1988
3803,Word (New Earth),Unknown,Unknown or None,Unknown or None,Unknown or None,Living Characters,5,"1994, October",1994
3804,Les Perdu (New Earth),Unknown,Unknown or None,Unknown or None,Unknown or None,Living Characters,5,"1991, July",1991
3805,Mitsu-Bishi (New Earth),Unknown,Unknown or None,Unknown or None,Unknown or None,Living Characters,5,"1986, July",1986
3806,Noh-Tante (New Earth),Unknown,Unknown or None,Unknown or None,Unknown or None,Living Characters,5,"1977, December",1977
3807,Peter the Puffer Fish (New Earth),Unknown,Unknown or None,Unknown or None,Unknown or None,Living Characters,5,"1960, March",1960
3808,Worla (New Earth),Unknown,Unknown or None,Unknown or None,Unknown or None,Living Characters,5,"1946, May",1946
3809,Maria Montez (New Earth),Unknown,Unknown or None,Unknown or None,Unknown or None,Living Characters,5,,
3810,Juan Vallambrosa (New Earth),Unknown,Unknown or None,Unknown or None,Black Hair,Living Characters,5,"1965, April",1965
3811,Doctor Hutcheson (New Earth),Unknown,Unknown or None,Unknown or None,Brown Hair,Deceased Characters,5,"1994, February",1994
3812,Jessica Jordan (New Earth),Unknown,Unknown or None,Unknown or None,Brown Hair,Deceased Characters,5,"1994, January",1994
3813,Spought (New Earth),Unknown,Unknown or None,Unknown or None,Grey Hair,Living Characters,5,"1996, July",1996
3814,Conrad Bortz (New Earth),Unknown,Unknown or None,Unknown or None,Red Hair,Living Characters,5,"1987, November",1987
3815,Enkafos (New Earth),Public Identity,Bad Characters,White Eyes,Unknown or None,Deceased Characters,5,"2007, September",2007
3816,Horku (New Earth),Public Identity,Bad Characters,White Eyes,Unknown or None,Deceased Characters,5,"2007, August",2007
3817,Kirtan-Rodd (New Earth),Public Identity,Bad Characters,White Eyes,Unknown or None,Living Characters,5,"1990, March",1990
3818,Rocky (New Earth),Public Identity,Good Characters,White Eyes,Unknown or None,Living Characters,5,"2009, November",2009
3819,Nuliajuk (New Earth),Secret Identity,Bad Characters,White Eyes,Black Hair,Living Characters,5,"1994, February",1994
3820,Mary Tanner (New Earth),Secret Identity,Bad Characters,White Eyes,Red Hair,Living Characters,5,"2001, December",2001
3821,Whiteout (New Earth),Secret Identity,Bad Characters,White Eyes,White Hair,Living Characters,5,"1986, June",1986
3822,Agamemno (New Earth),Secret Identity,Unknown or None,White Eyes,Unknown or None,Living Characters,5,"2000, July",2000
3823,Goliath (New Earth),Unknown,Bad Characters,White Eyes,Brown Hair,Living Characters,5,"2010, January",2010
3824,Feng Po Impostor (New Earth),Unknown,Neutral Characters,White Eyes,Unknown or None,Deceased Characters,5,"2010, January",2010
3825,Madolyn Corbett (New Earth),Unknown,Neutral Characters,Auburn Hair,Unknown or None,Deceased Characters,4,"1995, April",1995
3826,Lawrence Loman (New Earth),Public Identity,Bad Characters,Black Eyes,Black Hair,Living Characters,4,"1983, March",1983
3827,Tracker (New Earth),Public Identity,Bad Characters,Black Eyes,Brown Hair,Deceased Characters,4,"1989, September",1989
3828,Angelo Mirti (New Earth),Public Identity,Bad Characters,Black Eyes,Grey Hair,Deceased Characters,4,"1999, December",1999
3829,Heggra (New Earth),Public Identity,Bad Characters,Black Eyes,Red Hair,Living Characters,4,"1972, March",1972
3830,Jacob Freeman (New Earth),Public Identity,Good Characters,Black Eyes,Grey Hair,Deceased Characters,4,"1995, May",1995
3831,Merlin the Leopard (New Earth),Public Identity,Good Characters,Black Eyes,Unknown or None,Living Characters,4,"1982, July",1982
3832,"Fred Farrell, Jr. (New Earth)",Public Identity,Good Characters,Black Eyes,Unknown or None,Living Characters,4,"1956, April",1956
3833,Funnel (New Earth),Secret Identity,Bad Characters,Black Eyes,Black Hair,Living Characters,4,"2010, February",2010
3834,Khea Taramka (New Earth),Secret Identity,Bad Characters,Black Eyes,Black Hair,Living Characters,4,"2010, October",2010
3835,Titus (New Earth),Secret Identity,Bad Characters,Black Eyes,Black Hair,Deceased Characters,4,"2008, March",2008
3836,Ashok Desai (New Earth),Secret Identity,Bad Characters,Black Eyes,Black Hair,Deceased Characters,4,"1987, October",1987
3837,Morax (New Earth),Secret Identity,Bad Characters,Black Eyes,Brown Hair,Living Characters,4,"1990, July",1990
3838,Delores Stebbins (New Earth),Secret Identity,Bad Characters,Black Eyes,Red Hair,Living Characters,4,"2011, February",2011
3839,Carlo Calzone (New Earth),Secret Identity,Bad Characters,Black Eyes,Red Hair,Living Characters,4,"2008, June",2008
3840,Bizarro Lex Luthor (New Earth),Secret Identity,Bad Characters,Black Eyes,Unknown or None,Living Characters,4,"2007, November",2007
3841,Face (New Earth),Secret Identity,Bad Characters,Black Eyes,Unknown or None,Living Characters,4,"1993, August",1993
3842,Dusan al Ghul (New Earth),Secret Identity,Bad Characters,Black Eyes,White Hair,Deceased Characters,4,"2007, October",2007
3843,Ri (New Earth),Secret Identity,Good Characters,Black Eyes,Black Hair,Living Characters,4,"2011, February",2011
3844,Elias Stone (New Earth),Secret Identity,Good Characters,Black Eyes,Black Hair,Living Characters,4,"2007, April",2007
3845,Kusanagi (New Earth),Secret Identity,Good Characters,Black Eyes,Grey Hair,Living Characters,4,"2008, July",2008
3846,Mas y Menos (New Earth),Secret Identity,Good Characters,Black Eyes,Unknown or None,Living Characters,4,"2006, September",2006
3847,Promise (New Earth),Secret Identity,Neutral Characters,Black Eyes,Blond Hair,Living Characters,4,"2011, February",2011
3848,Myrrt (New Earth),Secret Identity,Unknown or None,Black Eyes,Brown Hair,Deceased Characters,4,"2006, August",2006
3849,Wrynn (New Earth),Public Identity,Bad Characters,Blue Eyes,Black Hair,Deceased Characters,4,"1987, November",1987
3850,Ariadne Pinxit (New Earth),Public Identity,Bad Characters,Blue Eyes,Blond Hair,Living Characters,4,"2002, December",2002
3851,Archer Braun (New Earth),Public Identity,Bad Characters,Blue Eyes,Blond Hair,Living Characters,4,"1996, September",1996
3852,Arnold Flass (New Earth),Public Identity,Bad Characters,Blue Eyes,Blond Hair,Deceased Characters,4,"1987, February",1987
3853,Lady Zand (New Earth),Public Identity,Bad Characters,Blue Eyes,Brown Hair,Living Characters,4,"2002, December",2002
3854,Mrs. Gradenko (New Earth),Public Identity,Bad Characters,Blue Eyes,Grey Hair,Living Characters,4,"1991, June",1991
3855,Mark Meachum (New Earth),Public Identity,Bad Characters,Blue Eyes,Unknown or None,Living Characters,4,"1998, August",1998
3856,Shadrack Hightower (New Earth),Public Identity,Bad Characters,Blue Eyes,White Hair,Deceased Characters,4,"1988, March",1988
3857,John Oakes (New Earth),Public Identity,Good Characters,Blue Eyes,Black Hair,Living Characters,4,"1993, July",1993
3858,Anne Pasquale (New Earth),Public Identity,Good Characters,Blue Eyes,Black Hair,Living Characters,4,"1986, September",1986
3859,Therestra (New Earth),Public Identity,Good Characters,Blue Eyes,Blond Hair,Living Characters,4,"2011, January",2011
3860,Thomas Tomorrow (New Earth),Public Identity,Good Characters,Blue Eyes,Blond Hair,Living Characters,4,"2010, May",2010
3861,Alexander Ferguson (New Earth),Public Identity,Good Characters,Blue Eyes,Blond Hair,Deceased Characters,4,"2006, August",2006
3862,Cricket Kelly (New Earth),Public Identity,Good Characters,Blue Eyes,Blond Hair,Living Characters,4,"1994, July",1994
3863,Johanna Constantine (New Earth),Public Identity,Good Characters,Blue Eyes,Blond Hair,Living Characters,4,"1990, February",1990
3864,Stanislaus Drozdowski (New Earth),Public Identity,Good Characters,Blue Eyes,Blond Hair,Deceased Characters,4,"1988, March",1988
3865,Dawn Golden (New Earth),Public Identity,Good Characters,Blue Eyes,Red Hair,Deceased Characters,4,"2011, January",2011
3866,Heller (New Earth),Public Identity,Good Characters,Blue Eyes,Red Hair,Living Characters,4,"1969, October",1969
3867,Nicholas Hunter (New Earth),Public Identity,Good Characters,Blue Eyes,Red Hair,Living Characters,4,"1966, April",1966
3868,Regin (New Earth),Public Identity,Good Characters,Blue Eyes,Unknown or None,Living Characters,4,"1990, June",1990
3869,Ghrelk (New Earth),Public Identity,Good Characters,Blue Eyes,Unknown or None,Deceased Characters,4,1986,1986
3870,Joseph Potato (New Earth),Public Identity,Good Characters,Blue Eyes,White Hair,Living Characters,4,"1989, January",1989
3871,Wayne Clifford (New Earth),Public Identity,Unknown or None,Blue Eyes,Blond Hair,Living Characters,4,"1978, January",1978
3872,Fel Andar (New Earth),Secret Identity,Bad Characters,Blue Eyes,Black Hair,Deceased Characters,4,"1992, April",1992
3873,Mark Sunderland (New Earth),Secret Identity,Bad Characters,Blue Eyes,Blond Hair,Living Characters,4,"2009, December",2009
3874,Shiv II (New Earth),Secret Identity,Bad Characters,Blue Eyes,Blond Hair,Living Characters,4,"1995, April",1995
3875,Mind Games (New Earth),Secret Identity,Bad Characters,Blue Eyes,Blond Hair,Living Characters,4,"1988, July",1988
3876,Strobe (New Earth),Secret Identity,Bad Characters,Blue Eyes,Brown Hair,Living Characters,4,"1988, October",1988
3877,Sidearm (New Earth),Secret Identity,Bad Characters,Blue Eyes,Red Hair,Deceased Characters,4,"1994, February",1994
3878,Ubermensch II (New Earth),Secret Identity,Bad Characters,Blue Eyes,Unknown or None,Deceased Characters,4,"2003, June",2003
3879,Alan Armstrong (New Earth),Secret Identity,Good Characters,Blue Eyes,Black Hair,Living Characters,4,"1995, October",1995
3880,Byakko (New Earth),Secret Identity,Good Characters,Blue Eyes,White Hair,Living Characters,4,"2002, March",2002
3881,Talon (Earth-3),Secret Identity,Neutral Characters,Blue Eyes,Black Hair,Living Characters,4,"2006, September",2006
3882,Vohc (New Earth),Secret Identity,Unknown or None,Blue Eyes,Unknown or None,Deceased Characters,4,"2010, April",2010
3883,Judith Benoir (New Earth),Secret Identity,Unknown or None,Blue Eyes,Red Hair,Living Characters,4,"2003, June",2003
3884,Jacob Bernstein (New Earth),Unknown,Bad Characters,Blue Eyes,Blond Hair,Living Characters,4,"1995, December",1995
3885,Raymond Kessler (New Earth),Unknown,Bad Characters,Blue Eyes,Brown Hair,Living Characters,4,"1994, December",1994
3886,Michael Beldon (New Earth),Unknown,Bad Characters,Blue Eyes,Brown Hair,Living Characters,4,"1982, June",1982
3887,Delbert Billings (New Earth),Unknown,Bad Characters,Blue Eyes,Brown Hair,Deceased Characters,4,"1966, December",1966
3888,Marlene Simmonds (New Earth),Unknown,Bad Characters,Blue Eyes,Green Hair,Living Characters,4,"1986, September",1986
3889,Fetch (New Earth),Unknown,Good Characters,Blue Eyes,Brown Hair,Living Characters,4,"2004, April",2004
3890,Samuel Gordon (New Earth),Unknown,Good Characters,Blue Eyes,Brown Hair,Living Characters,4,"1961, October",1961
3891,Ariella Kent (New Earth),Unknown,Good Characters,Blue Eyes,Red Hair,Living Characters,4,"1998, November",1998
3892,Scylla (New Earth),Unknown,Good Characters,Blue Eyes,Unknown or None,Deceased Characters,4,"1994, March",1994
3893,Lisa Sutton (New Earth),Unknown,Good Characters,Blue Eyes,Unknown or None,Living Characters,4,"1986, December",1986
3894,Xylpth (New Earth),Unknown,Good Characters,Blue Eyes,Unknown or None,Living Characters,4,"1982, April",1982
3895,Armitage Hawsley (New Earth),Public Identity,Bad Characters,Brown Eyes,Black Hair,Living Characters,4,"1997, December",1997
3896,Jefferson Skeevers (New Earth),Public Identity,Bad Characters,Brown Eyes,Black Hair,Living Characters,4,"1987, March",1987
3897,Claudio Volpe (New Earth),Public Identity,Bad Characters,Brown Eyes,Blond Hair,Living Characters,4,"1998, August",1998
3898,Samuel Yates (New Earth),Public Identity,Bad Characters,Brown Eyes,Brown Hair,Deceased Characters,4,"2000, May",2000
3899,Turk (New Earth),Public Identity,Bad Characters,Brown Eyes,Brown Hair,Living Characters,4,"2000, October",2000
3900,Craig Windrow (New Earth),Public Identity,Bad Characters,Brown Eyes,Brown Hair,Living Characters,4,"1997, October",1997
3901,Paul Christian (New Earth),Public Identity,Bad Characters,Brown Eyes,Brown Hair,Living Characters,4,"1995, September",1995
3902,Death Mayhew (New Earth),Public Identity,Bad Characters,Brown Eyes,Brown Hair,Deceased Characters,4,"1988, March",1988
3903,Edward Earhart (New Earth),Public Identity,Bad Characters,Brown Eyes,Brown Hair,Living Characters,4,"1978, March",1978
3904,Alexander Burgess (New Earth),Public Identity,Bad Characters,Brown Eyes,Red Hair,Living Characters,4,"1989, January",1989
3905,Barack Obama (New Earth),Public Identity,Good Characters,Brown Eyes,Black Hair,Living Characters,4,"2011, July",2011
3906,Nell Little (New Earth),Public Identity,Good Characters,Brown Eyes,Black Hair,Living Characters,4,"2010, January",2010
3907,Nicole Morrison (New Earth),Public Identity,Good Characters,Brown Eyes,Black Hair,Living Characters,4,"2010, November",2010
3908,Ada LaBostrie (New Earth),Public Identity,Good Characters,Brown Eyes,Black Hair,Living Characters,4,"1988, November",1988
3909,Keng Quan Chee (New Earth),Public Identity,Good Characters,Brown Eyes,Black Hair,Living Characters,4,"1988, November",1988
3910,Jose Ramirez (New Earth),Public Identity,Good Characters,Brown Eyes,Black Hair,Living Characters,4,"1984, February",1984
3911,Alexi Kronsky (New Earth),Public Identity,Good Characters,Brown Eyes,Black Hair,Living Characters,4,"1978, December",1978
3912,Amina Franklin (New Earth),Public Identity,Good Characters,Brown Eyes,Brown Hair,Living Characters,4,"2007, January",2007
3913,Carla Marcus (New Earth),Public Identity,Good Characters,Brown Eyes,Brown Hair,Living Characters,4,"2005, May",2005
3914,Pandora II (New Earth),Public Identity,Good Characters,Brown Eyes,Brown Hair,Living Characters,4,"2005, September",2005
3915,Jeven Ognats (Post-Zero Hour),Public Identity,Good Characters,Brown Eyes,Brown Hair,Living Characters,4,"1994, October",1994
3916,Sarah Moss (New Earth),Public Identity,Good Characters,Brown Eyes,Brown Hair,Living Characters,4,"1989, January",1989
3917,"Richard Flag, Sr. (New Earth)",Public Identity,Good Characters,Brown Eyes,Brown Hair,Deceased Characters,4,"1987, May",1987
3918,Van-L (New Earth),Public Identity,Good Characters,Brown Eyes,Brown Hair,Living Characters,4,"1987, December",1987
3919,Marcia Long (New Earth),Public Identity,Good Characters,Brown Eyes,Brown Hair,Living Characters,4,"1983, February",1983
3920,Rafael Harris (New Earth),Public Identity,Neutral Characters,Brown Eyes,Black Hair,Living Characters,4,"1995, February",1995
3921,Carrie Phillips (New Earth),Public Identity,Neutral Characters,Brown Eyes,Black Hair,Living Characters,4,"1988, June",1988
3922,Pele (New Earth),Public Identity,Neutral Characters,Brown Eyes,Brown Hair,Living Characters,4,"2009, October",2009
3923,Mattie Harcourt (New Earth),Public Identity,Unknown or None,Brown Eyes,Black Hair,Living Characters,4,"1996, September",1996
3924,Marcy Reynolds (New Earth),Public Identity,Unknown or None,Brown Eyes,Black Hair,Deceased Characters,4,"1981, June",1981
3925,Alisa Adams (New Earth),Public Identity,Unknown or None,Brown Eyes,Brown Hair,Living Characters,4,"2010, June",2010
3926,Robert Gadling (New Earth),Public Identity,Unknown or None,Brown Eyes,Brown Hair,Living Characters,4,"1990, February",1990
3927,Zeddmore Washington (New Earth),Secret Identity,Bad Characters,Brown Eyes,Black Hair,Deceased Characters,4,"2009, August",2009
3928,Tally Man II (New Earth),Secret Identity,Bad Characters,Brown Eyes,Black Hair,Living Characters,4,"2006, June",2006
3929,Lucia (New Earth),Secret Identity,Bad Characters,Brown Eyes,Black Hair,Living Characters,4,"2005, July",2005
3930,Mad Dog (New Earth),Secret Identity,Bad Characters,Brown Eyes,Black Hair,Living Characters,4,"2005, October",2005
3931,Shock Trauma (New Earth),Secret Identity,Bad Characters,Brown Eyes,Black Hair,Deceased Characters,4,"2000, November",2000
3932,William Hayes (New Earth),Secret Identity,Bad Characters,Brown Eyes,Black Hair,Living Characters,4,"1999, January",1999
3933,Technician (New Earth),Secret Identity,Bad Characters,Brown Eyes,Black Hair,Living Characters,4,"1995, June",1995
3934,Razer (New Earth),Secret Identity,Bad Characters,Brown Eyes,Black Hair,Living Characters,4,"1993, November",1993
3935,Silken Spider (New Earth),Secret Identity,Bad Characters,Brown Eyes,Black Hair,Living Characters,4,"1966, June",1966
3936,Vitoria (New Earth),Secret Identity,Bad Characters,Brown Eyes,Brown Hair,Living Characters,4,"2009, December",2009
3937,Diviner (New Earth),Secret Identity,Bad Characters,Brown Eyes,Brown Hair,Living Characters,4,"2006, August",2006
3938,Saber (New Earth),Secret Identity,Bad Characters,Brown Eyes,Brown Hair,Living Characters,4,"2006, December",2006
3939,Sylvan Scofield (New Earth),Secret Identity,Bad Characters,Brown Eyes,Brown Hair,Living Characters,4,"2000, October",2000
3940,Roger Goldman (New Earth),Secret Identity,Bad Characters,Brown Eyes,Brown Hair,Deceased Characters,4,"1993, April",1993
3941,Incinderella (New Earth),Secret Identity,Bad Characters,Brown Eyes,Brown Hair,Living Characters,4,"1988, September",1988
3942,Richard Perignon (New Earth),Secret Identity,Bad Characters,Brown Eyes,Brown Hair,Deceased Characters,4,"1986, October",1986
3943,Bocor (New Earth),Secret Identity,Bad Characters,Brown Eyes,Unknown or None,Deceased Characters,4,"1994, December",1994
3944,Darla Dudley (New Earth),Secret Identity,Good Characters,Brown Eyes,Black Hair,Living Characters,4,"2011, July",2011
3945,Eugene Choi (New Earth),Secret Identity,Good Characters,Brown Eyes,Black Hair,Living Characters,4,"2011, July",2011
3946,Pedro Pe\u00f1a (New Earth),Secret Identity,Good Characters,Brown Eyes,Black Hair,Living Characters,4,"2011, July",2011
3947,Tsunami II (New Earth),Secret Identity,Good Characters,Brown Eyes,Black Hair,Living Characters,4,"1990, May",1990
3948,Amber II (New Earth),Secret Identity,Good Characters,Brown Eyes,Black Hair,Living Characters,4,"1985, March",1985
3949,James Slade (New Earth),Secret Identity,Good Characters,Brown Eyes,Black Hair,Deceased Characters,4,"1941, February",1941
3950,Tiffany Evans (Dakotaverse),Secret Identity,Good Characters,Brown Eyes,Brown Hair,Living Characters,4,"1993, November",1993
3951,Nasreen Samari (New Earth),Secret Identity,Neutral Characters,Brown Eyes,Black Hair,Living Characters,4,"2010, July",2010
3952,Kana (Earth-One),Secret Identity,Neutral Characters,Brown Eyes,Black Hair,Living Characters,4,"1981, August",1981
3953,Victor Gover (New Earth),Secret Identity,Unknown or None,Brown Eyes,Black Hair,Living Characters,4,"1989, September",1989
3954,Soldado (New Earth),Secret Identity,Unknown or None,Brown Eyes,Brown Hair,Deceased Characters,4,"2005, January",2005
3955,Ishtar (New Earth),Secret Identity,Unknown or None,Brown Eyes,Brown Hair,Living Characters,4,1981,1981
3956,Rena (New Earth),Unknown,Bad Characters,Brown Eyes,Black Hair,Living Characters,4,"2007, September",2007
3957,Miss Fear (New Earth),Unknown,Bad Characters,Brown Eyes,Black Hair,Living Characters,4,"1998, October",1998
3958,Madeline Giles (New Earth),Unknown,Bad Characters,Brown Eyes,Black Hair,Living Characters,4,"1994, April",1994
3959,Njara Kattuah (New Earth),Unknown,Bad Characters,Brown Eyes,Black Hair,Deceased Characters,4,"1994, March",1994
3960,Todd Oszechorski (New Earth),Unknown,Bad Characters,Brown Eyes,Blond Hair,Living Characters,4,"2001, December",2001
3961,Giuana (New Earth),Unknown,Bad Characters,Brown Eyes,Brown Hair,Deceased Characters,4,"2009, August",2009
3962,Sasha Lo (New Earth),Unknown,Good Characters,Brown Eyes,Black Hair,Living Characters,4,"2011, January",2011
3963,Nia (New Earth),Unknown,Good Characters,Brown Eyes,Black Hair,Living Characters,4,"2002, January",2002
3964,Sanjeet Bhatia (New Earth),Unknown,Good Characters,Brown Eyes,Black Hair,Living Characters,4,1993,1993
3965,Fernando Suarez (New Earth),Unknown,Good Characters,Brown Eyes,Black Hair,Living Characters,4,"1940, January",1940
3966,Bettie Reynolds (New Earth),Unknown,Good Characters,Brown Eyes,Blond Hair,Living Characters,4,"2009, December",2009
3967,Lucas Terrel (New Earth),Unknown,Good Characters,Brown Eyes,Brown Hair,Deceased Characters,4,"2007, January",2007
3968,Falizia (New Earth),Unknown,Good Characters,Brown Eyes,Brown Hair,Living Characters,4,"2001, May",2001
3969,Barney Ling (New Earth),Unknown,Good Characters,Brown Eyes,Unknown or None,Living Characters,4,"1975, May",1975
3970,Roshanna Chatterji (New Earth),Unknown,Unknown or None,Brown Eyes,Black Hair,Living Characters,4,"2010, November",2010
3971,Kali (New Earth),Unknown,Unknown or None,Brown Eyes,Black Hair,Living Characters,4,"1999, October",1999
3972,Neon Black (New Earth),Public Identity,Bad Characters,Green Eyes,Black Hair,Deceased Characters,4,"2010, March",2010
3973,Shalako (New Earth),Public Identity,Bad Characters,Green Eyes,Blond Hair,Deceased Characters,4,"1990, March",1990
3974,Auctioneer (New Earth),Public Identity,Bad Characters,Green Eyes,Unknown or None,Living Characters,4,"2006, September",2006
3975,Derek Mitchell (New Earth),Public Identity,Bad Characters,Green Eyes,Unknown or None,Living Characters,4,"1988, June",1988
3976,Sigourney Amundsen (New Earth),Public Identity,Good Characters,Green Eyes,Blond Hair,Living Characters,4,"2004, December",2004
3977,Catherine Van Derm (New Earth),Public Identity,Good Characters,Green Eyes,Red Hair,Living Characters,4,"2010, September",2010
3978,Troll (New Earth),Secret Identity,Bad Characters,Green Eyes,Black Hair,Deceased Characters,4,"1994, May",1994
3979,The Thief (New Earth),Secret Identity,Bad Characters,Green Eyes,Brown Hair,Living Characters,4,"2008, January",2008
3980,Winslow Heath (New Earth),Secret Identity,Bad Characters,Green Eyes,Green Hair,Living Characters,4,"2010, September",2010
3981,Roxanne Sutton (New Earth),Secret Identity,Bad Characters,Green Eyes,Red Hair,Living Characters,4,"2006, October",2006
3982,Alvin Desmond (New Earth),Secret Identity,Bad Characters,Green Eyes,Red Hair,Deceased Characters,4,"1980, July",1980
3983,Ekron (New Earth),Secret Identity,Neutral Characters,Green Eyes,Unknown or None,Living Characters,4,"2006, September",2006
3984,Quetzalcoatl (New Earth),Secret Identity,Neutral Characters,Green Eyes,Unknown or None,Living Characters,4,"1975, November",1975
3985,Aurakles (New Earth),Secret Identity,Unknown or None,Green Eyes,Red Hair,Living Characters,4,"1972, August",1972
3986,Gorflack (New Earth),Unknown,Good Characters,Green Eyes,Brown Hair,Living Characters,4,"2007, December",2007
3987,Rebecca McFadden (New Earth),Unknown,Good Characters,Green Eyes,Brown Hair,Living Characters,4,"1999, April",1999
3988,Patricia Dugan (New Earth),Unknown,Unknown or None,Green Eyes,Red Hair,Living Characters,4,"2001, September",2001
3989,Randall Mikavic (New Earth),Secret Identity,Bad Characters,Grey Eyes,Unknown or None,Living Characters,4,"2010, September",2010
3990,Carrie Donahue (New Earth),Public Identity,Good Characters,Hazel Eyes,Brown Hair,Living Characters,4,"1990, December",1990
3991,Isabelle Cheranova (New Earth),Secret Identity,Bad Characters,Hazel Eyes,Red Hair,Living Characters,4,"1999, July",1999
3992,Lysandra (New Earth),Secret Identity,Good Characters,Orange Eyes,Red Hair,Living Characters,4,"1983, September",1983
3993,Vortigar (New Earth),Unknown,Bad Characters,Orange Eyes,Brown Hair,Living Characters,4,"2007, March",2007
3994,Matris Ater Clementia (New Earth),Unknown,Good Characters,Pink Eyes,Unknown or None,Living Characters,4,"2008, July",2008
3995,Abraxis (New Earth),Unknown,Bad Characters,Purple Eyes,Unknown or None,Living Characters,4,"1992, April",1992
3996,Jeryll (New Earth),Unknown,Good Characters,Purple Eyes,White Hair,Deceased Characters,4,"1982, May",1982
3997,Jacob (New Earth),Public Identity,Bad Characters,Red Eyes,Black Hair,Living Characters,4,"2008, August",2008
3998,Jared (New Earth),Public Identity,Bad Characters,Red Eyes,Black Hair,Living Characters,4,"2008, August",2008
3999,Shaggy Man III (New Earth),Public Identity,Bad Characters,Red Eyes,Brown Hair,Living Characters,4,"2007, November",2007
4000,Ixion (New Earth),Public Identity,Bad Characters,Red Eyes,Green Hair,Deceased Characters,4,"1988, December",1988
4001,Nnamdi (New Earth),Public Identity,Good Characters,Red Eyes,Black Hair,Living Characters,4,"2003, March",2003
4002,Omega Man (New Earth),Secret Identity,Bad Characters,Red Eyes,Unknown or None,Living Characters,4,"2010, December",2010
4003,Sakki (New Earth),Secret Identity,Bad Characters,Red Eyes,Unknown or None,Living Characters,4,"2002, March",2002
4004,Forager II (New Earth),Secret Identity,Unknown or None,Red Eyes,Green Hair,Living Characters,4,"1989, March",1989
4005,Godiva II (New Earth),Unknown,Bad Characters,Red Eyes,Black Hair,Living Characters,4,1987,1987
4006,Lady Viper (Earth-One),Unknown,Bad Characters,Red Eyes,Blond Hair,Living Characters,4,"1982, May",1982
4007,Jocasta (New Earth),Unknown,Bad Characters,Red Eyes,Red Hair,Living Characters,4,"1992, July",1992
4008,N.R.G.-X II (New Earth),Unknown,Bad Characters,Red Eyes,Unknown or None,Living Characters,4,"2010, March",2010
4009,Eldon Adams (New Earth),Public Identity,Bad Characters,Unknown or None,Black Hair,Deceased Characters,4,"1996, February",1996
4010,Longshadow (New Earth),Public Identity,Bad Characters,Unknown or None,Black Hair,Living Characters,4,"1996, March",1996
4011,Edwardo Guzman (New Earth),Public Identity,Bad Characters,Unknown or None,Black Hair,Deceased Characters,4,"1992, April",1992
4012,Edward Slick (New Earth),Public Identity,Bad Characters,Unknown or None,Black Hair,Deceased Characters,4,"1986, September",1986
4013,Chakal (New Earth),Public Identity,Bad Characters,Unknown or None,Black Hair,Deceased Characters,4,"1979, September",1979
4014,Virgil Adams (New Earth),Public Identity,Bad Characters,Unknown or None,Black Hair,Living Characters,4,,
4015,Deuce Canyard (New Earth),Public Identity,Bad Characters,Unknown or None,Blond Hair,Deceased Characters,4,"2005, October",2005
4016,Joshua Stanzland (New Earth),Public Identity,Bad Characters,Unknown or None,Blond Hair,Living Characters,4,"1998, August",1998
4017,Robert Carmichael (New Earth),Public Identity,Bad Characters,Unknown or None,Blond Hair,Deceased Characters,4,"1991, November",1991
4018,Ronal (New Earth),Public Identity,Bad Characters,Unknown or None,Blond Hair,Living Characters,4,"1987, December",1987
4019,Marc Navarone (New Earth),Public Identity,Bad Characters,Unknown or None,Brown Hair,Deceased Characters,4,"2000, October",2000
4020,Bradford Sackett (New Earth),Public Identity,Bad Characters,Unknown or None,Brown Hair,Living Characters,4,"1997, December",1997
4021,Chas Parmenter (New Earth),Public Identity,Bad Characters,Unknown or None,Brown Hair,Living Characters,4,"1997, August",1997
4022,Nicholas Kotero (New Earth),Public Identity,Bad Characters,Unknown or None,Brown Hair,Living Characters,4,"1997, September",1997
4023,JT Burns (New Earth),Public Identity,Bad Characters,Unknown or None,Brown Hair,Living Characters,4,"1996, December",1996
4024,Andromeda Strange (New Earth),Public Identity,Bad Characters,Unknown or None,Brown Hair,Deceased Characters,4,"1990, January",1990
4025,Nemesis (New Earth),Public Identity,Bad Characters,Unknown or None,Unknown or None,Living Characters,4,"2011, July",2011
4026,Ariadne Persakis (New Earth),Public Identity,Bad Characters,Unknown or None,Unknown or None,Deceased Characters,4,"2009, September",2009
4027,Unimate (New Earth),Public Identity,Bad Characters,Unknown or None,Unknown or None,Living Characters,4,"2009, August",2009
4028,Maximillion (New Earth),Public Identity,Bad Characters,Unknown or None,Unknown or None,Living Characters,4,"2008, January",2008
4029,Luke Thatcher (New Earth),Public Identity,Bad Characters,Unknown or None,Unknown or None,Deceased Characters,4,"2006, August",2006
4030,August Davezak (New Earth),Public Identity,Bad Characters,Unknown or None,Unknown or None,Living Characters,4,"2004, July",2004
4031,Lkz (New Earth),Public Identity,Bad Characters,Unknown or None,Unknown or None,Living Characters,4,"1999, April",1999
4032,Mr. Feekle (New Earth),Public Identity,Bad Characters,Unknown or None,Unknown or None,Deceased Characters,4,"1996, December",1996
4033,Nicky Lincoln (New Earth),Public Identity,Bad Characters,Unknown or None,Unknown or None,Deceased Characters,4,"1996, August",1996
4034,Rollo (New Earth),Public Identity,Bad Characters,Unknown or None,Unknown or None,Living Characters,4,"1995, March",1995
4035,Terrence Pritchard (New Earth),Public Identity,Bad Characters,Unknown or None,Unknown or None,Living Characters,4,"1994, August",1994
4036,Avery Twombey (New Earth),Public Identity,Bad Characters,Unknown or None,Unknown or None,Deceased Characters,4,"1993, March",1993
4037,Kondor (New Earth),Public Identity,Bad Characters,Unknown or None,Unknown or None,Living Characters,4,"1992, January",1992
4038,Ronzin Daark (New Earth),Public Identity,Bad Characters,Unknown or None,Unknown or None,Living Characters,4,"1992, January",1992
4039,Zyn (New Earth),Public Identity,Bad Characters,Unknown or None,Unknown or None,Living Characters,4,"1992, January",1992
4040,Number None (New Earth),Public Identity,Bad Characters,Unknown or None,Unknown or None,Living Characters,4,"1991, November",1991
4041,Alan Hallman (New Earth),Public Identity,Bad Characters,Unknown or None,Unknown or None,Living Characters,4,"1990, December",1990
4042,Leron (New Earth),Public Identity,Bad Characters,Unknown or None,Unknown or None,Living Characters,4,"1963, October",1963
4043,Mophir (New Earth),Public Identity,Bad Characters,Unknown or None,Unknown or None,Deceased Characters,4,"1963, July",1963
4044,Ouranos (New Earth),Public Identity,Bad Characters,Unknown or None,White Hair,Deceased Characters,4,"1989, January",1989
4045,Jarvis Kord (New Earth),Public Identity,Bad Characters,Unknown or None,White Hair,Deceased Characters,4,"1967, August",1967
4046,Gideon Rivers (New Earth),Public Identity,Good Characters,Unknown or None,Black Hair,Living Characters,4,"2004, December",2004
4047,Diana Prince (New Earth),Public Identity,Good Characters,Unknown or None,Black Hair,Living Characters,4,"2002, November",2002
4048,Pax (New Earth),Public Identity,Good Characters,Unknown or None,Black Hair,Living Characters,4,"1993, September",1993
4049,Mrs. Levy (New Earth),Public Identity,Good Characters,Unknown or None,Black Hair,Living Characters,4,"1989, January",1989
4050,Wu Cheng (New Earth),Public Identity,Good Characters,Unknown or None,Black Hair,Deceased Characters,4,"1982, October",1982
4051,Janice Jordan (New Earth),Public Identity,Good Characters,Unknown or None,Black Hair,Living Characters,4,"1978, October",1978
4052,Danielle Garrett (New Earth),Public Identity,Good Characters,Unknown or None,Blond Hair,Living Characters,4,"2006, December",2006
4053,Kieran Calahan (New Earth),Public Identity,Good Characters,Unknown or None,Blond Hair,Living Characters,4,"2005, February",2005
4054,Maya (New Earth),Public Identity,Good Characters,Unknown or None,Blond Hair,Living Characters,4,"1989, June",1989
4055,Frank Keller (New Earth),Public Identity,Good Characters,Unknown or None,Blond Hair,Living Characters,4,"1988, January",1988
4056,Vincent Meekins (New Earth),Public Identity,Good Characters,Unknown or None,Blond Hair,Living Characters,4,"1988, December",1988
4057,Angela Adam (New Earth),Public Identity,Good Characters,Unknown or None,Blond Hair,Living Characters,4,"1987, March",1987
4058,"Jason Grant, Jr. (New Earth)",Public Identity,Good Characters,Unknown or None,Blond Hair,Living Characters,4,"1970, February",1970
4059,Biff Bradley (New Earth),Public Identity,Good Characters,Unknown or None,Brown Hair,Deceased Characters,4,"1998, October",1998
4060,David Kapatelis (New Earth),Public Identity,Good Characters,Unknown or None,Brown Hair,Deceased Characters,4,1988,1988
4061,Derek Trevor (New Earth),Public Identity,Good Characters,Unknown or None,Brown Hair,Living Characters,4,"1988, March",1988
4062,James Buchanan Sawyer (New Earth),Public Identity,Good Characters,Unknown or None,Brown Hair,Living Characters,4,"1988, March",1988
4063,Commodore Murphy (New Earth),Public Identity,Good Characters,Unknown or None,Brown Hair,Living Characters,4,"1975, May",1975
4064,Solomon Driver (New Earth),Public Identity,Good Characters,Unknown or None,Brown Hair,Living Characters,4,"1973, September",1973
4065,Christine Ferris (New Earth),Public Identity,Good Characters,Unknown or None,Brown Hair,Living Characters,4,"1963, June",1963
4066,Guardian of Hy-Brasil (New Earth),Public Identity,Good Characters,Unknown or None,Green Hair,Living Characters,4,"1996, February",1996
4067,Samuel Wilson (New Earth),Public Identity,Good Characters,Unknown or None,Grey Hair,Living Characters,4,"1970, November",1970
4068,Dava Sborsc (New Earth),Public Identity,Good Characters,Unknown or None,Red Hair,Living Characters,4,"1998, January",1998
4069,Ronnie Sarasky (New Earth),Public Identity,Good Characters,Unknown or None,Red Hair,Living Characters,4,"1989, December",1989
4070,J.P. Houston (New Earth),Public Identity,Good Characters,Unknown or None,Red Hair,Living Characters,4,"1975, May",1975
4071,Malavar (New Earth),Public Identity,Good Characters,Unknown or None,Unknown or None,Living Characters,4,"2009, November",2009
4072,Cundiff Cood (New Earth),Public Identity,Good Characters,Unknown or None,Unknown or None,Deceased Characters,4,"2007, August",2007
4073,Ellison (New Earth),Public Identity,Good Characters,Unknown or None,Unknown or None,Living Characters,4,"1998, May",1998
4074,Bors (New Earth),Public Identity,Good Characters,Unknown or None,Unknown or None,Living Characters,4,"1986, October",1986
4075,Cherniss (New Earth),Public Identity,Good Characters,Unknown or None,Unknown or None,Deceased Characters,4,"1985, October",1985
4076,Jason Hex (New Earth),Public Identity,Good Characters,Unknown or None,Unknown or None,Living Characters,4,"1981, August",1981
4077,Prime One (New Earth),Public Identity,Good Characters,Unknown or None,Unknown or None,Deceased Characters,4,"1972, July",1972
4078,William Tane (New Earth),Public Identity,Good Characters,Unknown or None,Unknown or None,Living Characters,4,"1948, August",1948
4079,Solomon (New Earth),Public Identity,Good Characters,Unknown or None,Unknown or None,Living Characters,4,"1940, February",1940
4080,Percival (New Earth),Public Identity,Good Characters,Unknown or None,White Hair,Living Characters,4,1992,1992
4081,Ritter Hendricksen (New Earth),Public Identity,Good Characters,Unknown or None,White Hair,Living Characters,4,"1988, April",1988
4082,Fentara Rrab (New Earth),Public Identity,Good Characters,Unknown or None,White Hair,Deceased Characters,4,"1981, May",1981
4083,Johnny Navarone (New Earth),Public Identity,Neutral Characters,Unknown or None,Black Hair,Deceased Characters,4,"1996, August",1996
4084,Richard Destine (New Earth),Public Identity,Neutral Characters,Unknown or None,Blond Hair,Living Characters,4,"1999, December",1999
4085,Arthur Gordon Pym (New Earth),Public Identity,Neutral Characters,Unknown or None,Blond Hair,Deceased Characters,4,"1988, September",1988
4086,Roger Gordon (New Earth),Public Identity,Neutral Characters,Unknown or None,Brown Hair,Deceased Characters,4,"1987, November",1987
4087,Xebel (New Earth),Public Identity,Neutral Characters,Unknown or None,Grey Hair,Living Characters,4,"1963, October",1963
4088,Gwyneth Tate (New Earth),Public Identity,Neutral Characters,Unknown or None,Red Hair,Living Characters,4,"1986, December",1986
4089,Getorix (New Earth),Public Identity,Neutral Characters,Unknown or None,Unknown or None,Deceased Characters,4,"2009, April",2009
4090,Keerg (New Earth),Public Identity,Neutral Characters,Unknown or None,Unknown or None,Living Characters,4,"1992, February",1992
4091,Lena Luthor I (New Earth),Public Identity,Unknown or None,Unknown or None,Unknown or None,Living Characters,4,"2009, November",2009
4092,Mackenzie Garrison (New Earth),Public Identity,Unknown or None,Unknown or None,Brown Hair,Living Characters,4,"1987, October",1987
4093,Minkis (New Earth),Public Identity,Unknown or None,Unknown or None,Red Hair,Living Characters,4,"1991, December",1991
4094,Star (New Earth),Public Identity,Unknown or None,Unknown or None,White Hair,Living Characters,4,"2000, April",2000
4095,Robert Lee (New Earth),Public Identity,Unknown or None,Unknown or None,White Hair,Living Characters,4,"1979, November",1979
4096,Captain Murder (New Earth),Secret Identity,Bad Characters,Unknown or None,Black Hair,Living Characters,4,"2010, April",2010
4097,Expediter (New Earth),Secret Identity,Bad Characters,Unknown or None,Black Hair,Deceased Characters,4,"2009, December",2009
4098,Matchmaker (New Earth),Secret Identity,Bad Characters,Unknown or None,Black Hair,Living Characters,4,"2008, October",2008
4099,Lady Liberty V (New Earth),Secret Identity,Bad Characters,Unknown or None,Black Hair,Living Characters,4,"2006, December",2006
4100,Rachel Berkowitz (New Earth),Secret Identity,Bad Characters,Unknown or None,Black Hair,Living Characters,4,"2002, April",2002
4101,Waterman (New Earth),Secret Identity,Bad Characters,Unknown or None,Black Hair,Deceased Characters,4,"1999, July",1999
4102,Agent ! (New Earth),Secret Identity,Bad Characters,Unknown or None,Black Hair,Deceased Characters,4,"1991, November",1991
4103,Jaculi I (New Earth),Secret Identity,Bad Characters,Unknown or None,Black Hair,Deceased Characters,4,"1987, May",1987
4104,Trident III (New Earth),Secret Identity,Bad Characters,Unknown or None,Black Hair,Living Characters,4,"1983, July",1983
4105,Americommando II (New Earth),Secret Identity,Bad Characters,Unknown or None,Blond Hair,Living Characters,4,"2006, December",2006
4106,Firebug III (New Earth),Secret Identity,Bad Characters,Unknown or None,Blond Hair,Living Characters,4,"2005, February",2005
4107,Spindoc (New Earth),Secret Identity,Bad Characters,Unknown or None,Blond Hair,Deceased Characters,4,"1995, August",1995
4108,Carlton Slater (New Earth),Secret Identity,Bad Characters,Unknown or None,Blond Hair,Deceased Characters,4,"1994, May",1994
4109,Daniel Rogers (New Earth),Secret Identity,Bad Characters,Unknown or None,Brown Hair,Living Characters,4,"2011, May",2011
4110,Recluse (New Earth),Secret Identity,Bad Characters,Unknown or None,Brown Hair,Living Characters,4,"2010, January",2010
4111,Amon (New Earth),Secret Identity,Bad Characters,Unknown or None,Brown Hair,Deceased Characters,4,"2009, October",2009
4112,Caretaker (New Earth),Secret Identity,Bad Characters,Unknown or None,Brown Hair,Living Characters,4,"2008, October",2008
4113,Bizarro Green Lantern (New Earth),Secret Identity,Bad Characters,Unknown or None,Brown Hair,Living Characters,4,"2007, November",2007
4114,Devlin (New Earth),Secret Identity,Bad Characters,Unknown or None,Brown Hair,Living Characters,4,"1995, March",1995
4115,Veronica Dale (New Earth),Secret Identity,Bad Characters,Unknown or None,Brown Hair,Deceased Characters,4,"1995, June",1995
4116,Stasis (New Earth),Secret Identity,Bad Characters,Unknown or None,Brown Hair,Living Characters,4,"1988, September",1988
4117,Coopersmith (New Earth),Secret Identity,Bad Characters,Unknown or None,Brown Hair,Living Characters,4,"1983, December",1983
4118,Sidewinder (New Earth),Secret Identity,Bad Characters,Unknown or None,Green Hair,Deceased Characters,4,"1992, April",1992
4119,Lord Malvolio (New Earth),Secret Identity,Bad Characters,Unknown or None,Grey Hair,Living Characters,4,"1988, December",1988
4120,Nebel (New Earth),Secret Identity,Bad Characters,Unknown or None,Grey Hair,Living Characters,4,"1985, April",1985
4121,Know Man (New Earth),Secret Identity,Bad Characters,Unknown or None,Purple Hair,Living Characters,4,"1996, October",1996
4122,Jugular (New Earth),Secret Identity,Bad Characters,Unknown or None,Red Hair,Living Characters,4,"1996, November",1996
4123,King Bullet (New Earth),Secret Identity,Bad Characters,Unknown or None,Unknown or None,Living Characters,4,"2011, February",2011
4124,Sawtooth (New Earth),Secret Identity,Bad Characters,Unknown or None,Unknown or None,Living Characters,4,"2011, February",2011
4125,Xane Swift (New Earth),Secret Identity,Bad Characters,Unknown or None,Unknown or None,Living Characters,4,"2011, February",2011
4126,Captain Swastika (New Earth),Secret Identity,Bad Characters,Unknown or None,Unknown or None,Living Characters,4,"2010, April",2010
4127,Count Berlin (New Earth),Secret Identity,Bad Characters,Unknown or None,Unknown or None,Living Characters,4,"2010, April",2010
4128,Dead Hand Legendre (New Earth),Secret Identity,Bad Characters,Unknown or None,Unknown or None,Deceased Characters,4,"2010, April",2010
4129,DJ Molecule (New Earth),Secret Identity,Bad Characters,Unknown or None,Unknown or None,Living Characters,4,"2010, October",2010
4130,Hunter (New Earth),Secret Identity,Bad Characters,Unknown or None,Unknown or None,Living Characters,4,"2010, April",2010
4131,Shadow of War (New Earth),Secret Identity,Bad Characters,Unknown or None,Unknown or None,Living Characters,4,"2010, April",2010
4132,Owens (New Earth),Secret Identity,Bad Characters,Unknown or None,Unknown or None,Deceased Characters,4,"2009, August",2009
4133,Widower (New Earth),Secret Identity,Bad Characters,Unknown or None,Unknown or None,Living Characters,4,"2009, November",2009
4134,Elliot Caldwell (New Earth),Secret Identity,Bad Characters,Unknown or None,Unknown or None,Living Characters,4,"2008, March",2008
4135,Bizarro Hawkgirl (New Earth),Secret Identity,Bad Characters,Unknown or None,Unknown or None,Living Characters,4,"2007, November",2007
4136,Phosphorus Rex (New Earth),Secret Identity,Bad Characters,Unknown or None,Unknown or None,Living Characters,4,"2007, July",2007
4137,Wayne Franklin (New Earth),Secret Identity,Bad Characters,Unknown or None,Unknown or None,Living Characters,4,"2007, January",2007
4138,Face (S.H.A.D.E.) (New Earth),Secret Identity,Bad Characters,Unknown or None,Unknown or None,Living Characters,4,"2006, July",2006
4139,Railgun (New Earth),Secret Identity,Bad Characters,Unknown or None,Unknown or None,Living Characters,4,"2006, December",2006
4140,Spin Doctor II (New Earth),Secret Identity,Bad Characters,Unknown or None,Unknown or None,Living Characters,4,"2006, December",2006
4141,Eve II (New Earth),Secret Identity,Bad Characters,Unknown or None,Unknown or None,Deceased Characters,4,"2005, May",2005
4142,Fear (New Earth),Secret Identity,Bad Characters,Unknown or None,Unknown or None,Living Characters,4,"2000, February",2000
4143,Grace Balin (New Earth),Secret Identity,Bad Characters,Unknown or None,Unknown or None,Deceased Characters,4,"2000, July",2000
4144,Loathing (New Earth),Secret Identity,Bad Characters,Unknown or None,Unknown or None,Living Characters,4,"2000, February",2000
4145,Skull (New Earth),Secret Identity,Bad Characters,Unknown or None,Unknown or None,Deceased Characters,4,"1998, August",1998
4146,Redzone (New Earth),Secret Identity,Bad Characters,Unknown or None,Unknown or None,Deceased Characters,4,"1994, June",1994
4147,Cassidy (New Earth),Secret Identity,Bad Characters,Unknown or None,Unknown or None,Living Characters,4,"1993, November",1993
4148,Calamari (New Earth),Secret Identity,Bad Characters,Unknown or None,Unknown or None,Living Characters,4,"1992, February",1992
4149,Knockwurst (New Earth),Secret Identity,Bad Characters,Unknown or None,Unknown or None,Living Characters,4,"1992, March",1992
4150,Yatini (New Earth),Secret Identity,Bad Characters,Unknown or None,Unknown or None,Living Characters,4,"1992, January",1992
4151,Piscator (New Earth),Secret Identity,Bad Characters,Unknown or None,Unknown or None,Living Characters,4,"1991, December",1991
4152,Bug-Eyed Bandit II (New Earth),Secret Identity,Bad Characters,Unknown or None,Unknown or None,Living Characters,4,"1990, October",1990
4153,Gregor Dosynski (New Earth),Secret Identity,Bad Characters,Unknown or None,Unknown or None,Deceased Characters,4,"1990, March",1990
4154,Vladimir Mikoyan (New Earth),Secret Identity,Bad Characters,Unknown or None,Unknown or None,Deceased Characters,4,"1987, November",1987
4155,Antaeus (New Earth),Secret Identity,Bad Characters,Unknown or None,Unknown or None,Deceased Characters,4,"1984, October",1984
4156,Argus (New Olympians) (New Earth),Secret Identity,Bad Characters,Unknown or None,Unknown or None,Deceased Characters,4,"1984, October",1984
4157,Breathtaker I (New Earth),Secret Identity,Bad Characters,Unknown or None,Unknown or None,Living Characters,4,"1984, November",1984
4158,Vulcanus (New Earth),Secret Identity,Bad Characters,Unknown or None,Unknown or None,Deceased Characters,4,"1984, October",1984
4159,Professor Ojo (New Earth),Secret Identity,Bad Characters,Unknown or None,Unknown or None,Living Characters,4,"1977, August",1977
4160,Radion (New Earth),Secret Identity,Bad Characters,Unknown or None,Unknown or None,Living Characters,4,"1977, February",1977
4161,Anthony Lupus (New Earth),Secret Identity,Bad Characters,Unknown or None,Unknown or None,Living Characters,4,"1974, April",1974
4162,Victor Bragg (New Earth),Secret Identity,Bad Characters,Unknown or None,Unknown or None,Living Characters,4,"1960, May",1960
4163,Funerella (New Earth),Secret Identity,Bad Characters,Unknown or None,White Hair,Living Characters,4,"2011, February",2011
4164,White Rabbit (New Earth),Secret Identity,Bad Characters,Unknown or None,White Hair,Living Characters,4,"2006, July",2006
4165,Clifford Grimm (New Earth),Secret Identity,Bad Characters,Unknown or None,White Hair,Living Characters,4,"2000, November",2000
4166,Khalid (New Earth),Secret Identity,Good Characters,Unknown or None,Black Hair,Living Characters,4,"2006, December",2006
4167,Al Bizarro (New Earth),Secret Identity,Good Characters,Unknown or None,Black Hair,Living Characters,4,"1999, July",1999
4168,Master Blaster (New Earth),Secret Identity,Good Characters,Unknown or None,Black Hair,Living Characters,4,"1992, August",1992
4169,Molecule (New Earth),Secret Identity,Good Characters,Unknown or None,Blond Hair,Deceased Characters,4,"2006, December",2006
4170,Sureshot (New Earth),Secret Identity,Good Characters,Unknown or None,Blond Hair,Living Characters,4,"1996, July",1996
4171,Brane Taylor (New Earth),Secret Identity,Good Characters,Unknown or None,Blond Hair,Living Characters,4,"1951, October",1951
4172,Deadfall I (New Earth),Secret Identity,Good Characters,Unknown or None,Brown Hair,Living Characters,4,"1996, July",1996
4173,La Bruja (New Earth),Secret Identity,Good Characters,Unknown or None,Grey Hair,Living Characters,4,"1989, June",1989
4174,Jerzy Reganiewicz (New Earth),Secret Identity,Good Characters,Unknown or None,Red Hair,Deceased Characters,4,"1976, September",1976
4175,Darknight (New Earth),Secret Identity,Good Characters,Unknown or None,Unknown or None,Living Characters,4,"2011, April",2011
4176,Milkman (New Earth),Secret Identity,Good Characters,Unknown or None,Unknown or None,Living Characters,4,"2010, December",2010
4177,Citizen X (New Earth),Secret Identity,Good Characters,Unknown or None,Unknown or None,Deceased Characters,4,"2008, January",2008
4178,Cosmo Racer (New Earth),Secret Identity,Good Characters,Unknown or None,Unknown or None,Living Characters,4,"2008, July",2008
4179,Markot Five (New Earth),Secret Identity,Good Characters,Unknown or None,Unknown or None,Living Characters,4,"2006, August",2006
4180,Solution (New Earth),Secret Identity,Good Characters,Unknown or None,Unknown or None,Living Characters,4,"1998, February",1998
4181,Twelfth Knight (New Earth),Secret Identity,Good Characters,Unknown or None,Unknown or None,Living Characters,4,"1997, July",1997
4182,Phat-Boy (New Earth),Secret Identity,Good Characters,Unknown or None,Unknown or None,Deceased Characters,4,"1996, September",1996
4183,Knowbuddy (New Earth),Secret Identity,Good Characters,Unknown or None,Unknown or None,Living Characters,4,"1992, November",1992
4184,Jacob Finlay (New Earth),Secret Identity,Good Characters,Unknown or None,Unknown or None,Deceased Characters,4,"1989, February",1989
4185,Nathaniel (New Earth),Secret Identity,Good Characters,Unknown or None,White Hair,Living Characters,4,"1996, July",1996
4186,Grant Morrison (New Earth),Secret Identity,Neutral Characters,Unknown or None,Black Hair,Deceased Characters,4,"1990, July",1990
4187,"Radiant, Spirit of Mercy (New Earth)",Secret Identity,Neutral Characters,Unknown or None,Unknown or None,Living Characters,4,"2008, November",2008
4188,Bizarro Perry White (New Earth),Secret Identity,Neutral Characters,Unknown or None,Unknown or None,Living Characters,4,"2007, October",2007
4189,Urzkartaga (New Earth),Secret Identity,Neutral Characters,Unknown or None,Unknown or None,Living Characters,4,"1989, March",1989
4190,Bunny (The Elite),Secret Identity,Unknown or None,Unknown or None,Unknown or None,Living Characters,4,"2001, March",2001
4191,TNTeena (New Earth),Secret Identity,Unknown or None,Unknown or None,Blond Hair,Deceased Characters,4,"2009, January",2009
4192,Richard Faulkner (New Earth),Unknown,Bad Characters,Unknown or None,Black Hair,Living Characters,4,"2009, January",2009
4193,Provoke (New Earth),Unknown,Bad Characters,Unknown or None,Black Hair,Deceased Characters,4,"2000, November",2000
4194,Nabih Salari (New Earth),Unknown,Bad Characters,Unknown or None,Black Hair,Deceased Characters,4,"1988, March",1988
4195,Chanka Silver Deer (New Earth),Unknown,Bad Characters,Unknown or None,Black Hair,Living Characters,4,"1984, July",1984
4196,Michael Bailey (Earth-One),Unknown,Bad Characters,Unknown or None,Black Hair,Living Characters,4,"1979, February",1979
4197,Diamond (New Earth),Unknown,Bad Characters,Unknown or None,Blond Hair,Living Characters,4,"2008, May",2008
4198,Krusivax (New Earth),Unknown,Bad Characters,Unknown or None,Blond Hair,Living Characters,4,"2007, August",2007
4199,Francis Beauvedere (New Earth),Unknown,Bad Characters,Unknown or None,Blond Hair,Living Characters,4,"1997, August",1997
4200,Jillian Conway (New Earth),Unknown,Bad Characters,Unknown or None,Blond Hair,Deceased Characters,4,"1993, August",1993
4201,Trudy Powell (New Earth),Unknown,Bad Characters,Unknown or None,Blond Hair,Living Characters,4,"1988, May",1988
4202,Josef Denisovich (New Earth),Unknown,Bad Characters,Unknown or None,Blond Hair,Living Characters,4,"1987, January",1987
4203,Brains II (New Earth),Unknown,Bad Characters,Unknown or None,Blond Hair,Living Characters,4,"1983, February",1983
4204,Helen Alexandros (New Earth),Unknown,Bad Characters,Unknown or None,Blond Hair,Living Characters,4,"1982, February",1982
4205,Luna Nurblin (New Earth),Unknown,Bad Characters,Unknown or None,Blond Hair,Living Characters,4,"1982, June",1982
4206,Archer (New Earth),Unknown,Bad Characters,Unknown or None,Brown Hair,Living Characters,4,"2009, October",2009
4207,Az-Rel (New Earth),Unknown,Bad Characters,Unknown or None,Brown Hair,Living Characters,4,"2009, July",2009
4208,Nadira Va-Dim (New Earth),Unknown,Bad Characters,Unknown or None,Brown Hair,Living Characters,4,"2009, July",2009
4209,Arx (New Earth),Unknown,Bad Characters,Unknown or None,Brown Hair,Deceased Characters,4,"2006, August",2006
4210,Bomber (New Earth),Unknown,Bad Characters,Unknown or None,Brown Hair,Living Characters,4,"1995, June",1995
4211,Uptown (New Earth),Unknown,Bad Characters,Unknown or None,Brown Hair,Deceased Characters,4,"1995, August",1995
4212,Madison Claiborne (New Earth),Unknown,Bad Characters,Unknown or None,Brown Hair,Living Characters,4,"1994, July",1994
4213,Joachim Hesse (New Earth),Unknown,Bad Characters,Unknown or None,Brown Hair,Living Characters,4,"1988, December",1988
4214,Wellman LeGros (New Earth),Unknown,Bad Characters,Unknown or None,Brown Hair,Living Characters,4,"1988, September",1988
4215,Diana (New Earth),Unknown,Bad Characters,Unknown or None,Brown Hair,Deceased Characters,4,"1984, October",1984
4216,Batrok (New Earth),Unknown,Bad Characters,Unknown or None,Grey Hair,Living Characters,4,"1998, April",1998
4217,Insect Queen (New Earth),Unknown,Bad Characters,Unknown or None,Red Hair,Living Characters,4,"2008, February",2008
4218,Julie Caesar (New Earth),Unknown,Bad Characters,Unknown or None,Red Hair,Living Characters,4,"1995, August",1995
4219,Richard Redditch (New Earth),Unknown,Bad Characters,Unknown or None,Red Hair,Living Characters,4,"1989, March",1989
4220,Diana Lyon (New Earth),Unknown,Bad Characters,Unknown or None,Strawberry Blond Hair,Living Characters,4,"1982, September",1982
4221,Fuseli (New Earth),Unknown,Bad Characters,Unknown or None,Unknown or None,Living Characters,4,"2010, July",2010
4222,Veritas (New Earth),Unknown,Bad Characters,Unknown or None,Unknown or None,Living Characters,4,"2010, June",2010
4223,"Alan von Neumann, Jr. (New Earth)",Unknown,Bad Characters,Unknown or None,Unknown or None,Living Characters,4,"2009, August",2009
4224,Daystar (New Earth),Unknown,Bad Characters,Unknown or None,Unknown or None,Deceased Characters,4,"2009, October",2009
4225,Braach (New Earth),Unknown,Bad Characters,Unknown or None,Unknown or None,Living Characters,4,"2008, February",2008
4226,Dennis Finnegan (New Earth),Unknown,Bad Characters,Unknown or None,Unknown or None,Living Characters,4,"2008, October",2008
4227,Gizmo II (New Earth),Unknown,Bad Characters,Unknown or None,Unknown or None,Living Characters,4,"2008, November",2008
4228,Graak (New Earth),Unknown,Bad Characters,Unknown or None,Unknown or None,Living Characters,4,"2008, June",2008
4229,King Kraken (New Earth),Unknown,Bad Characters,Unknown or None,Unknown or None,Living Characters,4,"2008, June",2008
4230,Qi-Yu (New Earth),Unknown,Bad Characters,Unknown or None,Unknown or None,Deceased Characters,4,"2008, July",2008
4231,Reichsmark (New Earth),Unknown,Bad Characters,Unknown or None,Unknown or None,Living Characters,4,"2007, March",2007
4232,Rubber Maid (New Earth),Unknown,Bad Characters,Unknown or None,Unknown or None,Living Characters,4,"2004, August",2004
4233,Gorgeous Gilly (New Earth),Unknown,Bad Characters,Unknown or None,Unknown or None,Living Characters,4,"2000, September",2000
4234,Dee Noyz (New Earth),Unknown,Bad Characters,Unknown or None,Unknown or None,Deceased Characters,4,"1999, April",1999
4235,Floyd Barstow (New Earth),Unknown,Bad Characters,Unknown or None,Unknown or None,Deceased Characters,4,"1996, October",1996
4236,Barbarian (New Earth),Unknown,Bad Characters,Unknown or None,Unknown or None,Living Characters,4,"1995, March",1995
4237,Highkick (New Earth),Unknown,Bad Characters,Unknown or None,Unknown or None,Living Characters,4,"1995, June",1995
4238,Traxx (New Earth),Unknown,Bad Characters,Unknown or None,Unknown or None,Living Characters,4,"1995, June",1995
4239,Cross Williams (New Earth),Unknown,Bad Characters,Unknown or None,Unknown or None,Deceased Characters,4,"1993, September",1993
4240,Moe and Joe Dubelz (New Earth),Unknown,Bad Characters,Unknown or None,Unknown or None,Deceased Characters,4,1993,1993
4241,Taker (New Earth),Unknown,Bad Characters,Unknown or None,Unknown or None,Deceased Characters,4,"1993, December",1993
4242,Piston (New Earth),Unknown,Bad Characters,Unknown or None,Unknown or None,Living Characters,4,"1992, July",1992
4243,Wreeth (New Earth),Unknown,Bad Characters,Unknown or None,Unknown or None,Deceased Characters,4,"1992, January",1992
4244,Alias the Blur (New Earth),Unknown,Bad Characters,Unknown or None,Unknown or None,Deceased Characters,4,"1991, November",1991
4245,Anatoli Kalunnin (New Earth),Unknown,Bad Characters,Unknown or None,Unknown or None,Deceased Characters,4,"1991, June",1991
4246,Necromina (New Earth),Unknown,Bad Characters,Unknown or None,Unknown or None,Living Characters,4,"1990, June",1990
4247,Wolfgang Schmidt (New Earth),Unknown,Bad Characters,Unknown or None,Unknown or None,Living Characters,4,"1988, January",1988
4248,Great Darkness (New Earth),Unknown,Bad Characters,Unknown or None,Unknown or None,Living Characters,4,"1986, June",1986
4249,Exterminator Robots,Unknown,Bad Characters,Unknown or None,Unknown or None,Living Characters,4,"1984, March",1984
4250,Bulldozer (New Earth),Unknown,Bad Characters,Unknown or None,Unknown or None,Living Characters,4,"1983, February",1983
4251,Kong II (New Earth),Unknown,Bad Characters,Unknown or None,Unknown or None,Living Characters,4,"1983, February",1983
4252,Servitor (New Earth),Unknown,Bad Characters,Unknown or None,Unknown or None,Living Characters,4,"1976, March",1976
4253,Zanadu (Earth-Two),Unknown,Bad Characters,Unknown or None,Unknown or None,Living Characters,4,"1976, August",1976
4254,Thunderer (New Earth),Unknown,Bad Characters,Unknown or None,Unknown or None,Living Characters,4,"1967, October",1967
4255,Eric Bolton (Earth-One),Unknown,Bad Characters,Unknown or None,Unknown or None,Living Characters,4,"1966, January",1966
4256,Leonard Fiasco (New Earth),Unknown,Bad Characters,Unknown or None,Unknown or None,Living Characters,4,"1966, December",1966
4257,Mister Poseidon (New Earth),Unknown,Bad Characters,Unknown or None,Unknown or None,Living Characters,4,"1961, December",1961
4258,Joseph Coyne (New Earth),Unknown,Bad Characters,Unknown or None,Unknown or None,Deceased Characters,4,"1947, September",1947
4259,Negal (New Earth),Unknown,Bad Characters,Unknown or None,Unknown or None,Living Characters,4,"1941, May",1941
4260,Bobbie Stephenson (New Earth),Unknown,Good Characters,Unknown or None,Black Hair,Living Characters,4,"2011, September",2011
4261,Penelope Black (New Earth),Unknown,Good Characters,Unknown or None,Black Hair,Living Characters,4,"2011, August",2011
4262,Gwendolyn Lane (New Earth),Unknown,Good Characters,Unknown or None,Black Hair,Deceased Characters,4,"2008, February",2008
4263,Zale (New Earth),Unknown,Good Characters,Unknown or None,Black Hair,Living Characters,4,"2008, April",2008
4264,Bethany McCade (New Earth),Unknown,Good Characters,Unknown or None,Black Hair,Living Characters,4,"1999, April",1999
4265,Mark Nagoya (New Earth),Unknown,Good Characters,Unknown or None,Black Hair,Living Characters,4,"1990, August",1990
4266,Delingis Jarouq (New Earth),Unknown,Good Characters,Unknown or None,Black Hair,Living Characters,4,"1984, February",1984
4267,Richard Nixon (New Earth),Unknown,Good Characters,Unknown or None,Black Hair,Living Characters,4,1984,1984
4268,Mark Felps (New Earth),Unknown,Good Characters,Unknown or None,Blond Hair,Living Characters,4,"1989, May",1989
4269,Joshua Wayne (New Earth),Unknown,Good Characters,Unknown or None,Brown Hair,Deceased Characters,4,"1995, December",1995
4270,Eleanor Poole (New Earth),Unknown,Good Characters,Unknown or None,Brown Hair,Living Characters,4,"1989, February",1989
4271,Garth McGarth (New Earth),Unknown,Good Characters,Unknown or None,Brown Hair,Living Characters,4,"1988, June",1988
4272,Harold Christos (New Earth),Unknown,Good Characters,Unknown or None,Brown Hair,Deceased Characters,4,"1971, February",1971
4273,Talmadge (New Earth),Unknown,Good Characters,Unknown or None,Green Hair,Living Characters,4,"1985, July",1985
4274,Great Caesar (New Earth),Unknown,Good Characters,Unknown or None,Orange Hair,Living Characters,4,"1998, April",1998
4275,Pristine (New Earth),Unknown,Good Characters,Unknown or None,Red Hair,Deceased Characters,4,"2009, January",2009
4276,Hassan the Mummy (New Earth),Unknown,Good Characters,Unknown or None,Unknown or None,Living Characters,4,"2007, August",2007
4277,Major Victory II (New Earth),Unknown,Good Characters,Unknown or None,Unknown or None,Living Characters,4,"2003, March",2003
4278,Valadin (New Earth),Unknown,Good Characters,Unknown or None,Unknown or None,Living Characters,4,"2002, January",2002
4279,Eudia (New Earth),Unknown,Good Characters,Unknown or None,Unknown or None,Living Characters,4,"1997, May",1997
4280,Battleax (New Earth),Unknown,Good Characters,Unknown or None,Unknown or None,Deceased Characters,4,"1995, August",1995
4281,Zharan Pel (New Earth),Unknown,Good Characters,Unknown or None,Unknown or None,Deceased Characters,4,1995,1995
4282,Radiant (New Earth),Unknown,Good Characters,Unknown or None,Unknown or None,Deceased Characters,4,"1994, May",1994
4283,Peter Cranick (New Earth),Unknown,Good Characters,Unknown or None,Unknown or None,Living Characters,4,1993,1993
4284,Kworri (New Earth),Unknown,Good Characters,Unknown or None,Unknown or None,Deceased Characters,4,"1992, January",1992
4285,Catherine Klass (New Earth),Unknown,Good Characters,Unknown or None,Unknown or None,Living Characters,4,"1990, November",1990
4286,Zeep (New Earth),Unknown,Good Characters,Unknown or None,Unknown or None,Living Characters,4,"1989, May",1989
4287,Albert Hollerer (New Earth),Unknown,Good Characters,Unknown or None,Unknown or None,Living Characters,4,"1986, April",1986
4288,Blish Rrab (New Earth),Unknown,Good Characters,Unknown or None,Unknown or None,Deceased Characters,4,"1976, November",1976
4289,Iron Jaws (New Earth),Unknown,Good Characters,Unknown or None,Unknown or None,Deceased Characters,4,"1972, June",1972
4290,Thaddeus Brown (New Earth),Unknown,Good Characters,Unknown or None,Unknown or None,Deceased Characters,4,"1971, April",1971
4291,Venus (New Earth),Unknown,Good Characters,Unknown or None,Unknown or None,Living Characters,4,,
4292,Probe (New Earth),Unknown,Neutral Characters,Unknown or None,Black Hair,Living Characters,4,"2006, May",2006
4293,Vincenzo Baldi (New Earth),Unknown,Neutral Characters,Unknown or None,Black Hair,Deceased Characters,4,"2005, July",2005
4294,William Baker (New Earth),Unknown,Neutral Characters,Unknown or None,Black Hair,Living Characters,4,"1995, March",1995
4295,Brontes (New Earth),Unknown,Neutral Characters,Unknown or None,Brown Hair,Living Characters,4,"1994, March",1994
4296,Pi\u00f1ata (New Earth),Unknown,Neutral Characters,Unknown or None,Unknown or None,Living Characters,4,"2006, September",2006
4297,Wiley Dalbert (New Earth),Unknown,Neutral Characters,Unknown or None,Unknown or None,Living Characters,4,"1997, October",1997
4298,Daedalus (New Earth),Unknown,Neutral Characters,Unknown or None,Unknown or None,Living Characters,4,"1994, March",1994
4299,Pytor Orloff (New Earth),Unknown,Neutral Characters,Unknown or None,Unknown or None,Living Characters,4,"1987, December",1987
4300,Nun the Less (New Earth),Unknown,Unknown or None,Unknown or None,Unknown or None,Living Characters,4,"2011, May",2011
4301,Elihu Washburn (New Earth),Unknown,Unknown or None,Unknown or None,Unknown or None,Deceased Characters,4,"2004, October",2004
4302,Tucker Long (New Earth),Unknown,Unknown or None,Unknown or None,Unknown or None,Deceased Characters,4,"2003, August",2003
4303,Antonia (New Earth),Unknown,Unknown or None,Unknown or None,Unknown or None,Living Characters,4,"1990, March",1990
4304,Fidel Castro (New Earth),Unknown,Unknown or None,Unknown or None,Unknown or None,Living Characters,4,"1988, Holiday",1988
4305,Sunshine (New Earth),Unknown,Unknown or None,Unknown or None,Unknown or None,Living Characters,4,"1985, February",1985
4306,Osoro (New Earth),Unknown,Unknown or None,Unknown or None,Unknown or None,Living Characters,4,"1984, March",1984
4307,White Fawn (New Earth),Unknown,Unknown or None,Unknown or None,Unknown or None,Living Characters,4,"1977, December",1977
4308,Daedalus Boch (New Earth),Unknown,Unknown or None,Unknown or None,Black Hair,Deceased Characters,4,"2003, July",2003
4309,Michael Sanchez (New Earth),Unknown,Unknown or None,Unknown or None,Black Hair,Living Characters,4,"1985, February",1985
4310,Rema (New Earth),Unknown,Unknown or None,Unknown or None,Black Hair,Living Characters,4,,
4311,Nora Fries (New Earth),Unknown,Unknown or None,Unknown or None,Blond Hair,Living Characters,4,"1997, May",1997
4312,Mora (New Earth),Unknown,Unknown or None,Unknown or None,Blond Hair,Living Characters,4,,
4313,Thunderer the Horse (New Earth),Unknown,Unknown or None,Unknown or None,White Hair,Living Characters,4,"1971, November",1971
4314,Black Lightning the Horse (New Earth),Unknown,Unknown or None,Unknown or None,White Hair,Deceased Characters,4,"1948, August",1948
4315,Dalkriig-Hath (New Earth),Public Identity,Bad Characters,White Eyes,Black Hair,Deceased Characters,4,"1996, June",1996
4316,Scarlet Rose (New Earth),Secret Identity,Bad Characters,White Eyes,Brown Hair,Deceased Characters,4,"1998, August",1998
4317,Bagman (New Earth),Secret Identity,Bad Characters,White Eyes,Unknown or None,Living Characters,4,"2006, July",2006
4318,Rockface (New Earth),Secret Identity,Bad Characters,White Eyes,Unknown or None,Living Characters,4,"1994, June",1994
4319,Miss Bloss (New Earth),Unknown,Neutral Characters,White Eyes,Black Hair,Living Characters,4,"2009, July",2009
4320,Ale (New Earth),Unknown,Unknown or None,White Eyes,Grey Hair,Living Characters,4,"2002, August",2002
4321,Z-1 (New Earth),Public Identity,Bad Characters,Yellow Eyes,Unknown or None,Living Characters,4,"1963, May",1963
4322,Lord Topaz (New Earth),Public Identity,Good Characters,Yellow Eyes,White Hair,Deceased Characters,4,"1983, August",1983
4323,Galactic Golem (New Earth),Unknown,Bad Characters,Yellow Eyes,Unknown or None,Living Characters,4,"1972, February",1972
4324,Aleister Golden (New Earth),Public Identity,Bad Characters,Black Eyes,Blond Hair,Living Characters,3,"2011, January",2011
4325,Willis Danko (New Earth),Public Identity,Bad Characters,Black Eyes,Unknown or None,Deceased Characters,3,1995,1995
4326,Camilla Malone (New Earth),Public Identity,Good Characters,Black Eyes,Black Hair,Living Characters,3,"1999, February",1999
4327,Lentra (New Earth),Public Identity,Good Characters,Black Eyes,Unknown or None,Deceased Characters,3,"1989, May",1989
4328,Avir (New Earth),Public Identity,Good Characters,Black Eyes,White Hair,Deceased Characters,3,"1983, April",1983
4329,Edouard Laslo (New Earth),Public Identity,Neutral Characters,Black Eyes,Unknown or None,Living Characters,3,"1998, February",1998
4330,Bertron (New Earth),Public Identity,Neutral Characters,Black Eyes,Unknown or None,Deceased Characters,3,"1994, May",1994
4331,Alexander Petrov (New Earth),Secret Identity,Bad Characters,Black Eyes,Black Hair,Deceased Characters,3,"2003, November",2003
4332,Frederick Fleming (New Earth),Secret Identity,Bad Characters,Black Eyes,Black Hair,Living Characters,3,"1999, April",1999
4333,Lurgo (New Earth),Secret Identity,Bad Characters,Black Eyes,Black Hair,Living Characters,3,"1989, February",1989
4334,Zebra-Man II (New Earth),Secret Identity,Bad Characters,Black Eyes,Black Hair,Living Characters,3,"1987, July",1987
4335,Ding-Dong Daddy (New Earth),Secret Identity,Bad Characters,Black Eyes,Black Hair,Living Characters,3,"1966, June",1966
4336,Frederick Storm (New Earth),Secret Identity,Bad Characters,Black Eyes,Black Hair,Living Characters,3,"1964, December",1964
4337,Wolf (New Earth),Secret Identity,Bad Characters,Black Eyes,Brown Hair,Living Characters,3,"2010, February",2010
4338,Shellshock (New Earth),Secret Identity,Bad Characters,Black Eyes,Green Hair,Living Characters,3,"1994, July",1994
4339,Adam Kroft (New Earth),Secret Identity,Bad Characters,Black Eyes,Unknown or None,Living Characters,3,"1994, November",1994
4340,Sizematic (New Earth),Secret Identity,Bad Characters,Black Eyes,Unknown or None,Living Characters,3,"1977, April",1977
4341,Chen Nuo (New Earth),Secret Identity,Good Characters,Black Eyes,Black Hair,Living Characters,3,"2006, June",2006
4342,Tahr (New Earth),Unknown,Good Characters,Black Eyes,White Hair,Living Characters,3,"1982, September",1982
4343,Alcmaeon (New Earth),Unknown,Neutral Characters,Black Eyes,Black Hair,Deceased Characters,3,"2000, July",2000
4344,Fishy (New Earth),Unknown,Neutral Characters,Black Eyes,Unknown or None,Living Characters,3,"2006, September",2006
4345,Black Zero (New Earth),Public Identity,Bad Characters,Blue Eyes,Black Hair,Living Characters,3,"1999, May",1999
4346,Honsu (New Earth),Public Identity,Bad Characters,Blue Eyes,Black Hair,Living Characters,3,"1990, July",1990
4347,Prince Kraken (New Earth),Public Identity,Bad Characters,Blue Eyes,Black Hair,Living Characters,3,"1990, July",1990
4348,Lawrence Eden (New Earth),Public Identity,Bad Characters,Blue Eyes,Black Hair,Deceased Characters,3,"1988, June",1988
4349,Renard Traquer (Earth-One),Public Identity,Bad Characters,Blue Eyes,Black Hair,Living Characters,3,"1982, January",1982
4350,Cernunnos (New Earth),Public Identity,Bad Characters,Blue Eyes,Black Hair,Deceased Characters,3,"1966, November",1966
4351,Blackjack McCullough (New Earth),Public Identity,Bad Characters,Blue Eyes,Brown Hair,Deceased Characters,3,"1985, September",1985
4352,Milos Grapa (New Earth),Public Identity,Bad Characters,Blue Eyes,Grey Hair,Deceased Characters,3,"1996, December",1996
4353,Broderick (New Earth),Public Identity,Bad Characters,Blue Eyes,Red Hair,Living Characters,3,"1987, March",1987
4354,William Miggs (New Earth),Public Identity,Bad Characters,Blue Eyes,Unknown or None,Living Characters,3,"2011, August",2011
4355,Haumond (New Earth),Public Identity,Good Characters,Blue Eyes,Black Hair,Deceased Characters,3,"1990, July",1990
4356,Vara (New Earth),Public Identity,Good Characters,Blue Eyes,Black Hair,Living Characters,3,"1987, December",1987
4357,Gilbert Jeffries (New Earth),Public Identity,Good Characters,Blue Eyes,Black Hair,Living Characters,3,"1967, June",1967
4358,Brane (New Earth),Public Identity,Good Characters,Blue Eyes,Black Hair,Living Characters,3,"1944, December",1944
4359,Richard (New Earth),Public Identity,Good Characters,Blue Eyes,Black Hair,Living Characters,3,"1944, December",1944
4360,Gwendoline Harper (New Earth),Public Identity,Good Characters,Blue Eyes,Blond Hair,Living Characters,3,"2008, December",2008
4361,Jeannie Kerr (New Earth),Public Identity,Good Characters,Blue Eyes,Blond Hair,Deceased Characters,3,1988,1988
4362,Donal (New Earth),Public Identity,Good Characters,Blue Eyes,Blond Hair,Deceased Characters,3,"1987, November",1987
4363,Liza Warner (New Earth),Public Identity,Good Characters,Blue Eyes,Blond Hair,Living Characters,3,"1975, July",1975
4364,Philip Folger (New Earth),Public Identity,Good Characters,Blue Eyes,Blond Hair,Living Characters,3,"1967, June",1967
4365,Bulldozer Nichols (New Earth),Public Identity,Good Characters,Blue Eyes,Blond Hair,Living Characters,3,"1960, June",1960
4366,Byron Williams (New Earth),Public Identity,Good Characters,Blue Eyes,Brown Hair,Living Characters,3,"1967, June",1967
4367,Darlene Spritzer (New Earth),Public Identity,Good Characters,Blue Eyes,Red Hair,Living Characters,3,"1993, December",1993
4368,Fiona (New Earth),Public Identity,Good Characters,Blue Eyes,Unknown or None,Living Characters,3,"1990, May",1990
4369,Persephone II (New Earth),Public Identity,Good Characters,Blue Eyes,White Hair,Living Characters,3,"2009, August",2009
4370,Albert Tyler (New Earth),Public Identity,Good Characters,Blue Eyes,White Hair,Living Characters,3,"1989, January",1989
4371,Eos (New Earth),Public Identity,Good Characters,Blue Eyes,White Hair,Living Characters,3,"1987, November",1987
4372,Brin (New Earth),Public Identity,Good Characters,Blue Eyes,White Hair,Deceased Characters,3,"1983, August",1983
4373,Durvella Cwion (New Earth),Public Identity,Neutral Characters,Blue Eyes,Blond Hair,Living Characters,3,"2010, December",2010
4374,Marnie (New Earth),Public Identity,Neutral Characters,Blue Eyes,Blond Hair,Living Characters,3,"1997, August",1997
4375,Delia Ryan (New Earth),Public Identity,Neutral Characters,Blue Eyes,Blond Hair,Living Characters,3,"1989, May",1989
4376,Eryx (New Earth),Public Identity,Neutral Characters,Blue Eyes,Purple Hair,Living Characters,3,"1995, July",1995
4377,Seyg-El (New Earth),Public Identity,Neutral Characters,Blue Eyes,Unknown or None,Living Characters,3,"1988, February",1988
4378,Venus Sivana (New Earth),Public Identity,Unknown or None,Blue Eyes,Blond Hair,Living Characters,3,"2006, November",2006
4379,Hyanthis (New Earth),Public Identity,Unknown or None,Blue Eyes,Red Hair,Living Characters,3,"1991, April",1991
4380,Divine (New Earth),Secret Identity,Bad Characters,Blue Eyes,Black Hair,Living Characters,3,"2010, November",2010
4381,Sac (New Earth),Secret Identity,Bad Characters,Blue Eyes,Black Hair,Living Characters,3,"2010, January",2010
4382,Simon Petrarch (New Earth),Secret Identity,Bad Characters,Blue Eyes,Black Hair,Living Characters,3,"1990, October",1990
4383,Nacht (New Earth),Secret Identity,Bad Characters,Blue Eyes,Black Hair,Living Characters,3,"1985, April",1985
4384,Repro (New Earth),Secret Identity,Bad Characters,Blue Eyes,Blond Hair,Deceased Characters,3,"2008, June",2008
4385,Blitzkrieg (New Earth),Secret Identity,Bad Characters,Blue Eyes,Blond Hair,Living Characters,3,"2007, June",2007
4386,Banner (New Earth),Secret Identity,Bad Characters,Blue Eyes,Blond Hair,Living Characters,3,"2000, March",2000
4387,Force (New Earth),Secret Identity,Bad Characters,Blue Eyes,Blond Hair,Living Characters,3,"1988, June",1988
4388,Stratos (New Earth),Secret Identity,Bad Characters,Blue Eyes,Blond Hair,Living Characters,3,"1984, November",1984
4389,Wilde Norton (New Earth),Secret Identity,Bad Characters,Blue Eyes,Brown Hair,Living Characters,3,"1995, April",1995
4390,Leona Dorsey (New Earth),Secret Identity,Bad Characters,Blue Eyes,Unknown or None,Living Characters,3,"1996, September",1996
4391,Marcia Hargis (New Earth),Secret Identity,Good Characters,Blue Eyes,Blond Hair,Living Characters,3,"1996, July",1996
4392,Dean Hunter (New Earth),Secret Identity,Good Characters,Blue Eyes,Blond Hair,Living Characters,3,"1992, December",1992
4393,Snake Girl (New Earth),Secret Identity,Good Characters,Blue Eyes,Brown Hair,Living Characters,3,"2002, November",2002
4394,Pathavim Seth-Ottarak (New Earth),Secret Identity,Good Characters,Blue Eyes,Unknown or None,Deceased Characters,3,"1992, June",1992
4395,Alton Janus (New Earth),Secret Identity,Good Characters,Blue Eyes,White Hair,Living Characters,3,"2010, October",2010
4396,Natalia Spirin (New Earth),Unknown,Bad Characters,Blue Eyes,Black Hair,Living Characters,3,"1991, June",1991
4397,Eric Forrester (New Earth),Unknown,Bad Characters,Blue Eyes,Black Hair,Deceased Characters,3,"1988, October",1988
4398,Astarte (New Earth),Unknown,Bad Characters,Blue Eyes,Blond Hair,Living Characters,3,"2010, May",2010
4399,Todd Martin (New Earth),Unknown,Bad Characters,Blue Eyes,Blond Hair,Living Characters,3,"2004, September",2004
4400,Helen Shepherd (New Earth),Unknown,Bad Characters,Blue Eyes,Blond Hair,Living Characters,3,"2003, June",2003
4401,Katrina Krieger (New Earth),Unknown,Bad Characters,Blue Eyes,Blond Hair,Living Characters,3,"1995, August",1995
4402,Violet Harper (New Earth),Unknown,Bad Characters,Blue Eyes,Blond Hair,Living Characters,3,"1983, August",1983
4403,Fay Gunn (New Earth),Unknown,Bad Characters,Blue Eyes,White Hair,Living Characters,3,"1987, June",1987
4404,Helen Jordan (New Earth),Unknown,Good Characters,Blue Eyes,Black Hair,Living Characters,3,"1978, October",1978
4405,Cokie Walters (New Earth),Unknown,Good Characters,Blue Eyes,Brown Hair,Living Characters,3,"1993, December",1993
4406,Tagort (New Earth),Unknown,Good Characters,Blue Eyes,Unknown or None,Living Characters,3,"2005, December",2005
4407,Howard Baxter-Foote (New Earth),Unknown,Neutral Characters,Blue Eyes,Blond Hair,Living Characters,3,"1988, July",1988
4408,Vanessa Tremont (New Earth),Unknown,Neutral Characters,Blue Eyes,Strawberry Blond Hair,Living Characters,3,"1982, June",1982
4409,Theodore Gavlin (New Earth),Unknown,Unknown or None,Blue Eyes,Grey Hair,Deceased Characters,3,"2006, June",2006
4410,Serina Grant (New Earth),Unknown,Unknown or None,Blue Eyes,White Hair,Living Characters,3,"1990, April",1990
4411,Rajak Darkraven (New Earth),Public Identity,Bad Characters,Brown Eyes,Black Hair,Living Characters,3,"2003, February",2003
4412,Lorelei (New Earth),Public Identity,Bad Characters,Brown Eyes,Brown Hair,Living Characters,3,"1990, July",1990
4413,Alexandra Gianopoulos (New Earth),Public Identity,Good Characters,Brown Eyes,Black Hair,Living Characters,3,"2011, August",2011
4414,Shuja (New Earth),Public Identity,Good Characters,Brown Eyes,Black Hair,Living Characters,3,"2009, November",2009
4415,Marlon Corbet (New Earth),Public Identity,Good Characters,Brown Eyes,Black Hair,Living Characters,3,"1997, February",1997
4416,Tooley Wilson (New Earth),Public Identity,Good Characters,Brown Eyes,Black Hair,Living Characters,3,"1991, March",1991
4417,Kevin Mayer (New Earth),Public Identity,Good Characters,Brown Eyes,Black Hair,Living Characters,3,1988,1988
4418,Adeline Prescott (New Earth),Public Identity,Good Characters,Brown Eyes,Brown Hair,Living Characters,3,"2008, May",2008
4419,Eliza Harmon (New Earth),Public Identity,Good Characters,Brown Eyes,Brown Hair,Deceased Characters,3,"2006, August",2006
4420,Paula Holt (New Earth),Public Identity,Good Characters,Brown Eyes,Brown Hair,Deceased Characters,3,"1997, June",1997
4421,Isabelle Modini (New Earth),Public Identity,Good Characters,Brown Eyes,Brown Hair,Living Characters,3,"1993, May",1993
4422,Loma (New Earth),Public Identity,Good Characters,Brown Eyes,Brown Hair,Deceased Characters,3,"1990, March",1990
4423,Ernesto Lopez (New Earth),Public Identity,Good Characters,Brown Eyes,Brown Hair,Living Characters,3,1989,1989
4424,Roger Richter (New Earth),Public Identity,Good Characters,Brown Eyes,Brown Hair,Living Characters,3,"1989, January",1989
4425,Brave Bow (New Earth),Public Identity,Good Characters,Brown Eyes,Grey Hair,Living Characters,3,"1959, July",1959
4426,Alloroc (New Earth),Public Identity,Good Characters,Brown Eyes,White Hair,Living Characters,3,"1990, March",1990
4427,Rampotatek (New Earth),Public Identity,Neutral Characters,Brown Eyes,Blue Hair,Living Characters,3,"2001, March",2001
4428,Elizabeth Joyce (New Earth),Public Identity,Neutral Characters,Brown Eyes,Red Hair,Living Characters,3,"1988, June",1988
4429,Wendell Sharpe (New Earth),Public Identity,Unknown or None,Brown Eyes,Black Hair,Living Characters,3,"1996, September",1996
4430,Sylvia Danvers (New Earth),Public Identity,Unknown or None,Brown Eyes,Brown Hair,Living Characters,3,"1996, September",1996
4431,Rita Librado (New Earth),Public Identity,Unknown or None,Brown Eyes,Brown Hair,Living Characters,3,"1987, August",1987
4432,Martin Mayne (New Earth),Public Identity,Unknown or None,Brown Eyes,White Hair,Living Characters,3,"2011, August",2011
4433,Jackanapes (New Earth),Secret Identity,Bad Characters,Brown Eyes,Black Hair,Living Characters,3,"2007, July",2007
4434,Bounty (New Earth),Secret Identity,Bad Characters,Brown Eyes,Black Hair,Living Characters,3,"1995, August",1995
4435,Theta (New Earth),Secret Identity,Bad Characters,Brown Eyes,Blond Hair,Living Characters,3,"2001, September",2001
4436,Minerva (New Earth),Secret Identity,Bad Characters,Brown Eyes,Brown Hair,Living Characters,3,"1996, December",1996
4437,Joel Cochin (New Earth),Secret Identity,Bad Characters,Brown Eyes,Brown Hair,Living Characters,3,"1984, March",1984
4438,David Zavimbi (New Earth),Secret Identity,Good Characters,Brown Eyes,Black Hair,Living Characters,3,"2011, May",2011
4439,Pinky Butler (New Earth),Secret Identity,Good Characters,Brown Eyes,Black Hair,Living Characters,3,"1996, February",1996
4440,Pamela (New Earth),Secret Identity,Unknown or None,Brown Eyes,Black Hair,Living Characters,3,"2001, March",2001
4441,Bes (New Earth),Secret Identity,Unknown or None,Brown Eyes,Brown Hair,Living Characters,3,"1991, May",1991
4442,Karna (New Earth),Unknown,Bad Characters,Brown Eyes,Black Hair,Living Characters,3,"2007, August",2007
4443,Silver Dragon (New Earth),Unknown,Bad Characters,Brown Eyes,Black Hair,Living Characters,3,"1994, October",1994
4444,Blaster (New Earth),Unknown,Bad Characters,Brown Eyes,Black Hair,Living Characters,3,"1993, June",1993
4445,Ashley Mavis Powell (New Earth),Unknown,Bad Characters,Brown Eyes,Black Hair,Living Characters,3,"1988, November",1988
4446,Eiji Hasegawa (New Earth),Unknown,Bad Characters,Brown Eyes,Black Hair,Deceased Characters,3,"1988, September",1988
4447,Riot (New Earth),Unknown,Bad Characters,Brown Eyes,Brown Hair,Living Characters,3,"1993, June",1993
4448,Executrix (Earth-One),Unknown,Bad Characters,Brown Eyes,Brown Hair,Living Characters,3,"1983, February",1983
4449,Anahid (New Earth),Unknown,Good Characters,Brown Eyes,Brown Hair,Deceased Characters,3,"1989, April",1989
4450,Skanda (New Earth),Unknown,Neutral Characters,Brown Eyes,Black Hair,Living Characters,3,"1999, October",1999
4451,Dolores Winters II (New Earth),Unknown,Unknown or None,Brown Eyes,Brown Hair,Living Characters,3,"1998, February",1998
4452,Shaxak (New Earth),Unknown,Unknown or None,Brown Eyes,Brown Hair,Living Characters,3,"1996, July",1996
4453,Allegra Garcia (New Earth),Public Identity,Bad Characters,Gold Eyes,Unknown or None,Living Characters,3,"2010, December",2010
4454,Kal-El (DC One Million),Public Identity,Good Characters,Gold Eyes,Gold Hair,Living Characters,3,"1998, November",1998
4455,Amber (New Earth),Secret Identity,Good Characters,Gold Eyes,Red Hair,Living Characters,3,"1987, December",1987
4456,Ahura-Mazda (New Earth),Unknown,Good Characters,Gold Eyes,Gold Hair,Deceased Characters,3,"1980, February",1980
4457,Una Nemo (New Earth),Public Identity,Bad Characters,Green Eyes,Black Hair,Living Characters,3,"2011, January",2011
4458,Galenthias (New Earth),Public Identity,Good Characters,Green Eyes,Black Hair,Living Characters,3,"2011, January",2011
4459,Gabrielle Kane (New Earth),Public Identity,Good Characters,Green Eyes,Blond Hair,Deceased Characters,3,"2009, September",2009
4460,Qurina Vint (New Earth),Public Identity,Good Characters,Green Eyes,Purple Hair,Living Characters,3,"2011, August",2011
4461,Adrasteia (New Earth),Public Identity,Good Characters,Green Eyes,Red Hair,Deceased Characters,3,"2011, January",2011
4462,Sardonyxx (New Earth),Public Identity,Good Characters,Green Eyes,Red Hair,Living Characters,3,"2008, May",2008
4463,Jacqueline Pemberton (New Earth),Public Identity,Good Characters,Green Eyes,Red Hair,Deceased Characters,3,"2005, April",2005
4464,Krydel-4 (New Earth),Public Identity,Good Characters,Green Eyes,Unknown or None,Living Characters,3,"2006, August",2006
4465,Carolyn Llewellyn (New Earth),Public Identity,Neutral Characters,Green Eyes,Unknown or None,Living Characters,3,"2006, October",2006
4466,Zoya Trigorin (New Earth),Public Identity,Unknown or None,Green Eyes,Unknown or None,Deceased Characters,3,"1987, September",1987
4467,Doll Face (New Earth),Secret Identity,Bad Characters,Green Eyes,Blond Hair,Living Characters,3,"2010, December",2010
4468,Goldilocks (New Earth),Secret Identity,Bad Characters,Green Eyes,Blond Hair,Living Characters,3,"2006, June",2006
4469,Kurt Stack (New Earth),Secret Identity,Bad Characters,Green Eyes,Red Hair,Living Characters,3,"1993, November",1993
4470,Joshua Walker (New Earth),Secret Identity,Bad Characters,Green Eyes,White Hair,Living Characters,3,"2008, June",2008
4471,Russell Wolf (New Earth),Secret Identity,Good Characters,Green Eyes,Black Hair,Living Characters,3,"1995, July",1995
4472,Fairy Queen (New Earth),Secret Identity,Good Characters,Green Eyes,Blond Hair,Living Characters,3,"2008, May",2008
4473,Walter Chase (New Earth),Secret Identity,Good Characters,Green Eyes,Blond Hair,Deceased Characters,3,"1998, July",1998
4474,Karsta Wor-Ul (New Earth),Secret Identity,Good Characters,Green Eyes,Red Hair,Living Characters,3,"2007, December",2007
4475,Miasma (New Earth),Unknown,Bad Characters,Green Eyes,Blond Hair,Living Characters,3,"1994, January",1994
4476,Katherine Riordan (New Earth),Unknown,Bad Characters,Green Eyes,Red Hair,Living Characters,3,"2000, December",2000
4477,Mabel Martin (New Earth),Unknown,Neutral Characters,Green Eyes,Blond Hair,Living Characters,3,"2006, October",2006
4478,Erik Gavlin (New Earth),Unknown,Unknown or None,Green Eyes,Blond Hair,Deceased Characters,3,"2006, June",2006
4479,Ral-Dar (New Earth),Public Identity,Bad Characters,Grey Eyes,Blond Hair,Living Characters,3,"2009, September",2009
4480,Professor Bibbowski (New Earth),Public Identity,Good Characters,Grey Eyes,Grey Hair,Living Characters,3,"1997, July",1997
4481,"Adam, Sector 1055 (New Earth)",Public Identity,Good Characters,Purple Eyes,Purple Hair,Living Characters,3,"1993, June",1993
4482,Sool (New Earth),Secret Identity,Unknown or None,Purple Eyes,Blond Hair,Living Characters,3,"1999, February",1999
4483,Belyllioth (New Earth),Public Identity,Bad Characters,Red Eyes,Brown Hair,Living Characters,3,"1996, June",1996
4484,Lava Lord (New Earth),Public Identity,Bad Characters,Red Eyes,Unknown or None,Living Characters,3,"1999, February",1999
4485,Deraegis (New Earth),Public Identity,Bad Characters,Red Eyes,Unknown or None,Deceased Characters,3,"1983, September",1983
4486,Taren (New Earth),Public Identity,Good Characters,Red Eyes,Red Hair,Deceased Characters,3,"1983, September",1983
4487,Caellich (New Earth),Public Identity,Neutral Characters,Red Eyes,Unknown or None,Deceased Characters,3,"1983, September",1983
4488,Shaggy Man II (New Earth),Secret Identity,Bad Characters,Red Eyes,Brown Hair,Living Characters,3,"1966, June",1966
4489,Payback (New Earth),Secret Identity,Bad Characters,Red Eyes,Green Hair,Living Characters,3,"1994, June",1994
4490,Megalith (New Earth),Secret Identity,Bad Characters,Red Eyes,Unknown or None,Living Characters,3,"2004, August",2004
4491,Xenon (New Earth),Secret Identity,Bad Characters,Red Eyes,White Hair,Living Characters,3,"2003, February",2003
4492,Hallucinatra (New Earth),Secret Identity,Bad Characters,Red Eyes,White Hair,Living Characters,3,"2002, August",2002
4493,Shivering Jemmy (New Earth),Unknown,Bad Characters,Red Eyes,Blond Hair,Living Characters,3,"1991, May",1991
4494,Scatter (New Earth),Unknown,Bad Characters,Red Eyes,Green Hair,Living Characters,3,"1994, June",1994
4495,Hetepkheti Tefnakhte (New Earth),Unknown,Bad Characters,Red Eyes,Unknown or None,Living Characters,3,"1975, December",1975
4496,Skyrd (New Earth),Unknown,Good Characters,Red Eyes,Unknown or None,Living Characters,3,"1981, May",1981
4497,Lucius (New Earth),Public Identity,Bad Characters,Unknown or None,Blond Hair,Deceased Characters,3,"2010, September",2010
4498,Car-Vex (New Earth),Public Identity,Bad Characters,Unknown or None,Brown Hair,Living Characters,3,"2010, May",2010
4499,Jarvis Poker (New Earth),Public Identity,Bad Characters,Unknown or None,Purple Hair,Deceased Characters,3,"2010, December",2010
4500,Ragnar (Green Lantern Animated Series),Public Identity,Bad Characters,Unknown or None,Unknown or None,Living Characters,3,"2012, March",2012
4501,Meershom (New Earth),Public Identity,Bad Characters,Unknown or None,Unknown or None,Deceased Characters,3,"2010, January",2010
4502,Quex-Ul (New Earth),Public Identity,Bad Characters,Unknown or None,White Hair,Deceased Characters,3,"2010, May",2010
4503,Cameron Kane (New Earth),Public Identity,Good Characters,Unknown or None,Black Hair,Living Characters,3,"2011, September",2011
4504,Shane Thompson (New Earth),Public Identity,Good Characters,Unknown or None,Unknown or None,Living Characters,3,"2010, December",2010
4505,Abraham Pointe (New Earth),Public Identity,Neutral Characters,Unknown or None,Blond Hair,Living Characters,3,"2010, September",2010
4506,Dust Devil (New Earth),Secret Identity,Bad Characters,Unknown or None,Black Hair,Living Characters,3,"2010, April",2010
4507,Nix (New Earth),Secret Identity,Bad Characters,Unknown or None,Black Hair,Living Characters,3,"2010, November",2010
4508,Inertia II (New Earth),Secret Identity,Bad Characters,Unknown or None,Blond Hair,Living Characters,3,"2011, September",2011
4509,Jennifer Blitz (New Earth),Secret Identity,Bad Characters,Unknown or None,Blond Hair,Living Characters,3,"2011, August",2011
4510,Tracey Graham (New Earth),Secret Identity,Bad Characters,Unknown or None,Brown Hair,Living Characters,3,"2011, June",2011
4511,Jock (New Earth),Secret Identity,Bad Characters,Unknown or None,Red Hair,Living Characters,3,"2010, December",2010
4512,Mimic (New Earth),Secret Identity,Bad Characters,Unknown or None,Unknown or None,Living Characters,3,"2011, February",2011
4513,Mudslide (New Earth),Secret Identity,Bad Characters,Unknown or None,Unknown or None,Living Characters,3,"2010, April",2010
4514,Salt of the Earth (New Earth),Secret Identity,Good Characters,Unknown or None,Brown Hair,Living Characters,3,"2010, December",2010
4515,Hammer II (New Earth),Secret Identity,Good Characters,Unknown or None,Unknown or None,Living Characters,3,"2010, December",2010
4516,Jay Young (New Earth),Secret Identity,Neutral Characters,Unknown or None,Blond Hair,Deceased Characters,3,"2011, September",2011
4517,Mechanic (New Earth),Secret Identity,Unknown or None,Unknown or None,Unknown or None,Living Characters,3,"2010, December",2010
4518,Janosz Valentin (New Earth),Unknown,Bad Characters,Unknown or None,Black Hair,Living Characters,3,"2011, April",2011
4519,Cybele Sahin (New Earth),Unknown,Bad Characters,Unknown or None,Black Hair,Living Characters,3,"2010, April",2010
4520,Doctor Demon (New Earth),Unknown,Bad Characters,Unknown or None,Blond Hair,Living Characters,3,"2010, April",2010
4521,Hunter II (New Earth),Unknown,Bad Characters,Unknown or None,Red Hair,Living Characters,3,"2010, April",2010
4522,Death Dinosaur (New Earth),Unknown,Bad Characters,Unknown or None,Unknown or None,Living Characters,3,"2010, December",2010
4523,Miranda Shrieve (New Earth),Unknown,Good Characters,Unknown or None,Brown Hair,Living Characters,3,"2011, August",2011
4524,Annie Palmer (New Earth),Unknown,Unknown or None,Unknown or None,Brown Hair,Living Characters,3,"2011, June",2011
4525,Garl Rathbone (New Earth),Public Identity,Good Characters,Violet Eyes,Black Hair,Living Characters,3,"1999, February",1999
4526,Auron (New Earth),Public Identity,Good Characters,White Eyes,Unknown or None,Deceased Characters,3,"1993, March",1993
4527,Split (New Earth),Secret Identity,Bad Characters,White Eyes,Blond Hair,Living Characters,3,"1994, July",1994
4528,Hu Wei (New Earth),Secret Identity,Bad Characters,White Eyes,White Hair,Deceased Characters,3,"2006, December",2006
4529,Thula (New Earth),Secret Identity,Good Characters,White Eyes,Black Hair,Living Characters,3,"1999, May",1999
4530,Oracle (New Earth),Secret Identity,Good Characters,White Eyes,Blond Hair,Living Characters,3,"2010, August",2010
4531,Chrysalis (New Earth),Secret Identity,Good Characters,White Eyes,Brown Hair,Living Characters,3,"1994, December",1994
4532,Miss Poltergeist (New Earth),Secret Identity,Good Characters,White Eyes,Purple Hair,Living Characters,3,"2008, May",2008
4533,Nina Mazursky (New Earth),Secret Identity,Good Characters,White Eyes,Unknown or None,Living Characters,3,"2011, August",2011
4534,Carnivora (New Earth),Unknown,Bad Characters,White Eyes,Purple Hair,Deceased Characters,3,"2001, December",2001
4535,Abyssma (New Earth),Unknown,Bad Characters,White Eyes,Unknown or None,Living Characters,3,"2008, January",2008
4536,Noah Pastenetti (New Earth),Public Identity,Bad Characters,Yellow Eyes,Unknown or None,Living Characters,3,"1995, April",1995
4537,Bloodmoney (New Earth),Unknown,Bad Characters,Yellow Eyes,Blond Hair,Living Characters,3,"1994, November",1994
4538,Bernard Emil Morlock (New Earth),Unknown,Bad Characters,Yellow Eyes,White Hair,Living Characters,3,"1994, December",1994
4539,Acheron (New Earth),Unknown,Good Characters,Yellow Eyes,Black Hair,Living Characters,3,"2007, April",2007
4540,Maelstrom (New Earth),Public Identity,Bad Characters,Unknown or None,Black Hair,Living Characters,3,"2009, January",2009
4541,Clarence McMullen (New Earth),Public Identity,Bad Characters,Unknown or None,Black Hair,Living Characters,3,"2005, February",2005
4542,Michael Sommers (New Earth),Public Identity,Bad Characters,Unknown or None,Black Hair,Living Characters,3,"2003, February",2003
4543,Isabella Feretti (New Earth),Public Identity,Bad Characters,Unknown or None,Black Hair,Deceased Characters,3,"2000, March",2000
4544,Birgit Eisenmann (New Earth),Public Identity,Bad Characters,Unknown or None,Black Hair,Deceased Characters,3,"1991, November",1991
4545,Shen Chi (New Earth),Public Identity,Bad Characters,Unknown or None,Black Hair,Living Characters,3,"1991, January",1991
4546,John Deleon (New Earth),Public Identity,Bad Characters,Unknown or None,Black Hair,Deceased Characters,3,"1969, November",1969
4547,Angel Devlin (New Earth),Public Identity,Bad Characters,Unknown or None,Black Hair,Living Characters,3,"1968, April",1968
4548,Benito Mussolini (New Earth),Public Identity,Bad Characters,Unknown or None,Black Hair,Living Characters,3,"1942, September",1942
4549,Heather Farr (New Earth),Public Identity,Bad Characters,Unknown or None,Blond Hair,Living Characters,3,"1995, July",1995
4550,Tender Mercy (New Earth),Public Identity,Bad Characters,Unknown or None,Blue Hair,Deceased Characters,3,"2010, April",2010
4551,Leonard Ruttman (New Earth),Public Identity,Bad Characters,Unknown or None,Brown Hair,Deceased Characters,3,"2009, November",2009
4552,Faora Hu-Ul (New Earth),Public Identity,Bad Characters,Unknown or None,Brown Hair,Living Characters,3,"2001, April",2001
4553,Eochaid Bres (New Earth),Public Identity,Bad Characters,Unknown or None,Green Hair,Living Characters,3,"1986, February",1986
4554,Jack Spheer (New Earth),Public Identity,Bad Characters,Unknown or None,Grey Hair,Living Characters,3,"2002, September",2002
4555,Enrico Inzerillo (New Earth),Public Identity,Bad Characters,Unknown or None,Grey Hair,Living Characters,3,"2000, June",2000
4556,Milo Armitage (New Earth),Public Identity,Bad Characters,Unknown or None,Grey Hair,Living Characters,3,"1997, September",1997
4557,Phillip Darrow (New Earth),Public Identity,Bad Characters,Unknown or None,Grey Hair,Living Characters,3,"1995, June",1995
4558,Goode Ole Bernie (New Earth),Public Identity,Bad Characters,Unknown or None,Red Hair,Living Characters,3,"1995, September",1995
4559,Merd (New Earth),Public Identity,Bad Characters,Unknown or None,Red Hair,Living Characters,3,"1992, February",1992
4560,Skwaul (New Earth),Public Identity,Bad Characters,Unknown or None,Unknown or None,Deceased Characters,3,"2009, April",2009
4561,Ampa Nnn (New Earth),Public Identity,Bad Characters,Unknown or None,Unknown or None,Living Characters,3,"2007, August",2007
4562,Ragnar (New Earth),Public Identity,Bad Characters,Unknown or None,Unknown or None,Deceased Characters,3,"2006, August",2006
4563,Concord (New Earth),Public Identity,Bad Characters,Unknown or None,Unknown or None,Living Characters,3,"1989, November",1989
4564,Kanis-Biz (New Earth),Public Identity,Bad Characters,Unknown or None,Unknown or None,Deceased Characters,3,"1989, June",1989
4565,Morris Burgess Brocklesby (New Earth),Public Identity,Bad Characters,Unknown or None,Unknown or None,Deceased Characters,3,"1989, January",1989
4566,Pietr Brenovich (New Earth),Public Identity,Bad Characters,Unknown or None,Unknown or None,Living Characters,3,"1986, December",1986
4567,T:D:H:D (New Earth),Public Identity,Bad Characters,Unknown or None,Unknown or None,Living Characters,3,1986,1986
4568,Head (New Earth),Public Identity,Bad Characters,Unknown or None,Unknown or None,Living Characters,3,"1972, October",1972
4569,Benito Gallo (New Earth),Public Identity,Bad Characters,Unknown or None,White Hair,Deceased Characters,3,"2000, March",2000
4570,Kijaro (New Earth),Public Identity,Bad Characters,Unknown or None,White Hair,Deceased Characters,3,"1998, August",1998
4571,Chad Solomon Kiyahani (New Earth),Public Identity,Good Characters,Unknown or None,Black Hair,Living Characters,3,"2003, July",2003
4572,Wallace Ebersol (New Earth),Public Identity,Good Characters,Unknown or None,Black Hair,Deceased Characters,3,"2000, September",2000
4573,Abu-Gita (New Earth),Public Identity,Good Characters,Unknown or None,Black Hair,Living Characters,3,1999,1999
4574,Frances Monaghan (New Earth),Public Identity,Good Characters,Unknown or None,Black Hair,Deceased Characters,3,"1999, March",1999
4575,Ulgo (New Earth),Public Identity,Good Characters,Unknown or None,Black Hair,Living Characters,3,1999,1999
4576,Kenn Kawa (New Earth),Public Identity,Good Characters,Unknown or None,Black Hair,Living Characters,3,"1997, February",1997
4577,Jared Walton (New Earth),Public Identity,Good Characters,Unknown or None,Brown Hair,Living Characters,3,"2006, November",2006
4578,Gonzalo Vasquez (New Earth),Public Identity,Good Characters,Unknown or None,Brown Hair,Living Characters,3,"1999, May",1999
4579,Helena Perrier (New Earth),Public Identity,Good Characters,Unknown or None,Brown Hair,Living Characters,3,"1996, September",1996
4580,Kendall Stuart (New Earth),Public Identity,Good Characters,Unknown or None,Brown Hair,Deceased Characters,3,"1996, March",1996
4581,Leanore We (New Earth),Public Identity,Good Characters,Unknown or None,Brown Hair,Living Characters,3,"1996, March",1996
4582,Ulysses Grant (New Earth),Public Identity,Good Characters,Unknown or None,Brown Hair,Living Characters,3,"1974, August",1974
4583,Kwintz (New Earth),Public Identity,Good Characters,Unknown or None,Orange Hair,Deceased Characters,3,"1995, April",1995
4584,Kentor Omoto (New Earth),Public Identity,Good Characters,Unknown or None,Purple Hair,Deceased Characters,3,"1993, September",1993
4585,Ermey (New Earth),Public Identity,Good Characters,Unknown or None,Red Hair,Deceased Characters,3,"2009, September",2009
4586,Colin Mitchell (New Earth),Public Identity,Good Characters,Unknown or None,Red Hair,Living Characters,3,"2003, July",2003
4587,David Page (New Earth),Public Identity,Good Characters,Unknown or None,Red Hair,Living Characters,3,"2003, July",2003
4588,Brenda Ruskin (New Earth),Public Identity,Good Characters,Unknown or None,Red Hair,Living Characters,3,"1997, February",1997
4589,Apalala (New Earth),Public Identity,Good Characters,Unknown or None,Unknown or None,Living Characters,3,"2008, May",2008
4590,Praetor (New Earth),Public Identity,Good Characters,Unknown or None,Unknown or None,Living Characters,3,"2005, September",2005
4591,Charles Graham (New Earth),Public Identity,Good Characters,Unknown or None,Unknown or None,Living Characters,3,"2003, October",2003
4592,Zaius (New Earth),Public Identity,Good Characters,Unknown or None,Unknown or None,Living Characters,3,"2003, August",2003
4593,Krakkl (New Earth),Public Identity,Good Characters,Unknown or None,Unknown or None,Deceased Characters,3,"1998, April",1998
4594,Clay Brody (New Earth),Public Identity,Good Characters,Unknown or None,Unknown or None,Living Characters,3,"1997, February",1997
4595,Umitu (New Earth),Public Identity,Good Characters,Unknown or None,Unknown or None,Living Characters,3,"1993, March",1993
4596,Gunther Steiner (New Earth),Public Identity,Good Characters,Unknown or None,Unknown or None,Living Characters,3,"1988, January",1988
4597,TO-T-U-K (New Earth),Public Identity,Good Characters,Unknown or None,Unknown or None,Deceased Characters,3,1987,1987
4598,Leezle Pon (New Earth),Public Identity,Good Characters,Unknown or None,Unknown or None,Living Characters,3,"1985, May",1985
4599,Yron (New Earth),Public Identity,Good Characters,Unknown or None,Unknown or None,Deceased Characters,3,"1984, November",1984
4600,Spak-Drom (New Earth),Public Identity,Good Characters,Unknown or None,Unknown or None,Deceased Characters,3,"1981, May",1981
4601,Djuba (New Earth),Public Identity,Good Characters,Unknown or None,Unknown or None,Deceased Characters,3,"1967, February",1967
4602,Emery Zackro (New Earth),Public Identity,Good Characters,Unknown or None,White Hair,Living Characters,3,"1951, June",1951
4603,Alan Markham (New Earth),Public Identity,Neutral Characters,Unknown or None,Black Hair,Living Characters,3,"1990, May",1990
4604,Theodora Twidgett (New Earth),Public Identity,Neutral Characters,Unknown or None,Red Hair,Living Characters,3,"1987, October",1987
4605,Harlan Brooks (New Earth),Public Identity,Neutral Characters,Unknown or None,Unknown or None,Living Characters,3,"1988, June",1988
4606,Alina (New Earth),Public Identity,Unknown or None,Unknown or None,Unknown or None,Living Characters,3,"2006, September",2006
4607,Beaki (New Earth),Public Identity,Unknown or None,Unknown or None,Unknown or None,Living Characters,3,"1992, January",1992
4608,David Shelby (New Earth),Public Identity,Unknown or None,Unknown or None,Unknown or None,Living Characters,3,"1991, December",1991
4609,Martina Mericloinka (New Earth),Public Identity,Unknown or None,Unknown or None,Black Hair,Living Characters,3,"1992, February",1992
4610,E. Wilbur Wolfingham (New Earth),Public Identity,Unknown or None,Unknown or None,Brown Hair,Living Characters,3,"1999, August",1999
4611,Zadar (New Earth),Secret Identity,Bad Characters,Unknown or None,Black Hair,Living Characters,3,"2010, July",2010
4612,Brown Recluse (New Earth),Secret Identity,Bad Characters,Unknown or None,Black Hair,Deceased Characters,3,"2009, August",2009
4613,Tanimin (New Earth),Secret Identity,Bad Characters,Unknown or None,Black Hair,Deceased Characters,3,"2009, October",2009
4614,Underhand (New Earth),Secret Identity,Bad Characters,Unknown or None,Black Hair,Living Characters,3,"2009, November",2009
4615,Bizarro Wonder Woman (New Earth),Secret Identity,Bad Characters,Unknown or None,Black Hair,Living Characters,3,"2007, November",2007
4616,Lady Liberty IV (New Earth),Secret Identity,Bad Characters,Unknown or None,Black Hair,Deceased Characters,3,"2006, June",2006
4617,Mohammed Ibn Bornu (New Earth),Secret Identity,Bad Characters,Unknown or None,Black Hair,Living Characters,3,"1994, April",1994
4618,Adolf Hitler Clone (New Earth),Secret Identity,Bad Characters,Unknown or None,Black Hair,Deceased Characters,3,"1986, June",1986
4619,Cheater (New Earth),Secret Identity,Bad Characters,Unknown or None,Blond Hair,Living Characters,3,"2007, September",2007
4620,Quartzite (New Earth),Secret Identity,Bad Characters,Unknown or None,Blond Hair,Living Characters,3,"1998, January",1998
4621,Jonathan Naissi (New Earth),Secret Identity,Bad Characters,Unknown or None,Blond Hair,Living Characters,3,"1994, April",1994
4622,Jonah (New Earth),Secret Identity,Bad Characters,Unknown or None,Blond Hair,Deceased Characters,3,"1986, April",1986
4623,Agrippina (New Earth),Secret Identity,Bad Characters,Unknown or None,Blue Hair,Deceased Characters,3,"2002, September",2002
4624,Harlan Combs (New Earth),Secret Identity,Bad Characters,Unknown or None,Brown Hair,Living Characters,3,"2003, March",2003
4625,Caliber (New Earth),Secret Identity,Bad Characters,Unknown or None,Brown Hair,Living Characters,3,"1994, January",1994
4626,Jackal II (New Earth),Secret Identity,Bad Characters,Unknown or None,Brown Hair,Living Characters,3,"1992, November",1992
4627,Lee Carver (New Earth),Secret Identity,Bad Characters,Unknown or None,Brown Hair,Living Characters,3,"1968, April",1968
4628,Albrecht Raines (New Earth),Secret Identity,Bad Characters,Unknown or None,Brown Hair,Living Characters,3,"1958, March",1958
4629,Bad Blood (New Earth),Secret Identity,Bad Characters,Unknown or None,Grey Hair,Deceased Characters,3,"1994, June",1994
4630,Violet of the Rainbow Raiders (New Earth),Secret Identity,Bad Characters,Unknown or None,Purple Hair,Deceased Characters,3,"2005, February",2005
4631,Red of the Rainbow Raiders (New Earth),Secret Identity,Bad Characters,Unknown or None,Red Hair,Deceased Characters,3,"2005, February",2005
4632,Death Dealer (New Earth),Secret Identity,Bad Characters,Unknown or None,Red Hair,Deceased Characters,3,"1984, August",1984
4633,Fly Lord (New Earth),Secret Identity,Bad Characters,Unknown or None,Unknown or None,Deceased Characters,3,"2009, October",2009
4634,Homunculus (New Earth),Secret Identity,Bad Characters,Unknown or None,Unknown or None,Living Characters,3,"2009, November",2009
4635,Miss Army Knife (New Earth),Secret Identity,Bad Characters,Unknown or None,Unknown or None,Deceased Characters,3,"2009, August",2009
4636,Phoney Baloney (New Earth),Secret Identity,Bad Characters,Unknown or None,Unknown or None,Deceased Characters,3,"2009, August",2009
4637,Rumble III (New Earth),Secret Identity,Bad Characters,Unknown or None,Unknown or None,Living Characters,3,"2009, September",2009
4638,Victor Goodman (New Earth),Secret Identity,Bad Characters,Unknown or None,Unknown or None,Living Characters,3,"2009, April",2009
4639,Killer Shark II (New Earth),Secret Identity,Bad Characters,Unknown or None,Unknown or None,Living Characters,3,"2008, March",2008
4640,Bizarro Flash (New Earth),Secret Identity,Bad Characters,Unknown or None,Unknown or None,Living Characters,3,"2007, November",2007
4641,Swastika (New Earth),Secret Identity,Bad Characters,Unknown or None,Unknown or None,Living Characters,3,"2007, March",2007
4642,Natas (New Earth),Secret Identity,Bad Characters,Unknown or None,Unknown or None,Living Characters,3,"2006, November",2006
4643,Blue of the Rainbow Raiders (New Earth),Secret Identity,Bad Characters,Unknown or None,Unknown or None,Deceased Characters,3,"2005, February",2005
4644,Gas Bag (New Earth),Secret Identity,Bad Characters,Unknown or None,Unknown or None,Deceased Characters,3,"2005, February",2005
4645,Green of the Rainbow Raiders (New Earth),Secret Identity,Bad Characters,Unknown or None,Unknown or None,Deceased Characters,3,"2005, February",2005
4646,Indigo of the Rainbow Raiders (New Earth),Secret Identity,Bad Characters,Unknown or None,Unknown or None,Deceased Characters,3,"2005, February",2005
4647,Orange of the Rainbow Raiders (New Earth),Secret Identity,Bad Characters,Unknown or None,Unknown or None,Deceased Characters,3,"2005, February",2005
4648,Splitshot (New Earth),Secret Identity,Bad Characters,Unknown or None,Unknown or None,Living Characters,3,"2005, October",2005
4649,Stanley Baumgarten (New Earth),Secret Identity,Bad Characters,Unknown or None,Unknown or None,Living Characters,3,"2005, April",2005
4650,Remnant (New Earth),Secret Identity,Bad Characters,Unknown or None,Unknown or None,Living Characters,3,"2003, January",2003
4651,Santa Klaus (New Earth),Secret Identity,Bad Characters,Unknown or None,Unknown or None,Living Characters,3,"2001, December",2001
4652,Groundswell (New Earth),Secret Identity,Bad Characters,Unknown or None,Unknown or None,Living Characters,3,"2000, May",2000
4653,Thrilldevil (New Earth),Secret Identity,Bad Characters,Unknown or None,Unknown or None,Living Characters,3,"2000, August",2000
4654,Redblade (New Earth),Secret Identity,Bad Characters,Unknown or None,Unknown or None,Deceased Characters,3,"1998, September",1998
4655,Baud (New Earth),Secret Identity,Bad Characters,Unknown or None,Unknown or None,Living Characters,3,"1997, September",1997
4656,NKVDemon III (New Earth),Secret Identity,Bad Characters,Unknown or None,Unknown or None,Deceased Characters,3,"1997, November",1997
4657,Nightfist (New Earth),Secret Identity,Bad Characters,Unknown or None,Unknown or None,Deceased Characters,3,"1996, September",1996
4658,Kemper Von Cart (New Earth),Secret Identity,Bad Characters,Unknown or None,Unknown or None,Living Characters,3,"1995, September",1995
4659,Mirror Master IV (New Earth),Secret Identity,Bad Characters,Unknown or None,Unknown or None,Living Characters,3,"1994, June",1994
4660,Peacemaker II (New Earth),Secret Identity,Bad Characters,Unknown or None,Unknown or None,Living Characters,3,"1994, June",1994
4661,Metalhead (New Earth),Secret Identity,Bad Characters,Unknown or None,Unknown or None,Living Characters,3,"1992, November",1992
4662,Misfit (New Earth),Secret Identity,Bad Characters,Unknown or None,Unknown or None,Living Characters,3,"1992, September",1992
4663,Plasmax (New Earth),Secret Identity,Bad Characters,Unknown or None,Unknown or None,Living Characters,3,"1990, December",1990
4664,Zyklon (New Earth),Secret Identity,Bad Characters,Unknown or None,Unknown or None,Living Characters,3,"1985, May",1985
4665,Incognito (New Earth),Secret Identity,Bad Characters,Unknown or None,Unknown or None,Living Characters,3,"1984, November",1984
4666,Pinball Wizard (Earth-One),Secret Identity,Bad Characters,Unknown or None,Unknown or None,Living Characters,3,"1984, October",1984
4667,Proteus (New Earth),Secret Identity,Bad Characters,Unknown or None,Unknown or None,Deceased Characters,3,"1984, October",1984
4668,Leroy Merkyn (New Earth),Secret Identity,Bad Characters,Unknown or None,Unknown or None,Deceased Characters,3,"1983, July",1983
4669,Ace of Spades I (New Earth),Secret Identity,Bad Characters,Unknown or None,Unknown or None,Living Characters,3,"1976, February",1976
4670,Doctor Drew (New Earth),Secret Identity,Bad Characters,Unknown or None,Unknown or None,Living Characters,3,"1966, November",1966
4671,Yellow Wasp (New Earth),Secret Identity,Bad Characters,Unknown or None,Unknown or None,Deceased Characters,3,"1943, August",1943
4672,Peter Silverstone (New Earth),Secret Identity,Bad Characters,Unknown or None,Unknown or None,Living Characters,3,,
4673,Sister Shadow (New Earth),Secret Identity,Bad Characters,Unknown or None,White Hair,Living Characters,3,"2006, July",2006
4674,Fixit (New Earth),Secret Identity,Bad Characters,Unknown or None,White Hair,Living Characters,3,"1996, October",1996
4675,Actuary (New Earth),Secret Identity,Bad Characters,Unknown or None,White Hair,Living Characters,3,"1995, March",1995
4676,Harlequin III (New Earth),Secret Identity,Bad Characters,Unknown or None,White Hair,Living Characters,3,"1993, June",1993
4677,Toy (New Earth),Secret Identity,Bad Characters,Unknown or None,White Hair,Deceased Characters,3,"1992, February",1992
4678,Cimarron (New Earth),Secret Identity,Good Characters,Unknown or None,Black Hair,Living Characters,3,"2000, September",2000
4679,Antonio Ramirez (Earth-One),Secret Identity,Good Characters,Unknown or None,Black Hair,Living Characters,3,"1981, October",1981
4680,Bananas (New Earth),Secret Identity,Good Characters,Unknown or None,Black Hair,Living Characters,3,"1975, September",1975
4681,Civet (New Earth),Secret Identity,Good Characters,Unknown or None,Brown Hair,Living Characters,3,"2008, May",2008
4682,Knob (New Earth),Secret Identity,Good Characters,Unknown or None,Brown Hair,Living Characters,3,"1998, May",1998
4683,Kieron Masterson (New Earth),Secret Identity,Good Characters,Unknown or None,Brown Hair,Deceased Characters,3,1993,1993
4684,Good Looks (New Earth),Secret Identity,Good Characters,Unknown or None,Brown Hair,Living Characters,3,"1975, September",1975
4685,Barnard Blaine (New Earth),Secret Identity,Good Characters,Unknown or None,Grey Hair,Living Characters,3,"2005, November",2005
4686,Krunch (New Earth),Secret Identity,Good Characters,Unknown or None,Red Hair,Living Characters,3,"1975, September",1975
4687,Adept (New Earth),Secret Identity,Good Characters,Unknown or None,Unknown or None,Living Characters,3,"2008, May",2008
4688,Brazen Man (New Earth),Secret Identity,Good Characters,Unknown or None,Unknown or None,Living Characters,3,"2008, May",2008
4689,Mister Meteor (New Earth),Secret Identity,Good Characters,Unknown or None,Unknown or None,Living Characters,3,"2008, May",2008
4690,Revenant (New Earth),Secret Identity,Good Characters,Unknown or None,Unknown or None,Living Characters,3,"2008, May",2008
4691,Non-Fat (New Earth),Secret Identity,Good Characters,Unknown or None,Unknown or None,Living Characters,3,"1975, September",1975
4692,Crassus (New Earth),Secret Identity,Neutral Characters,Unknown or None,Unknown or None,Living Characters,3,"1994, March",1994
4693,Krystal (New Earth),Secret Identity,Unknown or None,Unknown or None,Black Hair,Deceased Characters,3,"2006, September",2006
4694,White Lotus (New Earth),Secret Identity,Unknown or None,Unknown or None,Black Hair,Living Characters,3,"1995, April",1995
4695,Palmer Cokes (New Earth),Unknown,Bad Characters,Unknown or None,Black Hair,Living Characters,3,"2008, October",2008
4696,Louisa Falcone (New Earth),Unknown,Bad Characters,Unknown or None,Black Hair,Living Characters,3,"2005, February",2005
4697,Queen of Spades III (New Earth),Unknown,Bad Characters,Unknown or None,Black Hair,Living Characters,3,"2005, October",2005
4698,Richard Agoras (New Earth),Unknown,Bad Characters,Unknown or None,Black Hair,Living Characters,3,"1999, December",1999
4699,William Bruce Smith (New Earth),Unknown,Bad Characters,Unknown or None,Black Hair,Living Characters,3,"1999, February",1999
4700,Motalla (New Earth),Unknown,Bad Characters,Unknown or None,Black Hair,Living Characters,3,"1997, June",1997
4701,Spectrumonster (New Earth),Unknown,Bad Characters,Unknown or None,Black Hair,Living Characters,3,"1987, July",1987
4702,Dancer (New Earth),Unknown,Bad Characters,Unknown or None,Black Hair,Living Characters,3,"1973, March",1973
4703,Joseph Zedno (New Earth),Unknown,Bad Characters,Unknown or None,Blond Hair,Living Characters,3,"1997, May",1997
4704,Roy Pinto (New Earth),Unknown,Bad Characters,Unknown or None,Blond Hair,Living Characters,3,"1958, November",1958
4705,Noose (New Earth),Unknown,Bad Characters,Unknown or None,Blond Hair,Deceased Characters,3,,
4706,Tor-An (New Earth),Unknown,Bad Characters,Unknown or None,Brown Hair,Deceased Characters,3,"2009, May",2009
4707,Artemis Freeker (New Earth),Unknown,Bad Characters,Unknown or None,Brown Hair,Living Characters,3,"1997, February",1997
4708,Rumble II (New Earth),Unknown,Bad Characters,Unknown or None,Brown Hair,Living Characters,3,"1994, January",1994
4709,Wildside (New Earth),Unknown,Bad Characters,Unknown or None,Brown Hair,Living Characters,3,"1994, January",1994
4710,Michael Ryer (New Earth),Unknown,Bad Characters,Unknown or None,Brown Hair,Living Characters,3,"1993, December",1993
4711,Rebel I (New Earth),Unknown,Bad Characters,Unknown or None,Brown Hair,Living Characters,3,"1993, June",1993
4712,Andre Sinclair (New Earth),Unknown,Bad Characters,Unknown or None,Brown Hair,Living Characters,3,"1992, February",1992
4713,Shadowblade (New Earth),Unknown,Bad Characters,Unknown or None,Brown Hair,Deceased Characters,3,"1988, November",1988
4714,Doctor Aesop (New Earth),Unknown,Bad Characters,Unknown or None,Grey Hair,Living Characters,3,"2008, September",2008
4715,Napalm I (New Earth),Unknown,Bad Characters,Unknown or None,Red Hair,Living Characters,3,"1993, June",1993
4716,Dob Zagil (New Earth),Unknown,Bad Characters,Unknown or None,Red Hair,Deceased Characters,3,"1992, December",1992
4717,Titaness (New Earth),Unknown,Bad Characters,Unknown or None,Red Hair,Living Characters,3,"1983, October",1983
4718,Anton Allegro (New Earth),Unknown,Bad Characters,Unknown or None,Red Hair,Living Characters,3,"1979, February",1979
4719,Edward Cantwell (New Earth),Unknown,Bad Characters,Unknown or None,Red Hair,Deceased Characters,3,"1979, November",1979
4720,Edward Whit (New Earth),Unknown,Bad Characters,Unknown or None,Red Hair,Living Characters,3,"1966, October",1966
4721,Big Top (New Earth),Unknown,Bad Characters,Unknown or None,Unknown or None,Living Characters,3,"2009, August",2009
4722,Kushti (New Earth),Unknown,Bad Characters,Unknown or None,Unknown or None,Living Characters,3,"2009, August",2009
4723,Moe Blum (New Earth),Unknown,Bad Characters,Unknown or None,Unknown or None,Living Characters,3,"2008, April",2008
4724,Haasp (New Earth),Unknown,Bad Characters,Unknown or None,Unknown or None,Living Characters,3,"2007, August",2007
4725,Setag Retss (New Earth),Unknown,Bad Characters,Unknown or None,Unknown or None,Living Characters,3,"2007, August",2007
4726,Sirket (New Earth),Unknown,Bad Characters,Unknown or None,Unknown or None,Living Characters,3,"2007, August",2007
4727,Komrade Krabb (New Earth),Unknown,Bad Characters,Unknown or None,Unknown or None,Living Characters,3,"2006, November",2006
4728,Erasmus Rayne (New Earth),Unknown,Bad Characters,Unknown or None,Unknown or None,Deceased Characters,3,"2003, July",2003
4729,Kafka (New Earth),Unknown,Bad Characters,Unknown or None,Unknown or None,Living Characters,3,"2001, December",2001
4730,Cary Richards (New Earth),Unknown,Bad Characters,Unknown or None,Unknown or None,Living Characters,3,"2000, June",2000
4731,Ripjak (New Earth),Unknown,Bad Characters,Unknown or None,Unknown or None,Living Characters,3,"2000, August",2000
4732,Long Tom (New Earth),Unknown,Bad Characters,Unknown or None,Unknown or None,Deceased Characters,3,"1999, February",1999
4733,Morgan Wilde (New Earth),Unknown,Bad Characters,Unknown or None,Unknown or None,Living Characters,3,"1998, February",1998
4734,Pythia III (New Earth),Unknown,Bad Characters,Unknown or None,Unknown or None,Living Characters,3,"1996, January",1996
4735,Chama Sierra (New Earth),Unknown,Bad Characters,Unknown or None,Unknown or None,Living Characters,3,"1995, November",1995
4736,Curtis Heller (New Earth),Unknown,Bad Characters,Unknown or None,Unknown or None,Living Characters,3,"1995, July",1995
4737,Kathana (New Earth),Unknown,Bad Characters,Unknown or None,Unknown or None,Living Characters,3,"1994, June",1994
4738,Steelhawk (New Earth),Unknown,Bad Characters,Unknown or None,Unknown or None,Living Characters,3,"1994, June",1994
4739,Mahayogi (New Earth),Unknown,Bad Characters,Unknown or None,Unknown or None,Deceased Characters,3,"1993, October",1993
4740,Slodd (New Earth),Unknown,Bad Characters,Unknown or None,Unknown or None,Deceased Characters,3,"1993, August",1993
4741,Queequeg (New Earth),Unknown,Bad Characters,Unknown or None,Unknown or None,Living Characters,3,"1992, January",1992
4742,Curtis Eisenmann (New Earth),Unknown,Bad Characters,Unknown or None,Unknown or None,Living Characters,3,"1991, November",1991
4743,Yalan Gur (New Earth),Unknown,Bad Characters,Unknown or None,Unknown or None,Deceased Characters,3,"1991, December",1991
4744,Overman (Animal Man),Unknown,Bad Characters,Unknown or None,Unknown or None,Living Characters,3,"1990, May",1990
4745,Thomas Jarred (New Earth),Unknown,Bad Characters,Unknown or None,Unknown or None,Deceased Characters,3,"1990, February",1990
4746,Jonas Sloe (New Earth),Unknown,Bad Characters,Unknown or None,Unknown or None,Living Characters,3,"1989, November",1989
4747,Hfuhruhurr (New Earth),Unknown,Bad Characters,Unknown or None,Unknown or None,Living Characters,3,1987,1987
4748,Macro-Man (New Earth),Unknown,Bad Characters,Unknown or None,Unknown or None,Deceased Characters,3,"1986, November",1986
4749,Jonathan Kelsey (Earth-One),Unknown,Bad Characters,Unknown or None,Unknown or None,Living Characters,3,"1982, July",1982
4750,Mole (New Earth),Unknown,Bad Characters,Unknown or None,Unknown or None,Living Characters,3,"1982, August",1982
4751,Ward Gilbert (New Earth),Unknown,Bad Characters,Unknown or None,Unknown or None,Living Characters,3,"1982, September",1982
4752,Ayrn (New Earth),Unknown,Bad Characters,Unknown or None,Unknown or None,Living Characters,3,"1977, August",1977
4753,Benjamin Stryker (New Earth),Unknown,Bad Characters,Unknown or None,Unknown or None,Deceased Characters,3,"1977, May",1977
4754,Brola (New Earth),Unknown,Bad Characters,Unknown or None,Unknown or None,Living Characters,3,"1971, May",1971
4755,Kurin (New Earth),Unknown,Bad Characters,Unknown or None,Unknown or None,Deceased Characters,3,"1971, May",1971
4756,Lorelei I (New Earth),Unknown,Bad Characters,Unknown or None,Unknown or None,Living Characters,3,"1948, February",1948
4757,Trygg (New Earth),Unknown,Bad Characters,Unknown or None,Unknown or None,Living Characters,3,"1940, June",1940
4758,Frederick Steddy (New Earth),Unknown,Bad Characters,Unknown or None,White Hair,Living Characters,3,"1989, November",1989
4759,Montgomery Moran (New Earth),Unknown,Bad Characters,Unknown or None,White Hair,Living Characters,3,"1958, September",1958
4760,Earl James (New Earth),Unknown,Good Characters,Unknown or None,Black Hair,Deceased Characters,3,"1999, April",1999
4761,Ice Sickle (New Earth),Unknown,Good Characters,Unknown or None,Black Hair,Deceased Characters,3,"1999, February",1999
4762,Spotted Balls (New Earth),Unknown,Good Characters,Unknown or None,Black Hair,Deceased Characters,3,"1999, February",1999
4763,Eloise Longacre (New Earth),Unknown,Good Characters,Unknown or None,Black Hair,Living Characters,3,"1989, July",1989
4764,Niobe (New Earth),Unknown,Good Characters,Unknown or None,Black Hair,Living Characters,3,"1989, December",1989
4765,Davo Yull (New Earth),Unknown,Good Characters,Unknown or None,Black Hair,Deceased Characters,3,"1967, January",1967
4766,Eric Stewart (New Earth),Unknown,Good Characters,Unknown or None,Blond Hair,Living Characters,3,"2003, July",2003
4767,Marian Mercer (New Earth),Unknown,Good Characters,Unknown or None,Blond Hair,Living Characters,3,"1992, June",1992
4768,Tag-A-Long Thomas (New Earth),Unknown,Good Characters,Unknown or None,Blond Hair,Living Characters,3,"1961, November",1961
4769,"Roy Harper, Sr. (New Earth)",Unknown,Good Characters,Unknown or None,Blond Hair,Deceased Characters,3,"1943, March",1943
4770,Rak Arranya (New Earth),Unknown,Good Characters,Unknown or None,Brown Hair,Deceased Characters,3,1996,1996
4771,Clio (New Earth),Unknown,Good Characters,Unknown or None,Brown Hair,Living Characters,3,"1989, December",1989
4772,Roger Dayton (New Earth),Unknown,Good Characters,Unknown or None,Brown Hair,Living Characters,3,"1988, December",1988
4773,Denise de Sevigne (New Earth),Unknown,Good Characters,Unknown or None,Brown Hair,Living Characters,3,"1968, September",1968
4774,Mitchell Sekofsky (New Earth),Unknown,Good Characters,Unknown or None,Red Hair,Living Characters,3,"1988, November",1988
4775,Ruth Monroe (New Earth),Unknown,Good Characters,Unknown or None,Red Hair,Living Characters,3,"1976, July",1976
4776,Magus Eximus (New Earth),Unknown,Good Characters,Unknown or None,Unknown or None,Deceased Characters,3,"2008, May",2008
4777,Steppe (New Earth),Unknown,Good Characters,Unknown or None,Unknown or None,Deceased Characters,3,"2007, December",2007
4778,Tarkus Whin (New Earth),Unknown,Good Characters,Unknown or None,Unknown or None,Deceased Characters,3,"2005, November",2005
4779,El Yaguarette (New Earth),Unknown,Good Characters,Unknown or None,Unknown or None,Living Characters,3,"2000, September",2000
4780,Tundra (New Earth),Unknown,Good Characters,Unknown or None,Unknown or None,Living Characters,3,"1994, December",1994
4781,Linus Powell (New Earth),Unknown,Good Characters,Unknown or None,Unknown or None,Living Characters,3,"1993, September",1993
4782,John Dandy (New Earth),Unknown,Good Characters,Unknown or None,Unknown or None,Living Characters,3,"1992, January",1992
4783,Benjamin Harrison Hayes (New Earth),Unknown,Good Characters,Unknown or None,Unknown or None,Living Characters,3,"1990, August",1990
4784,Squagga (New Earth),Unknown,Good Characters,Unknown or None,Unknown or None,Deceased Characters,3,"1990, April",1990
4785,T-Cher (New Earth),Unknown,Good Characters,Unknown or None,Unknown or None,Living Characters,3,"1983, August",1983
4786,Starker (New Earth),Unknown,Good Characters,Unknown or None,Unknown or None,Living Characters,3,"1970, June",1970
4787,Chogar (New Earth),Unknown,Good Characters,Unknown or None,Unknown or None,Deceased Characters,3,"1967, September",1967
4788,David Hand (New Earth),Unknown,Good Characters,Unknown or None,Unknown or None,Living Characters,3,"1964, June",1964
4789,Joseph Hand (New Earth),Unknown,Good Characters,Unknown or None,Unknown or None,Living Characters,3,"1964, June",1964
4790,Wee Willie (New Earth),Unknown,Good Characters,Unknown or None,Unknown or None,Living Characters,3,"1961, October",1961
4791,"Osiris, God of the Dead (New Earth)",Unknown,Good Characters,Unknown or None,Unknown or None,Living Characters,3,,
4792,Slow Go Smith (New Earth),Unknown,Good Characters,Unknown or None,White Hair,Deceased Characters,3,"1993, August",1993
4793,Wissen (New Earth),Unknown,Good Characters,Unknown or None,White Hair,Living Characters,3,1987,1987
4794,Elmira Cassiday (New Earth),Unknown,Good Characters,Unknown or None,White Hair,Living Characters,3,"1984, January",1984
4795,Ki-Nilg (New Earth),Unknown,Good Characters,Unknown or None,White Hair,Deceased Characters,3,"1965, October",1965
4796,Agatha Wayne (New Earth),Unknown,Good Characters,Unknown or None,White Hair,Living Characters,3,"1955, February",1955
4797,Shor (New Earth),Unknown,Neutral Characters,Unknown or None,Black Hair,Living Characters,3,"2009, May",2009
4798,Four of Spades I (New Earth),Unknown,Neutral Characters,Unknown or None,Black Hair,Living Characters,3,"1990, July",1990
4799,Nine of Spades I (New Earth),Unknown,Neutral Characters,Unknown or None,Black Hair,Living Characters,3,"1990, July",1990
4800,Seven of Spades I (New Earth),Unknown,Neutral Characters,Unknown or None,Black Hair,Living Characters,3,"1990, July",1990
4801,Six of Spades I (New Earth),Unknown,Neutral Characters,Unknown or None,Black Hair,Living Characters,3,"1990, July",1990
4802,Two of Spades I (New Earth),Unknown,Neutral Characters,Unknown or None,Black Hair,Living Characters,3,"1990, July",1990
4803,Adam (New Earth),Unknown,Neutral Characters,Unknown or None,Black Hair,Living Characters,3,,
4804,Rebecca Tyler (New Earth),Unknown,Neutral Characters,Unknown or None,Blond Hair,Living Characters,3,"1999, December",1999
4805,Crackshot (New Earth),Unknown,Neutral Characters,Unknown or None,Blond Hair,Living Characters,3,"1996, August",1996
4806,Eight of Spades I (New Earth),Unknown,Neutral Characters,Unknown or None,Blond Hair,Living Characters,3,"1990, July",1990
4807,Henry Claridge (New Earth),Unknown,Neutral Characters,Unknown or None,Brown Hair,Deceased Characters,3,"1940, June",1940
4808,Three of Spades I (New Earth),Unknown,Neutral Characters,Unknown or None,Red Hair,Living Characters,3,"1990, July",1990
4809,Quentin Galloway (New Earth),Unknown,Neutral Characters,Unknown or None,Unknown or None,Living Characters,3,"2003, December",2003
4810,Bizarro Supergirl (New Earth),Unknown,Neutral Characters,Unknown or None,Unknown or None,Living Characters,3,"2001, November",2001
4811,Jamm (New Earth),Unknown,Neutral Characters,Unknown or None,Unknown or None,Living Characters,3,1993,1993
4812,Jeb Turnbull (New Earth),Unknown,Neutral Characters,Unknown or None,Unknown or None,Living Characters,3,"1974, August",1974
4813,"Proteus, God of Changes (New Earth)",Unknown,Neutral Characters,Unknown or None,Unknown or None,Living Characters,3,"1964, October",1964
4814,Ronald Edwards (New Earth),Unknown,Neutral Characters,Unknown or None,White Hair,Living Characters,3,"2006, September",2006
4815,Mammitu (New Earth),Unknown,Unknown or None,Unknown or None,Unknown or None,Living Characters,3,"2002, January",2002
4816,Shiva Nataraja (New Earth),Unknown,Unknown or None,Unknown or None,Unknown or None,Living Characters,3,"1999, September",1999
4817,Norfulthing (New Earth),Unknown,Unknown or None,Unknown or None,Unknown or None,Living Characters,3,"1988, November",1988
4818,Juan Montez (New Earth),Unknown,Unknown or None,Unknown or None,Unknown or None,Living Characters,3,"1986, September",1986
4819,Frederick Cantrell (New Earth),Unknown,Unknown or None,Unknown or None,Unknown or None,Living Characters,3,"1984, March",1984
4820,Myrna Hayden (New Earth),Unknown,Unknown or None,Unknown or None,Unknown or None,Living Characters,3,"1984, July",1984
4821,Mazdan (Earth-One),Unknown,Unknown or None,Unknown or None,Unknown or None,Living Characters,3,"1956, October",1956
4822,Morrigan (New Earth),Unknown,Unknown or None,Unknown or None,Black Hair,Living Characters,3,"1998, August",1998
4823,Susano-o-no-Mikoto (New Earth),Unknown,Unknown or None,Unknown or None,Black Hair,Living Characters,3,"1991, May",1991
4824,Devem (New Earth),Unknown,Unknown or None,Unknown or None,Brown Hair,Living Characters,3,"2006, May",2006
4825,Bear Boy (New Earth),Unknown,Unknown or None,Unknown or None,Brown Hair,Living Characters,3,"1999, February",1999
4826,Richard Grant (New Earth),Unknown,Unknown or None,Unknown or None,Brown Hair,Living Characters,3,"1990, April",1990
4827,Julian Hayden (New Earth),Unknown,Unknown or None,Unknown or None,Brown Hair,Living Characters,3,"1984, July",1984
4828,Auralie (New Earth),Unknown,Unknown or None,Unknown or None,Brown Hair,Deceased Characters,3,"1972, August",1972
4829,Fred Kincaid (New Earth),Unknown,Unknown or None,Unknown or None,Brown Hair,Living Characters,3,"1949, December",1949
4830,Sally Milton (New Earth),Public Identity,Unknown or None,Auburn Hair,Unknown or None,Living Characters,2,"1988, Holiday",1988
4831,Bixby Rhodes (New Earth),Public Identity,Bad Characters,Black Eyes,Black Hair,Living Characters,2,"2011, June",2011
4832,Enyo (New Earth),Public Identity,Bad Characters,Black Eyes,Black Hair,Living Characters,2,"2011, January",2011
4833,Sebastian Rothschild (New Earth),Public Identity,Bad Characters,Black Eyes,Black Hair,Living Characters,2,"2010, April",2010
4834,Bizarro Doomsday (New Earth),Public Identity,Bad Characters,Black Eyes,Black Hair,Living Characters,2,"2007, November",2007
4835,Uriah (New Earth),Public Identity,Bad Characters,Black Eyes,Black Hair,Living Characters,2,"2007, February",2007
4836,Spaulding (New Earth),Public Identity,Bad Characters,Black Eyes,Black Hair,Living Characters,2,"1987, September",1987
4837,Rhombus (New Earth),Public Identity,Bad Characters,Black Eyes,White Hair,Living Characters,2,"1997, November",1997
4838,Sen-M (New Earth),Public Identity,Good Characters,Black Eyes,Black Hair,Living Characters,2,"1988, January",1988
4839,Nelson Mandutu (New Earth),Public Identity,Good Characters,Black Eyes,Black Hair,Deceased Characters,2,"1986, August",1986
4840,Loral (New Earth),Public Identity,Good Characters,Black Eyes,Black Hair,Living Characters,2,"1944, December",1944
4841,Phil (New Earth),Public Identity,Good Characters,Black Eyes,Brown Hair,Living Characters,2,"2010, October",2010
4842,Bloobert Cob (New Earth),Public Identity,Good Characters,Black Eyes,Unknown or None,Deceased Characters,2,"1966, July",1966
4843,Charity Bleak (New Earth),Public Identity,Neutral Characters,Black Eyes,Black Hair,Living Characters,2,"2005, June",2005
4844,Submissionary Judah (New Earth),Public Identity,Neutral Characters,Black Eyes,Black Hair,Deceased Characters,2,"2005, June",2005
4845,Mayor Fleming (New Earth),Public Identity,Unknown or None,Black Eyes,Black Hair,Living Characters,2,"2010, December",2010
4846,Akhlut (New Earth),Secret Identity,Bad Characters,Black Eyes,Black Hair,Deceased Characters,2,"2008, August",2008
4847,Bang Bang (New Earth),Secret Identity,Bad Characters,Black Eyes,Black Hair,Living Characters,2,"1996, July",1996
4848,Flamesplasher (New Earth),Secret Identity,Bad Characters,Black Eyes,Black Hair,Living Characters,2,"1977, April",1977
4849,Matatoa (New Earth),Secret Identity,Bad Characters,Black Eyes,Blond Hair,Living Characters,2,"2001, June",2001
4850,Patty Patty (New Earth),Secret Identity,Bad Characters,Black Eyes,Blond Hair,Living Characters,2,"1996, July",1996
4851,Charliehorse (New Earth),Secret Identity,Bad Characters,Black Eyes,Brown Hair,Living Characters,2,"2005, November",2005
4852,Eamon Garcia (New Earth),Secret Identity,Bad Characters,Black Eyes,Unknown or None,Living Characters,2,"2005, May",2005
4853,Fauna Faust (New Earth),Secret Identity,Bad Characters,Black Eyes,White Hair,Deceased Characters,2,"1995, March",1995
4854,Kent Thurston (New Earth),Secret Identity,Good Characters,Black Eyes,Blond Hair,Deceased Characters,2,"1988, May",1988
4855,Millions (New Earth),Secret Identity,Good Characters,Black Eyes,White Hair,Living Characters,2,"2005, November",2005
4856,Strato (New Earth),Secret Identity,Neutral Characters,Black Eyes,Grey Hair,Living Characters,2,"2005, July",2005
4857,Tempter (New Earth),Unknown,Bad Characters,Black Eyes,Black Hair,Living Characters,2,"1972, February",1972
4858,Rafael Santini (New Earth),Public Identity,Bad Characters,Blue Eyes,Black Hair,Living Characters,2,"1990, January",1990
4859,Lyle Blanco (New Earth),Public Identity,Bad Characters,Blue Eyes,Blond Hair,Living Characters,2,"2009, October",2009
4860,Matches Malone (New Earth),Public Identity,Bad Characters,Blue Eyes,Brown Hair,Deceased Characters,2,"2001, April",2001
4861,Lucia Viti (New Earth),Public Identity,Bad Characters,Blue Eyes,Brown Hair,Deceased Characters,2,"1999, December",1999
4862,Johnny Vitti (New Earth),Public Identity,Bad Characters,Blue Eyes,Brown Hair,Deceased Characters,2,"1987, February",1987
4863,Matvei Rodor (New Earth),Public Identity,Bad Characters,Blue Eyes,Red Hair,Living Characters,2,"1988, March",1988
4864,Evan Gibson (New Earth),Public Identity,Good Characters,Blue Eyes,Black Hair,Living Characters,2,"2010, August",2010
4865,Kathryn George (New Earth),Public Identity,Good Characters,Blue Eyes,Black Hair,Living Characters,2,"1990, July",1990
4866,Thormon Tox (New Earth),Public Identity,Good Characters,Blue Eyes,Blond Hair,Deceased Characters,2,"2006, December",2006
4867,Shelly Gaynor (New Earth),Public Identity,Good Characters,Blue Eyes,Blond Hair,Deceased Characters,2,"2005, April",2005
4868,Henry Kucharski (New Earth),Public Identity,Good Characters,Blue Eyes,Blond Hair,Living Characters,2,"2004, December",2004
4869,Joshua Barbazon (New Earth),Public Identity,Good Characters,Blue Eyes,Blond Hair,Living Characters,2,1989,1989
4870,Sheila Dover (New Earth),Public Identity,Good Characters,Blue Eyes,Blond Hair,Living Characters,2,"1966, January",1966
4871,Sweryn Kania (New Earth),Public Identity,Good Characters,Blue Eyes,Red Hair,Living Characters,2,"1988, February",1988
4872,Kan-Z (New Earth),Public Identity,Neutral Characters,Blue Eyes,Blond Hair,Living Characters,2,"1987, December",1987
4873,James Craddock II (New Earth),Public Identity,Neutral Characters,Blue Eyes,White Hair,Living Characters,2,"1995, June",1995
4874,Tolteca (New Earth),Secret Identity,Bad Characters,Blue Eyes,Black Hair,Living Characters,2,"2002, September",2002
4875,Wrath (Earth-One),Secret Identity,Bad Characters,Blue Eyes,Black Hair,Deceased Characters,2,"1984, June",1984
4876,David Rennington (New Earth),Secret Identity,Bad Characters,Blue Eyes,Black Hair,Living Characters,2,"1982, January",1982
4877,Clifton Lacey (New Earth),Secret Identity,Bad Characters,Blue Eyes,Black Hair,Deceased Characters,2,"1976, May",1976
4878,Antiphon (New Earth),Secret Identity,Bad Characters,Blue Eyes,Blond Hair,Living Characters,2,"2002, September",2002
4879,Death-Doll (New Earth),Secret Identity,Bad Characters,Blue Eyes,Blond Hair,Living Characters,2,"1996, October",1996
4880,Eva Green (New Earth),Secret Identity,Bad Characters,Blue Eyes,Blond Hair,Living Characters,2,"1996, November",1996
4881,Holly Green (New Earth),Secret Identity,Bad Characters,Blue Eyes,Blond Hair,Living Characters,2,"1996, November",1996
4882,Sturges Hellstrom (Earth-One),Secret Identity,Bad Characters,Blue Eyes,Brown Hair,Deceased Characters,2,"1984, August",1984
4883,Curtis Base (New Earth),Secret Identity,Bad Characters,Blue Eyes,Green Hair,Living Characters,2,"1990, July",1990
4884,Macro (New Earth),Secret Identity,Bad Characters,Blue Eyes,Red Hair,Living Characters,2,"2007, September",2007
4885,Gamesman (New Earth),Secret Identity,Bad Characters,Blue Eyes,Unknown or None,Living Characters,2,"1997, August",1997
4886,Madame X (New Earth),Secret Identity,Bad Characters,Blue Eyes,White Hair,Living Characters,2,"2002, January",2002
4887,Headhunter I (New Earth),Secret Identity,Bad Characters,Blue Eyes,White Hair,Living Characters,2,"1992, December",1992
4888,Trey Thompson (New Earth),Secret Identity,Good Characters,Blue Eyes,Black Hair,Deceased Characters,2,"2007, February",2007
4889,Cachiru (New Earth),Secret Identity,Good Characters,Blue Eyes,Black Hair,Living Characters,2,"2000, September",2000
4890,Timothy Simms (New Earth),Secret Identity,Good Characters,Blue Eyes,Black Hair,Living Characters,2,"1988, May",1988
4891,Warhammer (New Earth),Secret Identity,Good Characters,Blue Eyes,Blond Hair,Deceased Characters,2,"1996, October",1996
4892,Equinox (New Earth),Secret Identity,Good Characters,Blue Eyes,Blond Hair,Living Characters,2,"1994, September",1994
4893,Balder (New Earth),Secret Identity,Good Characters,Blue Eyes,Blond Hair,Living Characters,2,"1991, October",1991
4894,Empathy (New Earth),Secret Identity,Good Characters,Blue Eyes,Red Hair,Living Characters,2,"2008, March",2008
4895,Prohl Gosgotha (New Earth),Secret Identity,Good Characters,Blue Eyes,Unknown or None,Deceased Characters,2,"1999, December",1999
4896,Billy (New Earth),Secret Identity,Good Characters,Blue Eyes,Unknown or None,Living Characters,2,"1976, January",1976
4897,Iris Phelios (New Earth),Unknown,Bad Characters,Blue Eyes,Black Hair,Living Characters,2,"1992, July",1992
4898,Immortal (New Earth),Unknown,Bad Characters,Blue Eyes,Blond Hair,Deceased Characters,2,"1993, October",1993
4899,Rico Strada (New Earth),Unknown,Bad Characters,Blue Eyes,Blond Hair,Living Characters,2,,
4900,Wormhole (New Earth),Unknown,Bad Characters,Blue Eyes,Brown Hair,Deceased Characters,2,"2004, August",2004
4901,Frederick Abberline (New Earth),Unknown,Good Characters,Blue Eyes,Black Hair,Living Characters,2,"2009, February",2009
4902,Sister Sunlight (New Earth),Unknown,Good Characters,Blue Eyes,Blond Hair,Living Characters,2,"1998, May",1998
4903,William West (New Earth),Unknown,Good Characters,Blue Eyes,Unknown or None,Living Characters,2,"1961, April",1961
4904,Allison Addison (New Earth),Unknown,Unknown or None,Blue Eyes,Brown Hair,Living Characters,2,"2007, May",2007
4905,Benjamin Vitale (New Earth),Public Identity,Bad Characters,Brown Eyes,Black Hair,Living Characters,2,"2010, September",2010
4906,Kru-El (New Earth),Public Identity,Bad Characters,Brown Eyes,Black Hair,Deceased Characters,2,"2001, April",2001
4907,Wardell Washington (New Earth),Public Identity,Bad Characters,Brown Eyes,Black Hair,Living Characters,2,"1999, October",1999
4908,Roscoe Barrow (New Earth),Public Identity,Bad Characters,Brown Eyes,Black Hair,Living Characters,2,"1991, May",1991
4909,Ebenezer Biggs (New Earth),Public Identity,Bad Characters,Brown Eyes,Blond Hair,Living Characters,2,"1999, January",1999
4910,General Good (New Earth),Public Identity,Bad Characters,Brown Eyes,Brown Hair,Living Characters,2,"2001, July",2001
4911,Marlon Dall (New Earth),Public Identity,Bad Characters,Brown Eyes,Brown Hair,Living Characters,2,"1997, September",1997
4912,Anton Schott (New Earth),Public Identity,Bad Characters,Brown Eyes,Red Hair,Living Characters,2,"2011, January",2011
4913,Kekona (New Earth),Public Identity,Bad Characters,Brown Eyes,Unknown or None,Living Characters,2,"1996, December",1996
4914,Bison-Black-As-Midnight-Sky (New Earth),Public Identity,Bad Characters,Brown Eyes,White Hair,Deceased Characters,2,"1982, June",1982
4915,Esteban Sanchez (New Earth),Public Identity,Good Characters,Brown Eyes,Black Hair,Living Characters,2,1989,1989
4916,Lawrence Gonzalez (New Earth),Public Identity,Good Characters,Brown Eyes,Black Hair,Living Characters,2,"1988, July",1988
4917,Todd Rice (Some Years Later),Public Identity,Good Characters,Brown Eyes,Brown Hair,Living Characters,2,"2009, February",2009
4918,Helen Helligan (New Earth),Public Identity,Good Characters,Brown Eyes,Brown Hair,Deceased Characters,2,"2005, August",2005
4919,Bernell Jones (New Earth),Public Identity,Good Characters,Brown Eyes,Brown Hair,Deceased Characters,2,"1997, August",1997
4920,Trevis (New Earth),Public Identity,Good Characters,Brown Eyes,Brown Hair,Deceased Characters,2,"1990, September",1990
4921,Viro (New Earth),Public Identity,Good Characters,Brown Eyes,Grey Hair,Deceased Characters,2,"1990, May",1990
4922,Ran-L (New Earth),Public Identity,Good Characters,Brown Eyes,White Hair,Living Characters,2,"1987, December",1987
4923,Robert Castell (New Earth),Public Identity,Neutral Characters,Brown Eyes,Black Hair,Living Characters,2,"2006, June",2006
4924,Orunmilla (New Earth),Public Identity,Neutral Characters,Brown Eyes,Black Hair,Living Characters,2,"1997, October",1997
4925,Horten Spence (New Earth),Public Identity,Neutral Characters,Brown Eyes,Black Hair,Living Characters,2,"1992, March",1992
4926,Hanuman (New Earth),Public Identity,Neutral Characters,Brown Eyes,Brown Hair,Living Characters,2,"1999, October",1999
4927,Jarod Dale (New Earth),Public Identity,Unknown or None,Brown Eyes,Blond Hair,Living Characters,2,"2007, May",2007
4928,Adele Drew (New Earth),Public Identity,Unknown or None,Brown Eyes,Brown Hair,Deceased Characters,2,"1996, June",1996
4929,Burton Thompson (New Earth),Public Identity,Unknown or None,Brown Eyes,Brown Hair,Living Characters,2,"1996, July",1996
4930,Techno (New Earth),Secret Identity,Bad Characters,Brown Eyes,Black Hair,Living Characters,2,"1995, January",1995
4931,Hardsell (New Earth),Secret Identity,Bad Characters,Brown Eyes,Black Hair,Living Characters,2,"1994, October",1994
4932,Crimesmith (New Earth),Secret Identity,Bad Characters,Brown Eyes,Black Hair,Living Characters,2,"1990, January",1990
4933,William Beezer (New Earth),Secret Identity,Bad Characters,Brown Eyes,Blond Hair,Living Characters,2,"2005, October",2005
4934,All-Beard (New Earth),Secret Identity,Bad Characters,Brown Eyes,Grey Hair,Deceased Characters,2,"2005, May",2005
4935,Jon Standing Bear (New Earth),Secret Identity,Good Characters,Brown Eyes,Black Hair,Deceased Characters,2,"2006, October",2006
4936,Aruna Shende (New Earth),Secret Identity,Good Characters,Brown Eyes,Black Hair,Living Characters,2,"2000, August",2000
4937,Don Caballero (New Earth),Secret Identity,Good Characters,Brown Eyes,Black Hair,Deceased Characters,2,"1951, May",1951
4938,Ken Thurston (New Earth),Secret Identity,Good Characters,Brown Eyes,Brown Hair,Deceased Characters,2,"2007, January",2007
4939,Hammeroon (New Earth),Secret Identity,Good Characters,Brown Eyes,Brown Hair,Deceased Characters,2,"1999, February",1999
4940,Sabine Roth (New Earth),Secret Identity,Good Characters,Brown Eyes,Grey Hair,Living Characters,2,"2008, February",2008
4941,Marie Saloppe (New Earth),Secret Identity,Good Characters,Brown Eyes,Strawberry Blond Hair,Living Characters,2,"1989, January",1989
4942,Wizened Sage (New Earth),Secret Identity,Neutral Characters,Brown Eyes,Black Hair,Living Characters,2,1987,1987
4943,Maggie Mxyzptlk (New Earth),Secret Identity,Neutral Characters,Brown Eyes,Brown Hair,Living Characters,2,"2011, February",2011
4944,Magda (New Earth),Unknown,Bad Characters,Brown Eyes,Black Hair,Deceased Characters,2,"2007, September",2007
4945,Helen Belcanto (New Earth),Unknown,Bad Characters,Brown Eyes,Black Hair,Living Characters,2,"1996, July",1996
4946,Miliza (New Earth),Unknown,Bad Characters,Brown Eyes,Black Hair,Living Characters,2,"1991, November",1991
4947,Mustapha Maksai (New Earth),Unknown,Bad Characters,Brown Eyes,Black Hair,Living Characters,2,"1985, January",1985
4948,Feathered Serpent (Earth-Two),Unknown,Bad Characters,Brown Eyes,Blond Hair,Living Characters,2,"1982, January",1982
4949,Mur (New Earth),Unknown,Bad Characters,Brown Eyes,Brown Hair,Living Characters,2,"2009, January",2009
4950,Nine of Diamonds I (New Earth),Unknown,Bad Characters,Brown Eyes,Brown Hair,Living Characters,2,"2002, February",2002
4951,Dolmen (New Earth),Unknown,Bad Characters,Brown Eyes,Brown Hair,Living Characters,2,"1999, August",1999
4952,Unclean (New Earth),Unknown,Bad Characters,Brown Eyes,Brown Hair,Living Characters,2,"1994, June",1994
4953,Steven Sharpe V (New Earth),Unknown,Bad Characters,Brown Eyes,Brown Hair,Living Characters,2,"1990, July",1990
4954,Pallas (New Earth),Unknown,Good Characters,Brown Eyes,Black Hair,Living Characters,2,"1998, March",1998
4955,Harris Blaine (New Earth),Unknown,Good Characters,Brown Eyes,Black Hair,Deceased Characters,2,"1972, June",1972
4956,Charlotte Blackwood (New Earth),Unknown,Good Characters,Brown Eyes,Brown Hair,Living Characters,2,"2010, December",2010
4957,Kane Milohai (New Earth),Unknown,Good Characters,Brown Eyes,Brown Hair,Deceased Characters,2,"2008, February",2008
4958,Batiri (New Earth),Unknown,Good Characters,Brown Eyes,Brown Hair,Living Characters,2,"1989, September",1989
4959,Kadesha Banu (New Earth),Unknown,Good Characters,Brown Eyes,Brown Hair,Deceased Characters,2,"1989, May",1989
4960,Jake Donnelly (New Earth),Unknown,Neutral Characters,Brown Eyes,Black Hair,Living Characters,2,"2008, October",2008
4961,Tamara Belson (New Earth),Unknown,Neutral Characters,Brown Eyes,Brown Hair,Living Characters,2,,
4962,Albart (New Earth),Unknown,Neutral Characters,Brown Eyes,White Hair,Living Characters,2,"1990, March",1990
4963,Julie Greer (New Earth),Unknown,Unknown or None,Brown Eyes,Blond Hair,Living Characters,2,"2007, October",2007
4964,Anne Carver (New Earth),Unknown,Unknown or None,Brown Eyes,Brown Hair,Deceased Characters,2,"2003, July",2003
4965,Karl Zorn (New Earth),Unknown,Unknown or None,Brown Eyes,White Hair,Living Characters,2,"2010, July",2010
4966,Majistra (New Earth),Public Identity,Bad Characters,Gold Eyes,Black Hair,Living Characters,2,"1983, February",1983
4967,Dev-Em (New Earth),Public Identity,Bad Characters,Green Eyes,Purple Hair,Living Characters,2,"2007, August",2007
4968,Cynthia Brand (New Earth),Public Identity,Bad Characters,Green Eyes,Red Hair,Living Characters,2,"1997, February",1997
4969,Nina Dowd (New Earth),Public Identity,Bad Characters,Green Eyes,Unknown or None,Living Characters,2,"1998, September",1998
4970,Eyra-L (New Earth),Public Identity,Good Characters,Green Eyes,Black Hair,Living Characters,2,"1987, December",1987
4971,Dana Rubikskova (New Earth),Public Identity,Good Characters,Green Eyes,Brown Hair,Living Characters,2,1989,1989
4972,Qanda (New Earth),Public Identity,Good Characters,Green Eyes,Orange Hair,Living Characters,2,"2006, November",2006
4973,Lotta (New Earth),Public Identity,Good Characters,Green Eyes,Purple Hair,Living Characters,2,"2010, October",2010
4974,Illya (New Earth),Public Identity,Good Characters,Green Eyes,Red Hair,Deceased Characters,2,"1990, May",1990
4975,Alera (New Earth),Public Identity,Good Characters,Green Eyes,White Hair,Living Characters,2,"2010, October",2010
4976,Catherine Hamilton (New Earth),Public Identity,Neutral Characters,Green Eyes,Brown Hair,Living Characters,2,"2009, October",2009
4977,Ramona (New Earth),Public Identity,Unknown or None,Green Eyes,Blond Hair,Living Characters,2,"1992, May",1992
4978,Sally Marsden (New Earth),Public Identity,Unknown or None,Green Eyes,Red Hair,Living Characters,2,"1998, May",1998
4979,Kajz Dox (Pre-Zero Hour),Secret Identity,Bad Characters,Green Eyes,Blond Hair,Living Characters,2,"1965, August",1965
4980,Packrat (New Earth),Secret Identity,Bad Characters,Green Eyes,Brown Hair,Living Characters,2,"1999, January",1999
4981,Zephyr (New Earth),Secret Identity,Bad Characters,Green Eyes,Red Hair,Living Characters,2,"1994, March",1994
4982,Brain-Bandit (New Earth),Secret Identity,Bad Characters,Green Eyes,Unknown or None,Living Characters,2,"1994, March",1994
4983,Hollywood (New Earth),Secret Identity,Good Characters,Green Eyes,Red Hair,Living Characters,2,"2005, November",2005
4984,Anya Savenlovich (New Earth),Secret Identity,Good Characters,Green Eyes,Red Hair,Living Characters,2,"1999, February",1999
4985,Slats Mehlville (New Earth),Secret Identity,Good Characters,Green Eyes,Red Hair,Living Characters,2,"1988, May",1988
4986,Bizarro Brainiac (New Earth),Secret Identity,Neutral Characters,Green Eyes,Unknown or None,Living Characters,2,"2007, December",2007
4987,Brendt Sorensen (New Earth),Unknown,Bad Characters,Green Eyes,Red Hair,Living Characters,2,"2011, January",2011
4988,Ophelia Day (New Earth),Unknown,Bad Characters,Green Eyes,Red Hair,Living Characters,2,"2011, April",2011
4989,Princess Emerald I (New Earth),Unknown,Unknown or None,Green Eyes,Brown Hair,Deceased Characters,2,"1983, August",1983
4990,Marleah (New Earth),Public Identity,Bad Characters,Grey Eyes,Brown Hair,Living Characters,2,"1990, March",1990
4991,Lisa Morice (New Earth),Public Identity,Good Characters,Grey Eyes,Strawberry Blond Hair,Living Characters,2,,
4992,Bette Noir (New Earth),Secret Identity,Bad Characters,Grey Eyes,Black Hair,Living Characters,2,"1999, February",1999
4993,Goldstar (New Earth),Unknown,Bad Characters,Grey Eyes,Unknown or None,Living Characters,2,"1988, February",1988
4994,Casey Krinsky (New Earth),Public Identity,Bad Characters,Hazel Eyes,Blond Hair,Living Characters,2,"2004, October",2004
4995,Gulacia (New Earth),Public Identity,Neutral Characters,Hazel Eyes,Brown Hair,Living Characters,2,"1990, May",1990
4996,Katherine Viverrida (New Earth),Unknown,Unknown or None,Orange Eyes,Unknown or None,Living Characters,2,"1995, November",1995
4997,Warbox (New Earth),Public Identity,Bad Characters,Photocellular Eyes,Unknown or None,Living Characters,2,"2007, November",2007
4998,Kelor (New Earth),Public Identity,Neutral Characters,Photocellular Eyes,Unknown or None,Living Characters,2,"1988, February",1988
4999,Platinum Man (New Earth),Secret Identity,Bad Characters,Photocellular Eyes,Unknown or None,Living Characters,2,"1968, July",1968
5000,Gold Girl (New Earth),Secret Identity,Good Characters,Photocellular Eyes,Unknown or None,Living Characters,2,"1968, July",1968
5001,Iron Girl (New Earth),Secret Identity,Good Characters,Photocellular Eyes,Unknown or None,Living Characters,2,"1968, July",1968
5002,Lead Girl (New Earth),Secret Identity,Good Characters,Photocellular Eyes,Unknown or None,Living Characters,2,"1968, July",1968
5003,Mercury Girl (New Earth),Secret Identity,Good Characters,Photocellular Eyes,Unknown or None,Living Characters,2,"1968, July",1968
5004,Dolores Pratchet (New Earth),Public Identity,Bad Characters,Red Eyes,Red Hair,Living Characters,2,"2000, January",2000
5005,Chaq (New Earth),Public Identity,Bad Characters,Red Eyes,Unknown or None,Living Characters,2,"1992, October",1992
5006,Quarzz Teranh (New Earth),Public Identity,Good Characters,Red Eyes,Brown Hair,Deceased Characters,2,"1982, April",1982
5007,Prince Ruby (New Earth),Public Identity,Good Characters,Red Eyes,Red Hair,Living Characters,2,"1985, July",1985
5008,Acolyte (New Earth),Secret Identity,Bad Characters,Red Eyes,Blue Hair,Living Characters,2,"1999, June",1999
5009,Dante (New Earth),Secret Identity,Bad Characters,Red Eyes,Brown Hair,Living Characters,2,"1999, September",1999
5010,Drakul Karfang (New Earth),Secret Identity,Bad Characters,Red Eyes,Unknown or None,Deceased Characters,2,"2000, November",2000
5011,Plutonium Man (New Earth),Secret Identity,Good Characters,Red Eyes,Unknown or None,Deceased Characters,2,"1976, May",1976
5012,White Spider (New Earth),Unknown,Bad Characters,Red Eyes,White Hair,Deceased Characters,2,"1993, January",1993
5013,Aten (New Earth),Unknown,Good Characters,Red Eyes,Unknown or None,Living Characters,2,"2000, May",2000
5014,Quentin Quantis (New Earth),Unknown,Unknown or None,Red Eyes,Grey Hair,Living Characters,2,"1985, July",1985
5015,Fura (New Earth),Public Identity,Bad Characters,White Eyes,Unknown or None,Deceased Characters,2,"1944, December",1944
5016,Orlan (New Earth),Public Identity,Good Characters,White Eyes,Unknown or None,Living Characters,2,"2009, January",2009
5017,Caitiff (New Earth),Public Identity,Neutral Characters,White Eyes,Brown Hair,Deceased Characters,2,"1986, March",1986
5018,Mircea (New Earth),Secret Identity,Bad Characters,White Eyes,Black Hair,Living Characters,2,"2007, April",2007
5019,Zaladin (New Earth),Secret Identity,Bad Characters,White Eyes,Black Hair,Living Characters,2,"2003, July",2003
5020,Zhang Xiaomei (New Earth),Secret Identity,Bad Characters,White Eyes,Unknown or None,Living Characters,2,"2005, October",2005
5021,Colin Brandywine (New Earth),Secret Identity,Good Characters,White Eyes,Black Hair,Living Characters,2,"1993, September",1993
5022,Notional Man (New Earth),Unknown,Bad Characters,White Eyes,White Hair,Living Characters,2,"1990, November",1990
5023,Sela Allen (New Earth),Unknown,Good Characters,White Eyes,Unknown or None,Living Characters,2,"1999, March",1999
5024,Horigal (New Earth),Public Identity,Bad Characters,Yellow Eyes,Black Hair,Living Characters,2,"2005, June",2005
5025,George Tweedle (New Earth),Public Identity,Bad Characters,Yellow Eyes,Black Hair,Living Characters,2,"1995, March",1995
5026,Zone Child (New Earth),Public Identity,Bad Characters,Yellow Eyes,Unknown or None,Living Characters,2,"2011, May",2011
5027,Midas (New Earth),Secret Identity,Bad Characters,Yellow Eyes,Gold Hair,Living Characters,2,"1965, November",1965
5028,Izanami (New Earth),Unknown,Bad Characters,Yellow Eyes,Black Hair,Living Characters,2,"2002, July",2002
5029,Ebikar Hrui (New Earth),Unknown,Good Characters,Yellow Eyes,Green Hair,Deceased Characters,2,"2000, February",2000
5030,Lan Dibbux (New Earth),Unknown,Good Characters,Yellow Eyes,Unknown or None,Living Characters,2,"1993, December",1993
5031,Lord of Limbo (Earth-One),Identity Unknown,Bad Characters,Unknown or None,Unknown or None,Living Characters,2,"1980, April",1980
5032,Akahara (New Earth),Public Identity,Bad Characters,Unknown or None,Black Hair,Deceased Characters,2,"2004, October",2004
5033,Erik Verdalian (New Earth),Public Identity,Bad Characters,Unknown or None,Black Hair,Living Characters,2,"2004, December",2004
5034,Edward Skeevers (New Earth),Public Identity,Bad Characters,Unknown or None,Black Hair,Deceased Characters,2,"1999, December",1999
5035,Ferris Boyle (New Earth),Public Identity,Bad Characters,Unknown or None,Black Hair,Living Characters,2,"1997, May",1997
5036,Matthew Nieman (New Earth),Public Identity,Bad Characters,Unknown or None,Black Hair,Living Characters,2,"1994, December",1994
5037,Jiv Reduu (New Earth),Public Identity,Bad Characters,Unknown or None,Black Hair,Deceased Characters,2,"1991, August",1991
5038,Darren Jones (New Earth),Public Identity,Bad Characters,Unknown or None,Black Hair,Living Characters,2,"1990, August",1990
5039,Peter Lomax (New Earth),Public Identity,Bad Characters,Unknown or None,Black Hair,Living Characters,2,"1985, April",1985
5040,Synnar (New Earth),Public Identity,Bad Characters,Unknown or None,Black Hair,Deceased Characters,2,"1984, November",1984
5041,Strega I (New Earth),Public Identity,Bad Characters,Unknown or None,Blond Hair,Deceased Characters,2,"1995, March",1995
5042,Andrew Haskell (New Earth),Public Identity,Bad Characters,Unknown or None,Blond Hair,Deceased Characters,2,"1988, December",1988
5043,Wes Anselm (New Earth),Public Identity,Bad Characters,Unknown or None,Blond Hair,Deceased Characters,2,"1988, December",1988
5044,Louis Yagger (New Earth),Public Identity,Bad Characters,Unknown or None,Blond Hair,Living Characters,2,"1982, May",1982
5045,Manuel Carlito (New Earth),Public Identity,Bad Characters,Unknown or None,Brown Hair,Living Characters,2,"2011, May",2011
5046,Frankie Carbone (New Earth),Public Identity,Bad Characters,Unknown or None,Brown Hair,Deceased Characters,2,"1997, February",1997
5047,Joe Bandano (New Earth),Public Identity,Bad Characters,Unknown or None,Brown Hair,Deceased Characters,2,"1997, February",1997
5048,Daniel Maris (New Earth),Public Identity,Bad Characters,Unknown or None,Brown Hair,Deceased Characters,2,"1996, March",1996
5049,Sinthia (New Earth),Public Identity,Bad Characters,Unknown or None,Brown Hair,Living Characters,2,"1996, June",1996
5050,Dispatcher (New Earth),Public Identity,Bad Characters,Unknown or None,Brown Hair,Deceased Characters,2,"1991, July",1991
5051,George Lawton (New Earth),Public Identity,Bad Characters,Unknown or None,Brown Hair,Deceased Characters,2,"1988, December",1988
5052,Thomas Dawson (New Earth),Public Identity,Bad Characters,Unknown or None,Grey Hair,Deceased Characters,2,"1999, March",1999
5053,Luigi Maroni (New Earth),Public Identity,Bad Characters,Unknown or None,Grey Hair,Deceased Characters,2,"1997, August",1997
5054,Vera Klopis (New Earth),Public Identity,Bad Characters,Unknown or None,Pink Hair,Living Characters,2,"2006, June",2006
5055,William II (New Earth),Public Identity,Bad Characters,Unknown or None,Unknown or None,Living Characters,2,"2011, February",2011
5056,Chair (New Earth),Public Identity,Bad Characters,Unknown or None,Unknown or None,Living Characters,2,"2010, April",2010
5057,Narok (New Earth),Public Identity,Bad Characters,Unknown or None,Unknown or None,Deceased Characters,2,"2010, January",2010
5058,Viktor Burgos (New Earth),Public Identity,Bad Characters,Unknown or None,Unknown or None,Deceased Characters,2,"2010, June",2010
5059,Canis Major (New Earth),Public Identity,Bad Characters,Unknown or None,Unknown or None,Living Characters,2,"2001, August",2001
5060,Thurber Avian (New Earth),Public Identity,Bad Characters,Unknown or None,Unknown or None,Deceased Characters,2,"1997, November",1997
5061,Harmon (New Earth),Public Identity,Bad Characters,Unknown or None,Unknown or None,Living Characters,2,"1989, November",1989
5062,Volunteer (New Earth),Public Identity,Bad Characters,Unknown or None,Unknown or None,Living Characters,2,"1989, October",1989
5063,Edward Arling (New Earth),Public Identity,Bad Characters,Unknown or None,Unknown or None,Living Characters,2,"1988, February",1988
5064,Genevieve Pitt (New Earth),Public Identity,Bad Characters,Unknown or None,Unknown or None,Deceased Characters,2,"1988, November",1988
5065,Telman Davies (New Earth),Public Identity,Bad Characters,Unknown or None,Unknown or None,Living Characters,2,"1966, September",1966
5066,Brains Beldon (Earth-One),Public Identity,Bad Characters,Unknown or None,Unknown or None,Living Characters,2,"1962, March",1962
5067,William Dawson (New Earth),Public Identity,Bad Characters,Unknown or None,Unknown or None,Living Characters,2,"1962, March",1962
5068,Trata (New Earth),Public Identity,Bad Characters,Unknown or None,Unknown or None,Living Characters,2,"1946, May",1946
5069,Clive (New Earth),Public Identity,Bad Characters,Unknown or None,White Hair,Deceased Characters,2,"2011, March",2011
5070,Elijah (New Earth),Public Identity,Bad Characters,Unknown or None,White Hair,Deceased Characters,2,"2010, October",2010
5071,Malia (New Earth),Public Identity,Bad Characters,Unknown or None,White Hair,Living Characters,2,"2010, January",2010
5072,Solomon Perggia (New Earth),Public Identity,Bad Characters,Unknown or None,White Hair,Deceased Characters,2,"1994, June",1994
5073,Conrad Bloch (New Earth),Public Identity,Bad Characters,Unknown or None,White Hair,Deceased Characters,2,"1981, March",1981
5074,Rayhan Mazin (New Earth),Public Identity,Good Characters,Unknown or None,Black Hair,Living Characters,2,"2011, July",2011
5075,Kathryn Monaghan (New Earth),Public Identity,Good Characters,Unknown or None,Black Hair,Deceased Characters,2,"1999, March",1999
5076,Trafalgo (New Earth),Public Identity,Good Characters,Unknown or None,Black Hair,Living Characters,2,1999,1999
5077,Zolog (New Earth),Public Identity,Good Characters,Unknown or None,Black Hair,Living Characters,2,1999,1999
5078,Kenneth Wayne (New Earth),Public Identity,Good Characters,Unknown or None,Black Hair,Deceased Characters,2,"1997, October",1997
5079,Darius Wayne (New Earth),Public Identity,Good Characters,Unknown or None,Black Hair,Living Characters,2,"1989, May",1989
5080,Salima Baranizar (New Earth),Public Identity,Good Characters,Unknown or None,Black Hair,Deceased Characters,2,"1988, January",1988
5081,Luri Hoshid (New Earth),Public Identity,Good Characters,Unknown or None,Black Hair,Living Characters,2,"1986, May",1986
5082,Makaira (New Earth),Public Identity,Good Characters,Unknown or None,Black Hair,Living Characters,2,"1986, February",1986
5083,Martin Kramer (New Earth),Public Identity,Good Characters,Unknown or None,Black Hair,Deceased Characters,2,"1986, May",1986
5084,Peter Farley (New Earth),Public Identity,Good Characters,Unknown or None,Black Hair,Living Characters,2,"1984, January",1984
5085,Ralph Jackson (New Earth),Public Identity,Good Characters,Unknown or None,Black Hair,Deceased Characters,2,"1945, March",1945
5086,Henry Hackenbacker (New Earth),Public Identity,Good Characters,Unknown or None,Blond Hair,Living Characters,2,"2011, March",2011
5087,Harris D. Ledbetter (New Earth),Public Identity,Good Characters,Unknown or None,Blond Hair,Deceased Characters,2,"2005, April",2005
5088,Jon Riksson (New Earth),Public Identity,Good Characters,Unknown or None,Blond Hair,Living Characters,2,"1992, August",1992
5089,Magnar (New Earth),Public Identity,Good Characters,Unknown or None,Blond Hair,Deceased Characters,2,"1972, March",1972
5090,Henri Ducart (New Earth),Public Identity,Good Characters,Unknown or None,Brown Hair,Living Characters,2,"2010, May",2010
5091,Alkistis (New Earth),Public Identity,Good Characters,Unknown or None,Brown Hair,Living Characters,2,"2009, December",2009
5092,Melinda Spyros (New Earth),Public Identity,Good Characters,Unknown or None,Brown Hair,Deceased Characters,2,"2004, December",2004
5093,Kobe Asuru (New Earth),Public Identity,Good Characters,Unknown or None,Brown Hair,Deceased Characters,2,"2003, September",2003
5094,Saraday (New Earth),Public Identity,Good Characters,Unknown or None,Brown Hair,Deceased Characters,2,"2000, July",2000
5095,Henry Lee Jordan (New Earth),Public Identity,Good Characters,Unknown or None,Brown Hair,Living Characters,2,"1999, September",1999
5096,Cesare Sabatini (New Earth),Public Identity,Good Characters,Unknown or None,Brown Hair,Living Characters,2,"1992, July",1992
5097,Benjamin Lindgren (New Earth),Public Identity,Good Characters,Unknown or None,Brown Hair,Deceased Characters,2,"1986, May",1986
5098,Jason Jordan (New Earth),Public Identity,Good Characters,Unknown or None,Brown Hair,Living Characters,2,"1978, October",1978
5099,Carter Nichols (New Earth),Public Identity,Good Characters,Unknown or None,Brown Hair,Deceased Characters,2,,
5100,Susan Kent (New Earth),Public Identity,Good Characters,Unknown or None,Grey Hair,Living Characters,2,"1996, February",1996
5101,Marcus Teman (New Earth),Public Identity,Good Characters,Unknown or None,Unknown or None,Living Characters,2,"2011, May",2011
5102,Samuel Aerons (New Earth),Public Identity,Good Characters,Unknown or None,Unknown or None,Living Characters,2,"2009, October",2009
5103,Primat (New Earth),Public Identity,Good Characters,Unknown or None,Unknown or None,Living Characters,2,"2008, July",2008
5104,Peredur (New Earth),Public Identity,Good Characters,Unknown or None,Unknown or None,Living Characters,2,"2005, May",2005
5105,David Davies (New Earth),Public Identity,Good Characters,Unknown or None,Unknown or None,Living Characters,2,"2004, December",2004
5106,Arel (New Earth),Public Identity,Good Characters,Unknown or None,Unknown or None,Living Characters,2,"1995, December",1995
5107,Elbiam (New Earth),Public Identity,Good Characters,Unknown or None,Unknown or None,Living Characters,2,"1995, December",1995
5108,Lumiun (New Earth),Public Identity,Good Characters,Unknown or None,Unknown or None,Living Characters,2,"1995, December",1995
5109,Marsosh (New Earth),Public Identity,Good Characters,Unknown or None,Unknown or None,Living Characters,2,"1995, December",1995
5110,Ribalvei (New Earth),Public Identity,Good Characters,Unknown or None,Unknown or None,Living Characters,2,"1995, December",1995
5111,Voldar (New Earth),Public Identity,Good Characters,Unknown or None,Unknown or None,Living Characters,2,"1995, December",1995
5112,Madame Nature (New Earth),Public Identity,Good Characters,Unknown or None,Unknown or None,Living Characters,2,"1989, April",1989
5113,Marie (New Earth),Public Identity,Good Characters,Unknown or None,Unknown or None,Living Characters,2,"1989, June",1989
5114,Edward Lawton (New Earth),Public Identity,Good Characters,Unknown or None,Unknown or None,Deceased Characters,2,"1988, December",1988
5115,Bruks (New Earth),Public Identity,Good Characters,Unknown or None,Unknown or None,Deceased Characters,2,1987,1987
5116,Shingo Wol (New Earth),Public Identity,Good Characters,Unknown or None,Unknown or None,Deceased Characters,2,1987,1987
5117,Ulysses Trevor (New Earth),Public Identity,Good Characters,Unknown or None,Unknown or None,Deceased Characters,2,"1987, October",1987
5118,Kwo Varrikk (New Earth),Public Identity,Good Characters,Unknown or None,Unknown or None,Deceased Characters,2,"1984, June",1984
5119,Ard Rennat (New Earth),Public Identity,Good Characters,Unknown or None,Unknown or None,Deceased Characters,2,"1983, September",1983
5120,Mitchell Dover (New Earth),Public Identity,Good Characters,Unknown or None,Unknown or None,Living Characters,2,"1966, January",1966
5121,Elena Leal (New Earth),Public Identity,Good Characters,Unknown or None,White Hair,Living Characters,2,,
5122,Ak-Var (New Earth),Public Identity,Neutral Characters,Unknown or None,Blond Hair,Deceased Characters,2,"2009, August",2009
5123,Emily Washburn (New Earth),Public Identity,Neutral Characters,Unknown or None,Blond Hair,Living Characters,2,"1997, June",1997
5124,Charles Chase (New Earth),Public Identity,Neutral Characters,Unknown or None,Grey Hair,Living Characters,2,"1984, January",1984
5125,Tes Ak-Var (New Earth),Public Identity,Neutral Characters,Unknown or None,Red Hair,Deceased Characters,2,"2009, August",2009
5126,Miles Lydecker (New Earth),Public Identity,Neutral Characters,Unknown or None,Red Hair,Living Characters,2,"1992, July",1992
5127,Gerald McWilliams (New Earth),Public Identity,Neutral Characters,Unknown or None,Unknown or None,Deceased Characters,2,"1996, April",1996
5128,Rebecca Muldoon (New Earth),Public Identity,Unknown or None,Unknown or None,Black Hair,Living Characters,2,"2003, April",2003
5129,Derek Reston (New Earth),Public Identity,Unknown or None,Unknown or None,Black Hair,Living Characters,2,"1982, July",1982
5130,Georgia Sivana (New Earth),Public Identity,Unknown or None,Unknown or None,Brown Hair,Living Characters,2,"2006, November",2006
5131,"Thaddeus Sivana, Jr. (New Earth)",Public Identity,Unknown or None,Unknown or None,Brown Hair,Living Characters,2,"2006, November",2006
5132,Jarrett Parker (New Earth),Public Identity,Unknown or None,Unknown or None,Brown Hair,Living Characters,2,"1988, March",1988
5133,William Slout (New Earth),Public Identity,Unknown or None,Unknown or None,Grey Hair,Living Characters,2,"2006, October",2006
5134,Gabriel Santo (New Earth),Secret Identity,Bad Characters,Unknown or None,Black Hair,Living Characters,2,"2009, November",2009
5135,Micro (New Earth),Secret Identity,Bad Characters,Unknown or None,Black Hair,Living Characters,2,"2007, October",2007
5136,Harvest I (New Earth),Secret Identity,Bad Characters,Unknown or None,Black Hair,Living Characters,2,"2005, February",2005
5137,Scorcher IV (New Earth),Secret Identity,Bad Characters,Unknown or None,Black Hair,Living Characters,2,"2002, May",2002
5138,Princess Maru (New Earth),Secret Identity,Bad Characters,Unknown or None,Black Hair,Living Characters,2,"2001, September",2001
5139,Blue Ice (New Earth),Secret Identity,Bad Characters,Unknown or None,Black Hair,Deceased Characters,2,"2000, March",2000
5140,Calvin Broderick (New Earth),Secret Identity,Bad Characters,Unknown or None,Black Hair,Deceased Characters,2,"2000, March",2000
5141,Doctor Echo (New Earth),Secret Identity,Bad Characters,Unknown or None,Black Hair,Deceased Characters,2,"2000, March",2000
5142,Flex II (New Earth),Secret Identity,Bad Characters,Unknown or None,Black Hair,Living Characters,2,"1998, February",1998
5143,Jaculi II (New Earth),Secret Identity,Bad Characters,Unknown or None,Black Hair,Deceased Characters,2,"1988, September",1988
5144,Chance (New Earth),Secret Identity,Bad Characters,Unknown or None,Black Hair,Living Characters,2,"1983, August",1983
5145,Colonel Blimp (New Earth),Secret Identity,Bad Characters,Unknown or None,Black Hair,Living Characters,2,"1982, October",1982
5146,Captain Demo (New Earth),Secret Identity,Bad Characters,Unknown or None,Black Hair,Living Characters,2,"1975, October",1975
5147,Magi (New Earth),Secret Identity,Bad Characters,Unknown or None,Black Hair,Living Characters,2,,
5148,Druid (New Earth),Secret Identity,Bad Characters,Unknown or None,Black Hair,Living Characters,2,,
5149,Jonathan Banks (New Earth),Secret Identity,Bad Characters,Unknown or None,Blond Hair,Living Characters,2,"2008, June",2008
5150,Major Victory IV (New Earth),Secret Identity,Bad Characters,Unknown or None,Blond Hair,Living Characters,2,"2007, March",2007
5151,Aftermath (New Earth),Secret Identity,Bad Characters,Unknown or None,Blond Hair,Deceased Characters,2,"2005, January",2005
5152,Megafire (New Earth),Secret Identity,Bad Characters,Unknown or None,Blond Hair,Deceased Characters,2,"1994, April",1994
5153,Blynde (New Earth),Secret Identity,Bad Characters,Unknown or None,Blond Hair,Living Characters,2,"1993, May",1993
5154,Blockhouse II (New Earth),Secret Identity,Bad Characters,Unknown or None,Blond Hair,Living Characters,2,"1992, January",1992
5155,Ernest Franklin (New Earth),Secret Identity,Bad Characters,Unknown or None,Blond Hair,Living Characters,2,"1991, June",1991
5156,Samuel Toth (New Earth),Secret Identity,Bad Characters,Unknown or None,Blond Hair,Living Characters,2,"1981, March",1981
5157,Daniel Kingdom (New Earth),Secret Identity,Bad Characters,Unknown or None,Blond Hair,Living Characters,2,"1974, November",1974
5158,Dregz (New Earth),Secret Identity,Bad Characters,Unknown or None,Brown Hair,Living Characters,2,"2009, February",2009
5159,Fireball II (New Earth),Secret Identity,Bad Characters,Unknown or None,Brown Hair,Living Characters,2,"2006, October",2006
5160,Zara (New Earth),Secret Identity,Bad Characters,Unknown or None,Brown Hair,Living Characters,2,"2001, September",2001
5161,Lizard King (New Earth),Secret Identity,Bad Characters,Unknown or None,Brown Hair,Living Characters,2,"1996, November",1996
5162,Jolt II (New Earth),Secret Identity,Bad Characters,Unknown or None,Brown Hair,Living Characters,2,"1992, January",1992
5163,Rhodri Llewelyn (New Earth),Secret Identity,Bad Characters,Unknown or None,Brown Hair,Living Characters,2,"1992, September",1992
5164,Ravager II (New Earth),Secret Identity,Bad Characters,Unknown or None,Brown Hair,Living Characters,2,"1989, October",1989
5165,Dropded (New Earth),Secret Identity,Bad Characters,Unknown or None,Brown Hair,Living Characters,2,"1986, June",1986
5166,Alianna Hubbard (New Earth),Secret Identity,Bad Characters,Unknown or None,Brown Hair,Living Characters,2,"1978, June",1978
5167,Cossack (New Earth),Secret Identity,Bad Characters,Unknown or None,Brown Hair,Living Characters,2,"1978, January",1978
5168,Howard Crane (New Earth),Secret Identity,Bad Characters,Unknown or None,Brown Hair,Living Characters,2,"1963, May",1963
5169,Crone (New Earth),Secret Identity,Bad Characters,Unknown or None,Grey Hair,Living Characters,2,,
5170,Witchazel (New Earth),Secret Identity,Bad Characters,Unknown or None,Purple Hair,Living Characters,2,"2005, November",2005
5171,Korrigan (New Earth),Secret Identity,Bad Characters,Unknown or None,Red Hair,Living Characters,2,"2011, February",2011
5172,Big Game (New Earth),Secret Identity,Bad Characters,Unknown or None,Red Hair,Deceased Characters,2,"2009, May",2009
5173,Spin Doctor I (New Earth),Secret Identity,Bad Characters,Unknown or None,Red Hair,Deceased Characters,2,"2006, November",2006
5174,Thunder II (New Earth),Secret Identity,Bad Characters,Unknown or None,Strawberry Blond Hair,Living Characters,2,"1988, February",1988
5175,Figment (New Earth),Secret Identity,Bad Characters,Unknown or None,Unknown or None,Living Characters,2,"2011, July",2011
5176,Id (New Earth),Secret Identity,Bad Characters,Unknown or None,Unknown or None,Living Characters,2,"2011, February",2011
5177,Lewis Bayard (New Earth),Secret Identity,Bad Characters,Unknown or None,Unknown or None,Living Characters,2,"2011, May",2011
5178,Miranda (New Earth),Secret Identity,Bad Characters,Unknown or None,Unknown or None,Living Characters,2,"2011, July",2011
5179,Organ Grinder (New Earth),Secret Identity,Bad Characters,Unknown or None,Unknown or None,Living Characters,2,"2011, January",2011
5180,Tiger Shark (New Earth),Secret Identity,Bad Characters,Unknown or None,Unknown or None,Living Characters,2,"2011, August",2011
5181,Brute IV (New Earth),Secret Identity,Bad Characters,Unknown or None,Unknown or None,Living Characters,2,"2010, October",2010
5182,Dark Druid (New Earth),Secret Identity,Bad Characters,Unknown or None,Unknown or None,Living Characters,2,"2010, December",2010
5183,Edward English (New Earth),Secret Identity,Bad Characters,Unknown or None,Unknown or None,Living Characters,2,"2010, March",2010
5184,Pisces (New Earth),Secret Identity,Bad Characters,Unknown or None,Unknown or None,Living Characters,2,"2010, October",2010
5185,Spike II (New Earth),Secret Identity,Bad Characters,Unknown or None,Unknown or None,Living Characters,2,"2010, October",2010
5186,Ace of Clubs III (New Earth),Secret Identity,Bad Characters,Unknown or None,Unknown or None,Living Characters,2,"2009, October",2009
5187,Ace of Diamonds II (New Earth),Secret Identity,Bad Characters,Unknown or None,Unknown or None,Living Characters,2,"2009, October",2009
5188,Ace of Hearts II (New Earth),Secret Identity,Bad Characters,Unknown or None,Unknown or None,Living Characters,2,"2009, October",2009
5189,Deadcoil (New Earth),Secret Identity,Bad Characters,Unknown or None,Unknown or None,Living Characters,2,"2009, January",2009
5190,Cunningham (New Earth),Secret Identity,Bad Characters,Unknown or None,Unknown or None,Deceased Characters,2,"2007, March",2007
5191,Manhunter Lud (New Earth),Secret Identity,Bad Characters,Unknown or None,Unknown or None,Living Characters,2,"2007, November",2007
5192,Badlands (New Earth),Secret Identity,Bad Characters,Unknown or None,Unknown or None,Living Characters,2,"2006, January",2006
5193,Bottom Feeder (New Earth),Secret Identity,Bad Characters,Unknown or None,Unknown or None,Living Characters,2,"2006, September",2006
5194,Fright Knight (New Earth),Secret Identity,Bad Characters,Unknown or None,Unknown or None,Living Characters,2,"2006, January",2006
5195,Monsoon II (New Earth),Secret Identity,Bad Characters,Unknown or None,Unknown or None,Living Characters,2,"2006, January",2006
5196,Mug (New Earth),Secret Identity,Bad Characters,Unknown or None,Unknown or None,Living Characters,2,"2006, January",2006
5197,Propaganda (New Earth),Secret Identity,Bad Characters,Unknown or None,Unknown or None,Deceased Characters,2,"2006, November",2006
5198,Redback Spider (New Earth),Secret Identity,Bad Characters,Unknown or None,Unknown or None,Living Characters,2,"2006, January",2006
5199,Slipknot II (New Earth),Secret Identity,Bad Characters,Unknown or None,Unknown or None,Living Characters,2,"2006, February",2006
5200,Ace of Spades V (New Earth),Secret Identity,Bad Characters,Unknown or None,Unknown or None,Living Characters,2,"2005, October",2005
5201,Dino-Mite II (New Earth),Secret Identity,Bad Characters,Unknown or None,Unknown or None,Living Characters,2,"2005, November",2005
5202,Dreamcatcher (New Earth),Secret Identity,Bad Characters,Unknown or None,Unknown or None,Deceased Characters,2,"2005, December",2005
5203,Fishmonger (New Earth),Secret Identity,Bad Characters,Unknown or None,Unknown or None,Living Characters,2,"2005, November",2005
5204,Hindenberg (New Earth),Secret Identity,Bad Characters,Unknown or None,Unknown or None,Living Characters,2,"2005, October",2005
5205,Kellogg (New Earth),Secret Identity,Bad Characters,Unknown or None,Unknown or None,Deceased Characters,2,"2005, August",2005
5206,Monkey-in-the-Middle (New Earth),Secret Identity,Bad Characters,Unknown or None,Unknown or None,Living Characters,2,"2005, November",2005
5207,Scramjet (New Earth),Secret Identity,Bad Characters,Unknown or None,Unknown or None,Deceased Characters,2,"2005, November",2005
5208,Yellow of the Rainbow Raiders (New Earth),Secret Identity,Bad Characters,Unknown or None,Unknown or None,Deceased Characters,2,"2005, February",2005
5209,Lunkhead (New Earth),Secret Identity,Bad Characters,Unknown or None,Unknown or None,Deceased Characters,2,"2003, August",2003
5210,Black Barax (New Earth),Secret Identity,Bad Characters,Unknown or None,Unknown or None,Living Characters,2,"2002, December",2002
5211,Digital Djinn (New Earth),Secret Identity,Bad Characters,Unknown or None,Unknown or None,Living Characters,2,"2002, September",2002
5212,Hyve (New Earth),Secret Identity,Bad Characters,Unknown or None,Unknown or None,Living Characters,2,"2002, September",2002
5213,Hypnotic Woman (New Earth),Secret Identity,Bad Characters,Unknown or None,Unknown or None,Living Characters,2,"2001, September",2001
5214,Scarlet Scythe (New Earth),Secret Identity,Bad Characters,Unknown or None,Unknown or None,Living Characters,2,"2000, December",2000
5215,Anti-Hero (New Earth),Secret Identity,Bad Characters,Unknown or None,Unknown or None,Living Characters,2,"1999, July",1999
5216,Red Panzer II (New Earth),Secret Identity,Bad Characters,Unknown or None,Unknown or None,Deceased Characters,2,"1998, June",1998
5217,Christina Chiles (New Earth),Secret Identity,Bad Characters,Unknown or None,Unknown or None,Living Characters,2,"1997, February",1997
5218,Getaway Jones (New Earth),Secret Identity,Bad Characters,Unknown or None,Unknown or None,Living Characters,2,"1997, February",1997
5219,Stayne (New Earth),Secret Identity,Bad Characters,Unknown or None,Unknown or None,Living Characters,2,"1996, July",1996
5220,Synth (New Earth),Secret Identity,Bad Characters,Unknown or None,Unknown or None,Living Characters,2,"1996, August",1996
5221,Twilight (New Earth),Secret Identity,Bad Characters,Unknown or None,Unknown or None,Deceased Characters,2,"1996, April",1996
5222,Captain Fear (New Earth),Secret Identity,Bad Characters,Unknown or None,Unknown or None,Living Characters,2,"1995, July",1995
5223,Eduardo Reyes (New Earth),Secret Identity,Bad Characters,Unknown or None,Unknown or None,Deceased Characters,2,"1995, February",1995
5224,Kevin Crow Clone (New Earth),Secret Identity,Bad Characters,Unknown or None,Unknown or None,Living Characters,2,"1994, January",1994
5225,Mainline (New Earth),Secret Identity,Bad Characters,Unknown or None,Unknown or None,Living Characters,2,"1994, October",1994
5226,Spellbinder II (New Earth),Secret Identity,Bad Characters,Unknown or None,Unknown or None,Living Characters,2,"1994, June",1994
5227,Gyro (New Earth),Secret Identity,Bad Characters,Unknown or None,Unknown or None,Living Characters,2,"1993, April",1993
5228,Lutefisk (New Earth),Secret Identity,Bad Characters,Unknown or None,Unknown or None,Living Characters,2,"1993, April",1993
5229,Mekros (New Earth),Secret Identity,Bad Characters,Unknown or None,Unknown or None,Living Characters,2,"1993, November",1993
5230,Toad-In-the-Hole (New Earth),Secret Identity,Bad Characters,Unknown or None,Unknown or None,Living Characters,2,"1993, April",1993
5231,Blutwurst (New Earth),Secret Identity,Bad Characters,Unknown or None,Unknown or None,Living Characters,2,"1992, March",1992
5232,Bratwurst (New Earth),Secret Identity,Bad Characters,Unknown or None,Unknown or None,Living Characters,2,"1992, March",1992
5233,Chancer (New Earth),Secret Identity,Bad Characters,Unknown or None,Unknown or None,Living Characters,2,"1992, December",1992
5234,Curtis Engstrom (New Earth),Secret Identity,Bad Characters,Unknown or None,Unknown or None,Living Characters,2,"1992, December",1992
5235,Leberwurst (New Earth),Secret Identity,Bad Characters,Unknown or None,Unknown or None,Living Characters,2,"1992, March",1992
5236,Weisswurst (New Earth),Secret Identity,Bad Characters,Unknown or None,Unknown or None,Living Characters,2,"1992, March",1992
5237,Timebomb (New Earth),Secret Identity,Bad Characters,Unknown or None,Unknown or None,Living Characters,2,"1991, January",1991
5238,Bito Wladon (Imposter) (New Earth),Secret Identity,Bad Characters,Unknown or None,Unknown or None,Living Characters,2,"1990, October",1990
5239,Blindspot (New Earth),Secret Identity,Bad Characters,Unknown or None,Unknown or None,Living Characters,2,"1990, June",1990
5240,Moish (New Earth),Secret Identity,Bad Characters,Unknown or None,Unknown or None,Living Characters,2,"1990, October",1990
5241,Mister Sprynt (New Earth),Secret Identity,Bad Characters,Unknown or None,Unknown or None,Living Characters,2,"1989, November",1989
5242,Mnemoth (New Earth),Secret Identity,Bad Characters,Unknown or None,Unknown or None,Living Characters,2,"1988, January",1988
5243,Homeless Avenger (New Earth),Secret Identity,Bad Characters,Unknown or None,Unknown or None,Deceased Characters,2,"1987, December",1987
5244,Bonfire (New Earth),Secret Identity,Bad Characters,Unknown or None,Unknown or None,Living Characters,2,"1985, August",1985
5245,Agent Orange (New Earth),Secret Identity,Bad Characters,Unknown or None,Unknown or None,Living Characters,2,"1983, October",1983
5246,Chimera I (New Earth),Secret Identity,Bad Characters,Unknown or None,Unknown or None,Living Characters,2,"1983, October",1983
5247,Harrow (New Earth),Secret Identity,Bad Characters,Unknown or None,Unknown or None,Living Characters,2,"1983, August",1983
5248,Risque (New Earth),Secret Identity,Bad Characters,Unknown or None,Unknown or None,Living Characters,2,"1983, August",1983
5249,Black Assassin (Earth-Two),Secret Identity,Bad Characters,Unknown or None,Unknown or None,Deceased Characters,2,"1982, April",1982
5250,Klaus Kristin (New Earth),Secret Identity,Bad Characters,Unknown or None,Unknown or None,Living Characters,2,"1981, July",1981
5251,Miranda Ralston (New Earth),Secret Identity,Bad Characters,Unknown or None,Unknown or None,Living Characters,2,"1981, September",1981
5252,El Papagayo II (New Earth),Secret Identity,Bad Characters,Unknown or None,Unknown or None,Deceased Characters,2,"1949, December",1949
5253,Glass Man (New Earth),Secret Identity,Bad Characters,Unknown or None,Unknown or None,Deceased Characters,2,"1947, May",1947
5254,Agent Axis (New Earth),Secret Identity,Bad Characters,Unknown or None,Unknown or None,Living Characters,2,"1942, December",1942
5255,Blind Fury (New Earth),Secret Identity,Bad Characters,Unknown or None,White Hair,Living Characters,2,"2010, December",2010
5256,Tangle (New Earth),Secret Identity,Bad Characters,Unknown or None,White Hair,Living Characters,2,"2010, February",2010
5257,Kenneth Harbinger (New Earth),Secret Identity,Bad Characters,Unknown or None,White Hair,Deceased Characters,2,"1989, March",1989
5258,Headmaster (Earth-One),Secret Identity,Bad Characters,Unknown or None,White Hair,Living Characters,2,"1982, June",1982
5259,Prince (New Earth),Secret Identity,Good Characters,Unknown or None,Black Hair,Deceased Characters,2,"2011, June",2011
5260,Super-Chief II (New Earth),Secret Identity,Good Characters,Unknown or None,Black Hair,Living Characters,2,"2011, May",2011
5261,Fro (New Earth),Secret Identity,Good Characters,Unknown or None,Black Hair,Living Characters,2,"2010, December",2010
5262,Jennifer Rice (New Earth),Secret Identity,Good Characters,Unknown or None,Black Hair,Living Characters,2,"2009, February",2009
5263,Kid Impala (New Earth),Secret Identity,Good Characters,Unknown or None,Black Hair,Living Characters,2,"2005, February",2005
5264,Judomaster II (New Earth),Secret Identity,Good Characters,Unknown or None,Black Hair,Living Characters,2,"1994, March",1994
5265,Shadowstryke (New Earth),Secret Identity,Good Characters,Unknown or None,Black Hair,Living Characters,2,1993,1993
5266,Beaumont (New Earth),Secret Identity,Good Characters,Unknown or None,Blond Hair,Living Characters,2,"2009, August",2009
5267,Sunny Jim (New Earth),Secret Identity,Good Characters,Unknown or None,Blond Hair,Living Characters,2,"2009, August",2009
5268,Erich Thonius (New Earth),Secret Identity,Good Characters,Unknown or None,Blond Hair,Deceased Characters,2,"2005, August",2005
5269,Timothy Townsend (New Earth),Secret Identity,Good Characters,Unknown or None,Blond Hair,Deceased Characters,2,"1999, March",1999
5270,Major Flashback (New Earth),Secret Identity,Good Characters,Unknown or None,Blond Hair,Deceased Characters,2,"1998, July",1998
5271,Shawn Rogers (New Earth),Secret Identity,Good Characters,Unknown or None,Blond Hair,Living Characters,2,"1988, May",1988
5272,Mighty Mary (New Earth),Secret Identity,Good Characters,Unknown or None,Blond Hair,Living Characters,2,"1976, January",1976
5273,Terrence Carbone (New Earth),Secret Identity,Good Characters,Unknown or None,Brown Hair,Living Characters,2,"1989, June",1989
5274,Jason Krinnski (New Earth),Secret Identity,Good Characters,Unknown or None,Brown Hair,Living Characters,2,"1987, January",1987
5275,Professional Scotsman (New Earth),Secret Identity,Good Characters,Unknown or None,Grey Hair,Living Characters,2,"2010, December",2010
5276,Kid Scout (New Earth),Secret Identity,Good Characters,Unknown or None,Red Hair,Living Characters,2,"2003, June",2003
5277,Hairy Larry (New Earth),Secret Identity,Good Characters,Unknown or None,Red Hair,Living Characters,2,"1976, January",1976
5278,Captain Cornwall (New Earth),Secret Identity,Good Characters,Unknown or None,Unknown or None,Living Characters,2,"2010, December",2010
5279,Captain Moondust (New Earth),Secret Identity,Good Characters,Unknown or None,Unknown or None,Living Characters,2,"2010, December",2010
5280,Faceoff (New Earth),Secret Identity,Good Characters,Unknown or None,Unknown or None,Living Characters,2,"2010, December",2010
5281,Tongs (New Earth),Secret Identity,Good Characters,Unknown or None,Unknown or None,Living Characters,2,"2010, December",2010
5282,Agent Liberty II (New Earth),Secret Identity,Good Characters,Unknown or None,Unknown or None,Living Characters,2,"2009, October",2009
5283,Boss Bishonen (New Earth),Secret Identity,Good Characters,Unknown or None,Unknown or None,Living Characters,2,"2009, October",2009
5284,Nazo Baluda (New Earth),Secret Identity,Good Characters,Unknown or None,Unknown or None,Living Characters,2,"2009, October",2009
5285,Dai Yokohama (New Earth),Secret Identity,Good Characters,Unknown or None,Unknown or None,Living Characters,2,"2008, July",2008
5286,Pulsar (New Earth),Secret Identity,Good Characters,Unknown or None,Unknown or None,Living Characters,2,"2006, December",2006
5287,Doll Girl II (New Earth),Secret Identity,Good Characters,Unknown or None,Unknown or None,Living Characters,2,"2000, October",2000
5288,El Bagual (New Earth),Secret Identity,Good Characters,Unknown or None,Unknown or None,Living Characters,2,"2000, September",2000
5289,Vizacacha (New Earth),Secret Identity,Good Characters,Unknown or None,Unknown or None,Living Characters,2,"2000, September",2000
5290,Rao (New Earth),Secret Identity,Good Characters,Unknown or None,Unknown or None,Living Characters,2,1999,1999
5291,Drin (New Earth),Secret Identity,Good Characters,Unknown or None,Unknown or None,Deceased Characters,2,"1994, January",1994
5292,Doctor Zen (New Earth),Secret Identity,Good Characters,Unknown or None,Unknown or None,Living Characters,2,"1992, August",1992
5293,Sharon Parker (New Earth),Secret Identity,Good Characters,Unknown or None,Unknown or None,Deceased Characters,2,"1992, April",1992
5294,AR-N-O-Q (New Earth),Secret Identity,Good Characters,Unknown or None,Unknown or None,Deceased Characters,2,1987,1987
5295,Amazing Ronnie (New Earth),Secret Identity,Good Characters,Unknown or None,Unknown or None,Living Characters,2,"1976, January",1976
5296,Lizard Johnny (New Earth),Secret Identity,Good Characters,Unknown or None,Unknown or None,Living Characters,2,"1976, January",1976
5297,Little Miss Redhead (New Earth),Secret Identity,Good Characters,Unknown or None,Unknown or None,Living Characters,2,"1947, December",1947
5298,Bizarro Martian Manhunter (New Earth),Secret Identity,Neutral Characters,Unknown or None,Unknown or None,Living Characters,2,"2010, December",2010
5299,William Brannon (New Earth),Secret Identity,Neutral Characters,Unknown or None,Unknown or None,Living Characters,2,"2008, June",2008
5300,Bizarro Batman (New Earth),Secret Identity,Neutral Characters,Unknown or None,Unknown or None,Living Characters,2,"2007, November",2007
5301,Crazyface (New Earth),Secret Identity,Neutral Characters,Unknown or None,Unknown or None,Living Characters,2,"2005, July",2005
5302,Coffin Dweller (New Earth),Secret Identity,Unknown or None,Unknown or None,Unknown or None,Living Characters,2,"2010, December",2010
5303,Death Cap (New Earth),Secret Identity,Unknown or None,Unknown or None,Unknown or None,Living Characters,2,"2010, December",2010
5304,Mister Ibis (New Earth),Secret Identity,Unknown or None,Unknown or None,Unknown or None,Living Characters,2,"2010, December",2010
5305,Settler I (New Earth),Secret Identity,Unknown or None,Unknown or None,Unknown or None,Living Characters,2,"2010, December",2010
5306,Space Cadet (New Earth),Secret Identity,Unknown or None,Unknown or None,Unknown or None,Living Characters,2,"2010, December",2010
5307,Zero (New Earth),Secret Identity,Unknown or None,Unknown or None,Unknown or None,Living Characters,2,"2010, December",2010
5308,Mixcoatl (New Earth),Secret Identity,Unknown or None,Unknown or None,Unknown or None,Living Characters,2,"2002, July",2002
5309,Clipper (New Earth),Secret Identity,Unknown or None,Unknown or None,Unknown or None,Living Characters,2,"1988, December",1988
5310,Freyja (New Earth),Secret Identity,Unknown or None,Unknown or None,Unknown or None,Living Characters,2,"1967, October",1967
5311,Rush Hour II (New Earth),Secret Identity,Unknown or None,Unknown or None,Black Hair,Living Characters,2,"2010, December",2010
5312,Mahadevi (New Earth),Secret Identity,Unknown or None,Unknown or None,Black Hair,Living Characters,2,"1999, October",1999
5313,Director (New Earth),Secret Identity,Unknown or None,Unknown or None,Brown Hair,Living Characters,2,"2010, July",2010
5314,Distinguished Gentleman (New Earth),Secret Identity,Unknown or None,Unknown or None,Grey Hair,Living Characters,2,"2010, December",2010
5315,Ishi-Shujou (New Earth),Unknown,Bad Characters,Unknown or None,Black Hair,Living Characters,2,"1999, December",1999
5316,Paul Deisinger (New Earth),Unknown,Bad Characters,Unknown or None,Black Hair,Living Characters,2,"1999, September",1999
5317,Thermal (New Earth),Unknown,Bad Characters,Unknown or None,Black Hair,Living Characters,2,"1998, February",1998
5318,Abigail Moorland (New Earth),Unknown,Bad Characters,Unknown or None,Black Hair,Living Characters,2,"1996, June",1996
5319,James Collins (New Earth),Unknown,Bad Characters,Unknown or None,Black Hair,Living Characters,2,"1995, February",1995
5320,Hellbender (New Earth),Unknown,Bad Characters,Unknown or None,Black Hair,Living Characters,2,"1988, February",1988
5321,Nurse Rench (New Earth),Unknown,Bad Characters,Unknown or None,Black Hair,Living Characters,2,"1987, October",1987
5322,Serpentina (New Earth),Unknown,Bad Characters,Unknown or None,Black Hair,Living Characters,2,"1983, October",1983
5323,Piledriver (New Earth),Unknown,Bad Characters,Unknown or None,Black Hair,Living Characters,2,"1981, September",1981
5324,George Barrow (New Earth),Unknown,Bad Characters,Unknown or None,Black Hair,Deceased Characters,2,"1978, September",1978
5325,Malachi Yandro (New Earth),Unknown,Bad Characters,Unknown or None,Black Hair,Living Characters,2,"1978, July",1978
5326,Cutlass Charlie (New Earth),Unknown,Bad Characters,Unknown or None,Black Hair,Living Characters,2,"1968, March",1968
5327,Prince Peril (New Earth),Unknown,Bad Characters,Unknown or None,Black Hair,Living Characters,2,"1966, June",1966
5328,Gustave (New Earth),Unknown,Bad Characters,Unknown or None,Black Hair,Living Characters,2,"1959, June",1959
5329,Jabah (New Earth),Unknown,Bad Characters,Unknown or None,Black Hair,Living Characters,2,"1939, July",1939
5330,Eric Fine (New Earth),Unknown,Bad Characters,Unknown or None,Blond Hair,Living Characters,2,"2011, April",2011
5331,Solar Dynamo (New Earth),Unknown,Bad Characters,Unknown or None,Blond Hair,Living Characters,2,"1983, October",1983
5332,Spyderr (New Earth),Unknown,Bad Characters,Unknown or None,Blond Hair,Living Characters,2,"1983, October",1983
5333,King Coal (New Earth),Unknown,Bad Characters,Unknown or None,Brown Hair,Living Characters,2,"2010, March",2010
5334,Blake (New Earth),Unknown,Bad Characters,Unknown or None,Brown Hair,Living Characters,2,"2009, October",2009
5335,Desmond Connor (New Earth),Unknown,Bad Characters,Unknown or None,Brown Hair,Living Characters,2,"1997, September",1997
5336,Joseph Minette (New Earth),Unknown,Bad Characters,Unknown or None,Brown Hair,Deceased Characters,2,1997,1997
5337,Krater (New Earth),Unknown,Bad Characters,Unknown or None,Brown Hair,Living Characters,2,"1993, January",1993
5338,Scourge (New Earth),Unknown,Bad Characters,Unknown or None,Brown Hair,Deceased Characters,2,"1990, February",1990
5339,Margaret Carle (New Earth),Unknown,Bad Characters,Unknown or None,Brown Hair,Living Characters,2,"1983, January",1983
5340,Metalliferro (New Earth),Unknown,Bad Characters,Unknown or None,Brown Hair,Living Characters,2,"1983, November",1983
5341,Ace Chance (New Earth),Unknown,Bad Characters,Unknown or None,Brown Hair,Deceased Characters,2,"1966, October",1966
5342,Irving Norbet (New Earth),Unknown,Bad Characters,Unknown or None,Grey Hair,Living Characters,2,"1961, October",1961
5343,Rocco Togg (New Earth),Unknown,Bad Characters,Unknown or None,Grey Hair,Living Characters,2,"1940, December",1940
5344,Eduardo Flamingo (New Earth),Unknown,Bad Characters,Unknown or None,Pink Hair,Living Characters,2,"2007, July",2007
5345,Ten of Spades V (New Earth),Unknown,Bad Characters,Unknown or None,Red Hair,Living Characters,2,"2005, October",2005
5346,Blue Damsel Fly (New Earth),Unknown,Bad Characters,Unknown or None,Red Hair,Living Characters,2,"1983, October",1983
5347,Dark Avatar (New Earth),Unknown,Bad Characters,Unknown or None,Unknown or None,Deceased Characters,2,"2011, June",2011
5348,Hunter Mann (New Earth),Unknown,Bad Characters,Unknown or None,Unknown or None,Living Characters,2,"2010, March",2010
5349,Oberon Sexton (New Earth),Unknown,Bad Characters,Unknown or None,Unknown or None,Living Characters,2,"2010, August",2010
5350,Otto von Belzig (New Earth),Unknown,Bad Characters,Unknown or None,Unknown or None,Living Characters,2,"2010, April",2010
5351,Deadly Force (New Earth),Unknown,Bad Characters,Unknown or None,Unknown or None,Living Characters,2,"2009, October",2009
5352,Jack of Hearts III (New Earth),Unknown,Bad Characters,Unknown or None,Unknown or None,Living Characters,2,"2009, October",2009
5353,King of Hearts III (New Earth),Unknown,Bad Characters,Unknown or None,Unknown or None,Living Characters,2,"2009, October",2009
5354,Mister Toad (New Earth),Unknown,Bad Characters,Unknown or None,Unknown or None,Deceased Characters,2,"2009, August",2009
5355,Queen of Hearts IV (New Earth),Unknown,Bad Characters,Unknown or None,Unknown or None,Living Characters,2,"2009, October",2009
5356,Robo-Octo-Ape (New Earth),Unknown,Bad Characters,Unknown or None,Unknown or None,Living Characters,2,"2009, August",2009
5357,Ten of Hearts I (New Earth),Unknown,Bad Characters,Unknown or None,Unknown or None,Living Characters,2,"2009, October",2009
5358,Carface (New Earth),Unknown,Bad Characters,Unknown or None,Unknown or None,Living Characters,2,"2007, October",2007
5359,Clownfish (New Earth),Unknown,Bad Characters,Unknown or None,Unknown or None,Living Characters,2,"2007, September",2007
5360,Larra (New Earth),Unknown,Bad Characters,Unknown or None,Unknown or None,Deceased Characters,2,"2007, September",2007
5361,Seer Ruggle (New Earth),Unknown,Bad Characters,Unknown or None,Unknown or None,Living Characters,2,"2007, August",2007
5362,Dru-Zod I (New Earth),Unknown,Bad Characters,Unknown or None,Unknown or None,Deceased Characters,2,"2006, August",2006
5363,Fleshburn (New Earth),Unknown,Bad Characters,Unknown or None,Unknown or None,Living Characters,2,"2003, July",2003
5364,Great White (New Earth),Unknown,Bad Characters,Unknown or None,Unknown or None,Living Characters,2,"2003, July",2003
5365,Jack of Spades V (New Earth),Unknown,Bad Characters,Unknown or None,Unknown or None,Living Characters,2,"2002, February",2002
5366,Nelson Arling (New Earth),Unknown,Bad Characters,Unknown or None,Unknown or None,Living Characters,2,"1999, August",1999
5367,Machine Messiah (New Earth),Unknown,Bad Characters,Unknown or None,Unknown or None,Living Characters,2,"1997, July",1997
5368,Brawl (New Earth),Unknown,Bad Characters,Unknown or None,Unknown or None,Living Characters,2,"1996, February",1996
5369,Stanley Macklin (New Earth),Unknown,Bad Characters,Unknown or None,Unknown or None,Living Characters,2,"1996, September",1996
5370,Anansa (New Earth),Unknown,Bad Characters,Unknown or None,Unknown or None,Living Characters,2,"1995, March",1995
5371,Power Fork (New Earth),Unknown,Bad Characters,Unknown or None,Unknown or None,Living Characters,2,"1995, February",1995
5372,Skinwalker (New Earth),Unknown,Bad Characters,Unknown or None,Unknown or None,Living Characters,2,"1995, February",1995
5373,Cecil Geekywad Bumwimple (New Earth),Unknown,Bad Characters,Unknown or None,Unknown or None,Deceased Characters,2,"1994, April",1994
5374,Chromax (New Earth),Unknown,Bad Characters,Unknown or None,Unknown or None,Living Characters,2,"1994, June",1994
5375,Dahak (New Earth),Unknown,Bad Characters,Unknown or None,Unknown or None,Living Characters,2,"1994, March",1994
5376,Peregrine (New Earth),Unknown,Bad Characters,Unknown or None,Unknown or None,Living Characters,2,"1994, September",1994
5377,Phalanx (New Earth),Unknown,Bad Characters,Unknown or None,Unknown or None,Living Characters,2,"1994, May",1994
5378,Ricochet II (New Earth),Unknown,Bad Characters,Unknown or None,Unknown or None,Deceased Characters,2,"1994, May",1994
5379,Blacksmyth (New Earth),Unknown,Bad Characters,Unknown or None,Unknown or None,Living Characters,2,"1993, March",1993
5380,Jack Mobley (New Earth),Unknown,Bad Characters,Unknown or None,Unknown or None,Living Characters,2,1993,1993
5381,Shard (New Earth),Unknown,Bad Characters,Unknown or None,Unknown or None,Living Characters,2,"1993, February",1993
5382,Dogtag (New Earth),Unknown,Bad Characters,Unknown or None,Unknown or None,Living Characters,2,"1992, January",1992
5383,Doctor Silence (New Earth),Unknown,Bad Characters,Unknown or None,Unknown or None,Living Characters,2,"1991, August",1991
5384,Rashira (New Earth),Unknown,Bad Characters,Unknown or None,Unknown or None,Deceased Characters,2,"1991, October",1991
5385,Carny (New Earth),Unknown,Bad Characters,Unknown or None,Unknown or None,Deceased Characters,2,"1990, September",1990
5386,Decreator (New Earth),Unknown,Bad Characters,Unknown or None,Unknown or None,Living Characters,2,"1990, May",1990
5387,Scarab (New Earth),Unknown,Bad Characters,Unknown or None,Unknown or None,Living Characters,2,"1990, April",1990
5388,Manticore II (New Earth),Unknown,Bad Characters,Unknown or None,Unknown or None,Deceased Characters,2,"1988, September",1988
5389,Charger (New Earth),Unknown,Bad Characters,Unknown or None,Unknown or None,Living Characters,2,"1987, July",1987
5390,Deuce (New Earth),Unknown,Bad Characters,Unknown or None,Unknown or None,Living Characters,2,"1987, July",1987
5391,Fusion (New Earth),Unknown,Bad Characters,Unknown or None,Unknown or None,Living Characters,2,"1987, September",1987
5392,Lawrence Chin (New Earth),Unknown,Bad Characters,Unknown or None,Unknown or None,Deceased Characters,2,"1987, October",1987
5393,Anthor Stoneaxe (New Earth),Unknown,Bad Characters,Unknown or None,Unknown or None,Living Characters,2,"1984, June",1984
5394,Blowdart (New Earth),Unknown,Bad Characters,Unknown or None,Unknown or None,Living Characters,2,"1984, June",1984
5395,Cryonic Man (New Earth),Unknown,Bad Characters,Unknown or None,Unknown or None,Deceased Characters,2,"1984, January",1984
5396,Joshua Champion (New Earth),Unknown,Bad Characters,Unknown or None,Unknown or None,Living Characters,2,"1984, October",1984
5397,Nunchaku (New Earth),Unknown,Bad Characters,Unknown or None,Unknown or None,Living Characters,2,"1984, June",1984
5398,Shuriken (New Earth),Unknown,Bad Characters,Unknown or None,Unknown or None,Living Characters,2,"1984, June",1984
5399,Cableman (New Earth),Unknown,Bad Characters,Unknown or None,Unknown or None,Living Characters,2,"1983, October",1983
5400,Darkstar (New Earth),Unknown,Bad Characters,Unknown or None,Unknown or None,Living Characters,2,"1983, October",1983
5401,Golden Web (New Earth),Unknown,Bad Characters,Unknown or None,Unknown or None,Living Characters,2,"1983, July",1983
5402,Pod (New Earth),Unknown,Bad Characters,Unknown or None,Unknown or None,Living Characters,2,"1983, July",1983
5403,Trojan (New Earth),Unknown,Bad Characters,Unknown or None,Unknown or None,Living Characters,2,"1983, October",1983
5404,Blade (New Earth),Unknown,Bad Characters,Unknown or None,Unknown or None,Living Characters,2,"1982, December",1982
5405,Chain Master (New Earth),Unknown,Bad Characters,Unknown or None,Unknown or None,Living Characters,2,"1982, December",1982
5406,Kaleidoscope (New Earth),Unknown,Bad Characters,Unknown or None,Unknown or None,Living Characters,2,"1982, December",1982
5407,Marauder Clone (New Earth),Unknown,Bad Characters,Unknown or None,Unknown or None,Living Characters,2,"1982, November",1982
5408,Squid (New Earth),Unknown,Bad Characters,Unknown or None,Unknown or None,Living Characters,2,"1982, February",1982
5409,Whitefire (New Earth),Unknown,Bad Characters,Unknown or None,Unknown or None,Living Characters,2,"1982, July",1982
5410,Titan (New Earth),Unknown,Bad Characters,Unknown or None,Unknown or None,Living Characters,2,"1978, February",1978
5411,Thrudvang (New Earth),Unknown,Bad Characters,Unknown or None,Unknown or None,Living Characters,2,"1976, July",1976
5412,Grey Wolf (New Earth),Unknown,Bad Characters,Unknown or None,Unknown or None,Living Characters,2,"1971, December",1971
5413,Count von Steuben (New Earth),Unknown,Bad Characters,Unknown or None,Unknown or None,Living Characters,2,"1967, January",1967
5414,Torpedoman (New Earth),Unknown,Bad Characters,Unknown or None,Unknown or None,Living Characters,2,"1967, December",1967
5415,Darius Tiko (New Earth),Unknown,Bad Characters,Unknown or None,Unknown or None,Living Characters,2,"1958, November",1958
5416,Chester Jones (New Earth),Unknown,Bad Characters,Unknown or None,Unknown or None,Deceased Characters,2,"1956, December",1956
5417,Floyd Ventris (New Earth),Unknown,Bad Characters,Unknown or None,Unknown or None,Living Characters,2,"1954, November",1954
5418,Guy Pompton (New Earth),Unknown,Bad Characters,Unknown or None,Unknown or None,Living Characters,2,"1948, December",1948
5419,Rumplestiltskin (New Earth),Unknown,Bad Characters,Unknown or None,Unknown or None,Living Characters,2,"1948, February",1948
5420,Slicer (New Earth),Unknown,Bad Characters,Unknown or None,Unknown or None,Living Characters,2,"1948, February",1948
5421,Funnyface (Earth-Two),Unknown,Bad Characters,Unknown or None,Unknown or None,Living Characters,2,"1942, November",1942
5422,Fancy Feet (New Earth),Unknown,Bad Characters,Unknown or None,Unknown or None,Living Characters,2,,
5423,Amos Sharkey (New Earth),Unknown,Bad Characters,Unknown or None,White Hair,Living Characters,2,"1973, March",1973
5424,Birthday Girl (New Earth),Unknown,Good Characters,Unknown or None,Black Hair,Living Characters,2,"2010, December",2010
5425,Andrew Lopez (New Earth),Unknown,Good Characters,Unknown or None,Black Hair,Living Characters,2,"2004, July",2004
5426,Badmouth (New Earth),Unknown,Good Characters,Unknown or None,Black Hair,Living Characters,2,"1999, July",1999
5427,Waverly Sayre (New Earth),Unknown,Good Characters,Unknown or None,Black Hair,Deceased Characters,2,"1992, September",1992
5428,Conrad Mackay (New Earth),Unknown,Good Characters,Unknown or None,Black Hair,Living Characters,2,"1989, October",1989
5429,Inez Luisa (New Earth),Unknown,Good Characters,Unknown or None,Black Hair,Living Characters,2,1989,1989
5430,Master Shoju (New Earth),Unknown,Good Characters,Unknown or None,Black Hair,Deceased Characters,2,"1981, October",1981
5431,Luki Lo (New Earth),Unknown,Good Characters,Unknown or None,Black Hair,Living Characters,2,,
5432,Stanley Wilson (New Earth),Unknown,Good Characters,Unknown or None,Black Hair,Living Characters,2,,
5433,Fireworks (New Earth),Unknown,Good Characters,Unknown or None,Blond Hair,Living Characters,2,"1999, July",1999
5434,Freight-Train (New Earth),Unknown,Good Characters,Unknown or None,Blond Hair,Living Characters,2,"1999, July",1999
5435,Roo (New Earth),Unknown,Good Characters,Unknown or None,Blond Hair,Living Characters,2,"1999, July",1999
5436,Lee St. Lawrence (New Earth),Unknown,Good Characters,Unknown or None,Blond Hair,Living Characters,2,"1998, June",1998
5437,Celestine Babcock (New Earth),Unknown,Good Characters,Unknown or None,Blond Hair,Living Characters,2,"1992, March",1992
5438,Siv (New Earth),Unknown,Good Characters,Unknown or None,Blue Hair,Living Characters,2,"2002, January",2002
5439,Hugh Danzizen (New Earth),Unknown,Good Characters,Unknown or None,Brown Hair,Living Characters,2,"1996, December",1996
5440,Nuscia (New Earth),Unknown,Good Characters,Unknown or None,Brown Hair,Living Characters,2,"1994, November",1994
5441,Lydia (New Earth),Unknown,Good Characters,Unknown or None,Brown Hair,Living Characters,2,"1989, July",1989
5442,Calyce (New Earth),Unknown,Good Characters,Unknown or None,Brown Hair,Living Characters,2,1988,1988
5443,Jesus of Nazareth (New Earth),Unknown,Good Characters,Unknown or None,Brown Hair,Living Characters,2,"1982, March",1982
5444,Tall Bird (New Earth),Unknown,Good Characters,Unknown or None,Brown Hair,Living Characters,2,"1978, September",1978
5445,Stamar (New Earth),Unknown,Good Characters,Unknown or None,Brown Hair,Living Characters,2,"1962, June",1962
5446,Celestia (New Earth),Unknown,Good Characters,Unknown or None,Grey Hair,Deceased Characters,2,"1997, August",1997
5447,William Schmitz (New Earth),Unknown,Good Characters,Unknown or None,Grey Hair,Living Characters,2,"1987, August",1987
5448,Joanqin (New Earth),Unknown,Good Characters,Unknown or None,Orange Hair,Living Characters,2,"1988, February",1988
5449,Wylxa (New Earth),Unknown,Good Characters,Unknown or None,Red Hair,Living Characters,2,"1982, September",1982
5450,Glibberquip (New Earth),Unknown,Good Characters,Unknown or None,Unknown or None,Deceased Characters,2,"2010, July",2010
5451,Clarice Coeur (New Earth),Unknown,Good Characters,Unknown or None,Unknown or None,Deceased Characters,2,"2008, October",2008
5452,J.A.K.E. 6.1 (New Earth),Unknown,Good Characters,Unknown or None,Unknown or None,Living Characters,2,"2008, May",2008
5453,Artis Chep (New Earth),Unknown,Good Characters,Unknown or None,Unknown or None,Living Characters,2,"2007, October",2007
5454,Zaneth (New Earth),Unknown,Good Characters,Unknown or None,Unknown or None,Deceased Characters,2,"2007, September",2007
5455,Kaleeza Fashed (New Earth),Unknown,Good Characters,Unknown or None,Unknown or None,Living Characters,2,"2002, February",2002
5456,Antino\u00f6s (New Earth),Unknown,Good Characters,Unknown or None,Unknown or None,Deceased Characters,2,"2001, March",2001
5457,Ganesh (New Earth),Unknown,Good Characters,Unknown or None,Unknown or None,Living Characters,2,"1999, October",1999
5458,Thalia (New Earth),Unknown,Good Characters,Unknown or None,Unknown or None,Living Characters,2,1998,1998
5459,John Adams (New Earth),Unknown,Good Characters,Unknown or None,Unknown or None,Living Characters,2,"1996, January",1996
5460,Alan Barnes (New Earth),Unknown,Good Characters,Unknown or None,Unknown or None,Living Characters,2,"1994, January",1994
5461,Probert (New Earth),Unknown,Good Characters,Unknown or None,Unknown or None,Living Characters,2,"1994, March",1994
5462,Danthis (New Earth),Unknown,Good Characters,Unknown or None,Unknown or None,Living Characters,2,"1993, July",1993
5463,Hellen (New Earth),Unknown,Good Characters,Unknown or None,Unknown or None,Living Characters,2,"1993, July",1993
5464,Cyrus Pinkney (New Earth),Unknown,Good Characters,Unknown or None,Unknown or None,Deceased Characters,2,"1992, February",1992
5465,Laham (New Earth),Unknown,Good Characters,Unknown or None,Unknown or None,Deceased Characters,2,"1992, September",1992
5466,Calliope (New Earth),Unknown,Good Characters,Unknown or None,Unknown or None,Living Characters,2,"1990, July",1990
5467,Khen-To (New Earth),Unknown,Good Characters,Unknown or None,Unknown or None,Deceased Characters,2,"1990, April",1990
5468,Akarl (New Earth),Unknown,Good Characters,Unknown or None,Unknown or None,Deceased Characters,2,"1989, March",1989
5469,Azzarene (New Earth),Unknown,Good Characters,Unknown or None,Unknown or None,Living Characters,2,"1989, February",1989
5470,Shalimar (New Earth),Unknown,Good Characters,Unknown or None,Unknown or None,Living Characters,2,"1989, June",1989
5471,Consivia (New Earth),Unknown,Good Characters,Unknown or None,Unknown or None,Deceased Characters,2,1988,1988
5472,Mongo Krebs (New Earth),Unknown,Good Characters,Unknown or None,Unknown or None,Living Characters,2,"1988, July",1988
5473,Venilia (New Earth),Unknown,Good Characters,Unknown or None,Unknown or None,Living Characters,2,1988,1988
5474,Acantha (New Earth),Unknown,Good Characters,Unknown or None,Unknown or None,Living Characters,2,"1987, November",1987
5475,Rasa Nekroy (New Earth),Unknown,Good Characters,Unknown or None,Unknown or None,Living Characters,2,1986,1986
5476,Lodar Monak (New Earth),Unknown,Good Characters,Unknown or None,Unknown or None,Deceased Characters,2,"1983, November",1983
5477,Meeno Monak (New Earth),Unknown,Good Characters,Unknown or None,Unknown or None,Deceased Characters,2,"1983, November",1983
5478,Coker (New Earth),Unknown,Good Characters,Unknown or None,Unknown or None,Living Characters,2,"1981, July",1981
5479,Reever (New Earth),Unknown,Good Characters,Unknown or None,Unknown or None,Deceased Characters,2,"1980, July",1980
5480,Gala De (New Earth),Unknown,Good Characters,Unknown or None,Unknown or None,Deceased Characters,2,"1978, March",1978
5481,Grey Elk (New Earth),Unknown,Good Characters,Unknown or None,Unknown or None,Living Characters,2,"1971, December",1971
5482,Boreas (New Earth),Unknown,Good Characters,Unknown or None,Unknown or None,Living Characters,2,"1966, November",1966
5483,Cupid (New Earth),Unknown,Good Characters,Unknown or None,Unknown or None,Living Characters,2,,
5484,Juno (New Earth),Unknown,Good Characters,Unknown or None,Unknown or None,Living Characters,2,,
5485,Leland McCauley (New Earth),Unknown,Good Characters,Unknown or None,White Hair,Deceased Characters,2,"2009, May",2009
5486,Pelle (New Earth),Unknown,Good Characters,Unknown or None,White Hair,Deceased Characters,2,"1989, January",1989
5487,Edward Trane (New Earth),Unknown,Good Characters,Unknown or None,White Hair,Deceased Characters,2,"1983, February",1983
5488,Honor Jackson (New Earth),Unknown,Neutral Characters,Unknown or None,Black Hair,Deceased Characters,2,"2008, June",2008
5489,Arbee Stoneham (New Earth),Unknown,Neutral Characters,Unknown or None,Black Hair,Living Characters,2,"1979, December",1979
5490,Rikkard Rynders (New Earth),Unknown,Neutral Characters,Unknown or None,Brown Hair,Living Characters,2,"1988, April",1988
5491,Lone-Eye Lincoln (New Earth),Unknown,Neutral Characters,Unknown or None,Unknown or None,Living Characters,2,"2008, August",2008
5492,Lowell Jeffries (New Earth),Unknown,Neutral Characters,Unknown or None,Unknown or None,Living Characters,2,"2006, October",2006
5493,Beulah Bleak (New Earth),Unknown,Neutral Characters,Unknown or None,Unknown or None,Living Characters,2,"2005, June",2005
5494,Benjamin Addison (New Earth),Unknown,Neutral Characters,Unknown or None,Unknown or None,Living Characters,2,"2004, August",2004
5495,Travonn Williams (New Earth),Unknown,Neutral Characters,Unknown or None,Unknown or None,Living Characters,2,"2004, August",2004
5496,Alesandra Taracon (New Earth),Unknown,Neutral Characters,Unknown or None,Unknown or None,Living Characters,2,"2001, December",2001
5497,Brahma (New Earth),Unknown,Neutral Characters,Unknown or None,Unknown or None,Living Characters,2,"1999, September",1999
5498,Legless Master (New Earth),Unknown,Neutral Characters,Unknown or None,Unknown or None,Deceased Characters,2,"1998, January",1998
5499,Armless Master (New Earth),Unknown,Neutral Characters,Unknown or None,Unknown or None,Deceased Characters,2,"1994, July",1994
5500,Christopher Dent (New Earth),Unknown,Neutral Characters,Unknown or None,Unknown or None,Living Characters,2,1990,1990
5501,Charles Melvin (New Earth),Unknown,Neutral Characters,Unknown or None,Unknown or None,Living Characters,2,"1973, September",1973
5502,Agamemnon (New Earth),Unknown,Neutral Characters,Unknown or None,Unknown or None,Deceased Characters,2,"1948, August",1948
5503,Kirigi (New Earth),Unknown,Neutral Characters,Unknown or None,White Hair,Living Characters,2,"1989, March",1989
5504,Djo Dje (New Earth),Unknown,Unknown or None,Unknown or None,Unknown or None,Living Characters,2,"2009, March",2009
5505,Djo Mek (New Earth),Unknown,Unknown or None,Unknown or None,Unknown or None,Living Characters,2,"2009, March",2009
5506,Djo Sut (New Earth),Unknown,Unknown or None,Unknown or None,Unknown or None,Living Characters,2,"2009, March",2009
5507,Khaji Eq (New Earth),Unknown,Unknown or None,Unknown or None,Unknown or None,Living Characters,2,"2009, March",2009
5508,Khaji Ro (New Earth),Unknown,Unknown or None,Unknown or None,Unknown or None,Living Characters,2,"2009, March",2009
5509,Khaji Tal (New Earth),Unknown,Unknown or None,Unknown or None,Unknown or None,Living Characters,2,"2009, March",2009
5510,Unknown Lantern (New Earth),Unknown,Unknown or None,Unknown or None,Unknown or None,Living Characters,2,"2008, February",2008
5511,Edogawa Sangaku (New Earth),Unknown,Unknown or None,Unknown or None,Unknown or None,Living Characters,2,"2006, September",2006
5512,Obatala (New Earth),Unknown,Unknown or None,Unknown or None,Unknown or None,Living Characters,2,"1990, April",1990
5513,Ahpuch (New Earth),Unknown,Unknown or None,Unknown or None,Unknown or None,Living Characters,2,"1988, August",1988
5514,Nikolai Latikov (New Earth),Unknown,Unknown or None,Unknown or None,Unknown or None,Deceased Characters,2,"1988, January",1988
5515,Andrew Zagarian (New Earth),Unknown,Unknown or None,Unknown or None,Unknown or None,Living Characters,2,"1966, June",1966
5516,Doctor Iker (New Earth),Unknown,Unknown or None,Unknown or None,Unknown or None,Living Characters,2,"1941, July",1941
5517,Benjamin Hubbard (New Earth),Unknown,Unknown or None,Unknown or None,Unknown or None,Living Characters,2,,
5518,Brother Think (New Earth),Unknown,Unknown or None,Unknown or None,Black Hair,Living Characters,2,"2008, July",2008
5519,Manuel Castillo (New Earth),Unknown,Unknown or None,Unknown or None,Black Hair,Living Characters,2,"1989, June",1989
5520,Jose Montez (New Earth),Unknown,Unknown or None,Unknown or None,Black Hair,Living Characters,2,"1986, September",1986
5521,Pomoxis (New Earth),Unknown,Unknown or None,Unknown or None,Black Hair,Living Characters,2,"1962, June",1962
5522,Iolan (New Earth),Unknown,Unknown or None,Unknown or None,Blond Hair,Living Characters,2,"2006, January",2006
5523,Callisto (New Earth),Unknown,Unknown or None,Unknown or None,Blond Hair,Living Characters,2,"2005, February",2005
5524,Ernest Widdle (New Earth),Unknown,Unknown or None,Unknown or None,Blond Hair,Deceased Characters,2,"1994, May",1994
5525,Rudolpho Valentino (New Earth),Unknown,Unknown or None,Unknown or None,Blond Hair,Living Characters,2,"1989, September",1989
5526,Eric Gunderson (New Earth),Unknown,Unknown or None,Unknown or None,Blond Hair,Living Characters,2,"1988, March",1988
5527,Brother Drive (New Earth),Unknown,Unknown or None,Unknown or None,Brown Hair,Living Characters,2,"2008, July",2008
5528,Danae (New Earth),Unknown,Unknown or None,Unknown or None,Brown Hair,Living Characters,2,"2006, January",2006
5529,Didiu (New Earth),Unknown,Unknown or None,Unknown or None,Brown Hair,Living Characters,2,"2006, January",2006
5530,Sadeh (New Earth),Unknown,Unknown or None,Unknown or None,Brown Hair,Living Characters,2,"2005, August",2005
5531,Philip Rothstein (New Earth),Unknown,Unknown or None,Unknown or None,Brown Hair,Living Characters,2,"1984, March",1984
5532,Philip Chance (New Earth),Unknown,Unknown or None,Unknown or None,Brown Hair,Deceased Characters,2,"1973, March",1973
5533,Owen Slade (New Earth),Unknown,Unknown or None,Unknown or None,Grey Hair,Living Characters,2,"1988, February",1988
5534,Paul Barrett (New Earth),Unknown,Unknown or None,Unknown or None,Grey Hair,Living Characters,2,"1962, August",1962
5535,Peter Grogan (New Earth),Unknown,Unknown or None,Unknown or None,Red Hair,Living Characters,2,"1995, July",1995
5536,Karin Preus (New Earth),Unknown,Unknown or None,Unknown or None,Red Hair,Living Characters,2,"1988, March",1988
5537,Alcinoe (New Earth),Unknown,Unknown or None,Unknown or None,Strawberry Blond Hair,Living Characters,2,"2008, January",2008
5538,Bizarro Mxyzptlk (New Earth),Unknown,Unknown or None,Unknown or None,White Hair,Living Characters,2,"2007, November",2007
5539,Gigorr (New Earth),Public Identity,Bad Characters,Black Eyes,Black Hair,Deceased Characters,1,"2011, September",2011
5540,John Charles Collins (New Earth),Public Identity,Bad Characters,Black Eyes,Black Hair,Deceased Characters,1,"1987, May",1987
5541,Steven Brockman (New Earth),Public Identity,Bad Characters,Black Eyes,Brown Hair,Living Characters,1,"1986, December",1986
5542,Lady Aquamarine (New Earth),Public Identity,Bad Characters,Black Eyes,Grey Hair,Living Characters,1,"1985, March",1985
5543,Kaargl (New Earth),Public Identity,Bad Characters,Black Eyes,Unknown or None,Deceased Characters,1,"1989, May",1989
5544,Dana Tan (New Earth),Public Identity,Good Characters,Black Eyes,Black Hair,Living Characters,1,"2010, October",2010
5545,Percival Pill (New Earth),Public Identity,Good Characters,Black Eyes,Black Hair,Living Characters,1,"1995, May",1995
5546,Cyndy Kurahara (New Earth),Public Identity,Good Characters,Black Eyes,Black Hair,Living Characters,1,1989,1989
5547,Inada Akatsu (New Earth),Public Identity,Good Characters,Black Eyes,Black Hair,Living Characters,1,1989,1989
5548,Rodan Katatami (New Earth),Public Identity,Good Characters,Black Eyes,Black Hair,Living Characters,1,1989,1989
5549,Rajar (New Earth),Public Identity,Good Characters,Black Eyes,Brown Hair,Deceased Characters,1,"1990, March",1990
5550,Maxine Gibson (New Earth),Public Identity,Good Characters,Black Eyes,Purple Hair,Living Characters,1,"2010, November",2010
5551,Caradoc (New Earth),Public Identity,Good Characters,Black Eyes,Unknown or None,Living Characters,1,"2005, May",2005
5552,Barin Char (New Earth),Public Identity,Good Characters,Black Eyes,Unknown or None,Deceased Characters,1,"2000, September",2000
5553,Mickey the Mouse (New Earth),Public Identity,Good Characters,Black Eyes,White Hair,Living Characters,1,"2006, January",2006
5554,Stanga (New Earth),Public Identity,Good Characters,Black Eyes,White Hair,Living Characters,1,"1972, March",1972
5555,Suli Stellamaris (New Earth),Public Identity,Neutral Characters,Black Eyes,Black Hair,Living Characters,1,"2006, April",2006
5556,Antonio Silencio (New Earth),Public Identity,Neutral Characters,Black Eyes,Black Hair,Living Characters,1,"2005, October",2005
5557,Elvira (New Earth),Public Identity,Neutral Characters,Black Eyes,Black Hair,Living Characters,1,"1986, January",1986
5558,Dax-Am (New Earth),Public Identity,Neutral Characters,Black Eyes,Blond Hair,Living Characters,1,"2009, October",2009
5559,Huitzilopochtli (New Earth),Public Identity,Neutral Characters,Black Eyes,Unknown or None,Living Characters,1,"1991, October",1991
5560,Dan (New Earth),Public Identity,Neutral Characters,Black Eyes,Unknown or None,Living Characters,1,"1990, May",1990
5561,Cloud (New Earth),Public Identity,Unknown or None,Black Eyes,Black Hair,Living Characters,1,"2010, March",2010
5562,Uglyhead (New Earth),Secret Identity,Bad Characters,Black Eyes,Black Hair,Living Characters,1,"2006, January",2006
5563,Ebeneezer Badde (New Earth),Secret Identity,Bad Characters,Black Eyes,Black Hair,Living Characters,1,"2005, August",2005
5564,High-Rise (New Earth),Secret Identity,Bad Characters,Black Eyes,Black Hair,Living Characters,1,"2005, March",2005
5565,Amok (New Earth),Secret Identity,Bad Characters,Black Eyes,Black Hair,Deceased Characters,1,"2003, March",2003
5566,Perry Dennison (New Earth),Secret Identity,Bad Characters,Black Eyes,Black Hair,Living Characters,1,1993,1993
5567,Darklight (New Earth),Secret Identity,Bad Characters,Black Eyes,Black Hair,Living Characters,1,"1977, April",1977
5568,King of Spades IV (New Earth),Secret Identity,Bad Characters,Black Eyes,Blond Hair,Living Characters,1,"2002, February",2002
5569,Sunspot (New Earth),Secret Identity,Bad Characters,Black Eyes,Brown Hair,Living Characters,1,"1987, March",1987
5570,Zedabon Zarr (New Earth),Secret Identity,Bad Characters,Black Eyes,Red Hair,Living Characters,1,"1966, February",1966
5571,Bonehead (New Earth),Secret Identity,Bad Characters,Black Eyes,Unknown or None,Living Characters,1,"2010, November",2010
5572,Tigris (New Earth),Secret Identity,Bad Characters,Black Eyes,Unknown or None,Living Characters,1,"2005, November",2005
5573,Peter Malley (New Earth),Secret Identity,Bad Characters,Black Eyes,Unknown or None,Living Characters,1,"1998, January",1998
5574,El Dorado (New Earth),Secret Identity,Bad Characters,Black Eyes,Unknown or None,Living Characters,1,"1982, June",1982
5575,Snowflame (New Earth),Secret Identity,Bad Characters,Black Eyes,White Hair,Deceased Characters,1,"1988, October",1988
5576,Adellca (New Earth),Secret Identity,Good Characters,Black Eyes,Black Hair,Deceased Characters,1,"2011, September",2011
5577,Big Thunder (New Earth),Secret Identity,Good Characters,Black Eyes,Black Hair,Living Characters,1,"2006, April",2006
5578,Captain (New Earth),Secret Identity,Good Characters,Black Eyes,Black Hair,Living Characters,1,"2005, November",2005
5579,Tech-Fu (New Earth),Secret Identity,Good Characters,Black Eyes,Black Hair,Deceased Characters,1,"2005, November",2005
5580,Theodoric (New Earth),Secret Identity,Good Characters,Black Eyes,Brown Hair,Living Characters,1,"2011, September",2011
5581,Barnabus (New Earth),Secret Identity,Good Characters,Black Eyes,Brown Hair,Deceased Characters,1,"2006, May",2006
5582,Bulletdog (New Earth),Secret Identity,Good Characters,Black Eyes,Brown Hair,Living Characters,1,"2006, April",2006
5583,El Lobizon (New Earth),Secret Identity,Good Characters,Black Eyes,Brown Hair,Living Characters,1,"2000, September",2000
5584,Kruul (New Earth),Secret Identity,Good Characters,Black Eyes,Unknown or None,Deceased Characters,1,"2011, September",2011
5585,Squillic (New Earth),Secret Identity,Good Characters,Black Eyes,Unknown or None,Deceased Characters,1,"2011, September",2011
5586,Robert Mason (New Earth),Secret Identity,Neutral Characters,Black Eyes,Black Hair,Living Characters,1,"1941, February",1941
5587,Clot (New Earth),Unknown,Bad Characters,Black Eyes,Green Hair,Living Characters,1,"2008, January",2008
5588,Achille Destinee (New Earth),Unknown,Bad Characters,Black Eyes,White Hair,Deceased Characters,1,"1975, June",1975
5589,Teshom\u00e9 Hawkins (New Earth),Unknown,Neutral Characters,Black Eyes,Unknown or None,Deceased Characters,1,"2011, August",2011
5590,Khyrana (New Earth),Public Identity,Bad Characters,Blue Eyes,Blond Hair,Living Characters,1,"2007, April",2007
5591,Jon Kennedy Payne (New Earth),Public Identity,Bad Characters,Blue Eyes,Blond Hair,Deceased Characters,1,"1992, November",1992
5592,Richard Daniel (New Earth),Public Identity,Bad Characters,Blue Eyes,Brown Hair,Deceased Characters,1,"1996, December",1996
5593,Brigadoom (New Earth),Public Identity,Bad Characters,Blue Eyes,Red Hair,Living Characters,1,"2010, August",2010
5594,Martin Somers (New Earth),Public Identity,Bad Characters,Blue Eyes,Unknown or None,Deceased Characters,1,"2003, December",2003
5595,Dawlakispokpok (New Earth),Public Identity,Bad Characters,Blue Eyes,White Hair,Deceased Characters,1,1992,1992
5596,Ten-R (New Earth),Public Identity,Good Characters,Blue Eyes,Black Hair,Living Characters,1,"1987, December",1987
5597,Mark Antaeus (New Earth),Public Identity,Good Characters,Blue Eyes,Black Hair,Deceased Characters,1,,
5598,William von Hammer (New Earth),Public Identity,Good Characters,Blue Eyes,Blond Hair,Living Characters,1,"2009, August",2009
5599,Marge Dover (New Earth),Public Identity,Good Characters,Blue Eyes,Blond Hair,Deceased Characters,1,"2001, December",2001
5600,Jeffrey Graham (New Earth),Public Identity,Good Characters,Blue Eyes,Blond Hair,Living Characters,1,"1951, May",1951
5601,Norman McCay (New Earth),Public Identity,Good Characters,Blue Eyes,Grey Hair,Living Characters,1,"2009, January",2009
5602,Millie (New Earth),Public Identity,Good Characters,Blue Eyes,Pink Hair,Living Characters,1,"1997, August",1997
5603,Dennap (New Earth),Public Identity,Good Characters,Blue Eyes,White Hair,Living Characters,1,"2003, November",2003
5604,Stearn (New Earth),Public Identity,Good Characters,Blue Eyes,White Hair,Living Characters,1,"1990, May",1990
5605,Ana\u00efs Arcane (New Earth),Public Identity,Good Characters,Blue Eyes,White Hair,Deceased Characters,1,"1989, February",1989
5606,Ranakar (New Earth),Public Identity,Good Characters,Blue Eyes,White Hair,Living Characters,1,"1983, August",1983
5607,Debra Sinclair (New Earth),Public Identity,Neutral Characters,Blue Eyes,Black Hair,Living Characters,1,"2005, April",2005
5608,Abednego Danner (New Earth),Public Identity,Neutral Characters,Blue Eyes,Black Hair,Deceased Characters,1,"1988, March",1988
5609,Jennifer Myers (New Earth),Public Identity,Neutral Characters,Blue Eyes,Blond Hair,Living Characters,1,"2011, July",2011
5610,Walter Steele (New Earth),Public Identity,Neutral Characters,Blue Eyes,Blond Hair,Living Characters,1,"2010, August",2010
5611,Lance Harrower (New Earth),Public Identity,Neutral Characters,Blue Eyes,Blond Hair,Deceased Characters,1,"2006, January",2006
5612,Nicholas Quinzel (New Earth),Public Identity,Neutral Characters,Blue Eyes,Brown Hair,Living Characters,1,"2010, February",2010
5613,Maia (New Earth),Public Identity,Neutral Characters,Blue Eyes,Brown Hair,Living Characters,1,"1990, April",1990
5614,Jasper Dolan (New Earth),Public Identity,Neutral Characters,Blue Eyes,Grey Hair,Deceased Characters,1,"1997, September",1997
5615,"Frank Baker, Jr. (New Earth)",Public Identity,Neutral Characters,Blue Eyes,Grey Hair,Living Characters,1,,
5616,Richard Malverne (New Earth),Public Identity,Neutral Characters,Blue Eyes,Red Hair,Deceased Characters,1,"1997, January",1997
5617,Buna (New Earth),Public Identity,Unknown or None,Blue Eyes,Black Hair,Living Characters,1,"1995, September",1995
5618,Pandora I (New Earth),Public Identity,Unknown or None,Blue Eyes,Black Hair,Deceased Characters,1,"1990, August",1990
5619,Stuart Rawlings (New Earth),Public Identity,Unknown or None,Blue Eyes,Brown Hair,Living Characters,1,"2010, March",2010
5620,Byrna Brilyant (New Earth),Secret Identity,Bad Characters,Blue Eyes,Black Hair,Deceased Characters,1,"2010, February",2010
5621,Shellgame (New Earth),Secret Identity,Bad Characters,Blue Eyes,Black Hair,Living Characters,1,"1994, September",1994
5622,Reb (New Earth),Secret Identity,Bad Characters,Blue Eyes,Blond Hair,Living Characters,1,"2010, November",2010
5623,Erik Hanson (New Earth),Secret Identity,Bad Characters,Blue Eyes,Blond Hair,Living Characters,1,"2006, September",2006
5624,White Willow (New Earth),Secret Identity,Bad Characters,Blue Eyes,Blond Hair,Deceased Characters,1,"2005, November",2005
5625,David Mancini (New Earth),Secret Identity,Bad Characters,Blue Eyes,Blond Hair,Deceased Characters,1,1997,1997
5626,Ellie Mae Skaggs (New Earth),Secret Identity,Bad Characters,Blue Eyes,Blond Hair,Deceased Characters,1,"1987, November",1987
5627,Xavier Purvis (New Earth),Secret Identity,Bad Characters,Blue Eyes,Blond Hair,Living Characters,1,"1986, November",1986
5628,Southside (New Earth),Secret Identity,Bad Characters,Blue Eyes,Blue Hair,Living Characters,1,"2011, April",2011
5629,Olivia Reynolds II (New Earth),Secret Identity,Bad Characters,Blue Eyes,Brown Hair,Living Characters,1,"2010, November",2010
5630,Falseface (New Earth),Secret Identity,Bad Characters,Blue Eyes,Brown Hair,Living Characters,1,"2008, January",2008
5631,Chillblaine III (New Earth),Secret Identity,Bad Characters,Blue Eyes,Brown Hair,Living Characters,1,"1995, January",1995
5632,Backstabber (New Earth),Secret Identity,Bad Characters,Blue Eyes,Brown Hair,Living Characters,1,"1994, April",1994
5633,Frederick Delmar (New Earth),Secret Identity,Bad Characters,Blue Eyes,Brown Hair,Living Characters,1,"1984, January",1984
5634,Thomas Quigley (Earth-One),Secret Identity,Bad Characters,Blue Eyes,Brown Hair,Living Characters,1,"1981, August",1981
5635,William Magnus (robot) (New Earth),Secret Identity,Bad Characters,Blue Eyes,Brown Hair,Living Characters,1,"1963, July",1963
5636,Rook (New Earth),Secret Identity,Bad Characters,Blue Eyes,Unknown or None,Living Characters,1,"1992, September",1992
5637,Gray Ghost I (New Earth),Secret Identity,Bad Characters,Blue Eyes,Unknown or None,Living Characters,1,"1984, June",1984
5638,Twilight II (New Earth),Secret Identity,Bad Characters,Blue Eyes,White Hair,Living Characters,1,"1997, November",1997
5639,Vivienne (New Earth),Secret Identity,Good Characters,Blue Eyes,Black Hair,Living Characters,1,"2010, February",2010
5640,Miles Duncan (New Earth),Secret Identity,Good Characters,Blue Eyes,Black Hair,Living Characters,1,"1995, May",1995
5641,Mareena (New Earth),Secret Identity,Good Characters,Blue Eyes,Green Hair,Living Characters,1,"2010, August",2010
5642,Hoppy (New Earth),Secret Identity,Good Characters,Blue Eyes,Pink Hair,Living Characters,1,"1997, August",1997
5643,Rosemary Fields (New Earth),Secret Identity,Good Characters,Blue Eyes,Red Hair,Living Characters,1,"2000, October",2000
5644,Krypto (Clone) (New Earth),Secret Identity,Good Characters,Blue Eyes,White Hair,Deceased Characters,1,"2011, March",2011
5645,Diane Dorst (New Earth),Secret Identity,Neutral Characters,Blue Eyes,Blond Hair,Living Characters,1,"2009, October",2009
5646,Six of Spades II (New Earth),Unknown,Bad Characters,Blue Eyes,Black Hair,Living Characters,1,"2009, September",2009
5647,Earl Povich (New Earth),Unknown,Bad Characters,Blue Eyes,Black Hair,Living Characters,1,1997,1997
5648,Poltergeist (New Earth),Unknown,Bad Characters,Blue Eyes,Black Hair,Living Characters,1,"1996, December",1996
5649,Amaya (New Earth),Unknown,Bad Characters,Blue Eyes,Black Hair,Deceased Characters,1,"1991, September",1991
5650,Aurora (Earth-One),Unknown,Bad Characters,Blue Eyes,Black Hair,Living Characters,1,"1983, November",1983
5651,David DeVille (New Earth),Unknown,Bad Characters,Blue Eyes,Blond Hair,Deceased Characters,1,"2002, December",2002
5652,Julie Crystal (New Earth),Unknown,Bad Characters,Blue Eyes,Blond Hair,Living Characters,1,1991,1991
5653,Priscilla Stryker (New Earth),Unknown,Bad Characters,Blue Eyes,Blond Hair,Living Characters,1,"1991, March",1991
5654,Steven Kernahan (New Earth),Unknown,Bad Characters,Blue Eyes,Brown Hair,Deceased Characters,1,"1995, October",1995
5655,Huntress (O.G.R.E.) (New Earth),Unknown,Bad Characters,Blue Eyes,Brown Hair,Living Characters,1,"1966, April",1966
5656,Quinlan (New Earth),Unknown,Bad Characters,Blue Eyes,Grey Hair,Deceased Characters,1,"1987, September",1987
5657,Stanislaus Johns (New Earth),Unknown,Bad Characters,Blue Eyes,White Hair,Living Characters,1,"1992, April",1992
5658,Phineas Quayle (New Earth),Unknown,Bad Characters,Blue Eyes,White Hair,Living Characters,1,"1985, July",1985
5659,Adam Bomb (New Earth),Unknown,Bad Characters,Blue Eyes,Unknown or None,Living Characters,1,"2009, June",2009
5660,Ariadne of the Blue Guard (New Earth),Unknown,Good Characters,Blue Eyes,Black Hair,Deceased Characters,1,"1997, July",1997
5661,Oksana Verchenko (New Earth),Unknown,Good Characters,Blue Eyes,Blond Hair,Deceased Characters,1,"2005, July",2005
5662,Luke Hames (New Earth),Unknown,Good Characters,Blue Eyes,Blond Hair,Living Characters,1,1993,1993
5663,Sif (New Earth),Unknown,Good Characters,Blue Eyes,Blond Hair,Living Characters,1,"1967, October",1967
5664,Mala of Bana-Mighdall (New Earth),Unknown,Good Characters,Blue Eyes,Brown Hair,Living Characters,1,"1994, October",1994
5665,Ethan Kramer (New Earth),Unknown,Good Characters,Blue Eyes,Red Hair,Deceased Characters,1,"2011, April",2011
5666,Rudyon (New Earth),Unknown,Good Characters,Blue Eyes,Red Hair,Living Characters,1,"2003, December",2003
5667,Zac Ares Bandet (New Earth),Unknown,Good Characters,Blue Eyes,Unknown or None,Deceased Characters,1,"2000, July",2000
5668,Sergeant Mack (New Earth),Unknown,Good Characters,Blue Eyes,Unknown or None,Living Characters,1,"1997, December",1997
5669,Kalibre (New Earth),Unknown,Neutral Characters,Blue Eyes,Black Hair,Living Characters,1,"1995, September",1995
5670,Bizarro I (New Earth),Unknown,Neutral Characters,Blue Eyes,Black Hair,Deceased Characters,1,"1986, December",1986
5671,Victor Christianson (New Earth),Unknown,Neutral Characters,Blue Eyes,Brown Hair,Living Characters,1,"1978, June",1978
5672,Mike Virgil (New Earth),Unknown,Unknown or None,Blue Eyes,Grey Hair,Living Characters,1,"2008, June",2008
5673,William Riley (New Earth),Unknown,Unknown or None,Blue Eyes,Grey Hair,Living Characters,1,"1999, June",1999
5674,Rachel Rathaway (New Earth),Unknown,Unknown or None,Blue Eyes,Red Hair,Living Characters,1,"1989, November",1989
5675,Duran (New Earth),Public Identity,Bad Characters,Brown Eyes,Black Hair,Living Characters,1,"2000, August",2000
5676,Isaac Fisher (New Earth),Public Identity,Bad Characters,Brown Eyes,Black Hair,Living Characters,1,"1997, May",1997
5677,Julius Barrow (New Earth),Public Identity,Bad Characters,Brown Eyes,Black Hair,Living Characters,1,"1991, May",1991
5678,Noor Harjavti (New Earth),Public Identity,Bad Characters,Brown Eyes,Black Hair,Living Characters,1,"1990, August",1990
5679,Nyra (New Earth),Public Identity,Bad Characters,Brown Eyes,Black Hair,Living Characters,1,"1987, December",1987
5680,Altman (New Earth),Public Identity,Bad Characters,Brown Eyes,Brown Hair,Living Characters,1,"2010, August",2010
5681,Bobby Gazzo (New Earth),Public Identity,Bad Characters,Brown Eyes,Brown Hair,Deceased Characters,1,"1999, December",1999
5682,Thwarcharchura (New Earth),Public Identity,Bad Characters,Brown Eyes,Brown Hair,Living Characters,1,1992,1992
5683,Margaret Thatcher (New Earth),Public Identity,Bad Characters,Brown Eyes,Brown Hair,Living Characters,1,"1988, March",1988
5684,William Roberts (New Earth),Public Identity,Bad Characters,Brown Eyes,Brown Hair,Living Characters,1,"1987, December",1987
5685,Lattea (New Earth),Public Identity,Good Characters,Brown Eyes,Black Hair,Deceased Characters,1,"2011, March",2011
5686,Mother Zed (New Earth),Public Identity,Good Characters,Brown Eyes,Black Hair,Deceased Characters,1,"2006, December",2006
5687,Alvin Pierce (New Earth),Public Identity,Good Characters,Brown Eyes,Black Hair,Deceased Characters,1,"1978, January",1978
5688,Ben Lo (New Earth),Public Identity,Good Characters,Brown Eyes,Black Hair,Living Characters,1,,
5689,Naomi Lord (New Earth),Public Identity,Good Characters,Brown Eyes,Brown Hair,Living Characters,1,"2011, January",2011
5690,Grover Baines (New Earth),Public Identity,Good Characters,Brown Eyes,Brown Hair,Living Characters,1,"1989, June",1989
5691,Morisca (New Earth),Public Identity,Good Characters,Brown Eyes,Red Hair,Deceased Characters,1,"1990, May",1990
5692,Alvin Tanner (New Earth),Public Identity,Good Characters,Brown Eyes,Unknown or None,Living Characters,1,"2009, March",2009
5693,Mawu (New Earth),Public Identity,Neutral Characters,Brown Eyes,Black Hair,Living Characters,1,"1997, October",1997
5694,George Calderon (New Earth),Public Identity,Neutral Characters,Brown Eyes,Brown Hair,Deceased Characters,1,"2007, January",2007
5695,Britton (New Earth),Public Identity,Neutral Characters,Brown Eyes,Brown Hair,Living Characters,1,"1990, April",1990
5696,Ronel (New Earth),Public Identity,Neutral Characters,Brown Eyes,Unknown or None,Living Characters,1,"1990, May",1990
5697,Joan Ng (New Earth),Public Identity,Unknown or None,Brown Eyes,Brown Hair,Living Characters,1,"2011, March",2011
5698,Blinder (New Earth),Secret Identity,Bad Characters,Brown Eyes,Black Hair,Living Characters,1,"2011, August",2011
5699,Mind Czar (New Earth),Secret Identity,Bad Characters,Brown Eyes,Black Hair,Living Characters,1,"2010, April",2010
5700,Tora (New Earth),Secret Identity,Bad Characters,Brown Eyes,Black Hair,Living Characters,1,"1999, January",1999
5701,Prom Queen (New Earth),Secret Identity,Bad Characters,Brown Eyes,Black Hair,Living Characters,1,"1998, May",1998
5702,Cursor (New Earth),Secret Identity,Bad Characters,Brown Eyes,Black Hair,Living Characters,1,"1991, April",1991
5703,Slasher (New Earth),Secret Identity,Bad Characters,Brown Eyes,Black Hair,Deceased Characters,1,"1983, August",1983
5704,Lightning Bug (New Earth),Secret Identity,Bad Characters,Brown Eyes,Brown Hair,Deceased Characters,1,"2009, November",2009
5705,Dale Smith (New Earth),Secret Identity,Bad Characters,Brown Eyes,Brown Hair,Living Characters,1,"2007, November",2007
5706,Michael Patten (New Earth),Secret Identity,Bad Characters,Brown Eyes,Brown Hair,Living Characters,1,"1998, October",1998
5707,Pierce I (New Earth),Secret Identity,Bad Characters,Brown Eyes,Brown Hair,Living Characters,1,1995,1995
5708,Darthartheen (New Earth),Secret Identity,Bad Characters,Brown Eyes,Brown Hair,Living Characters,1,1992,1992
5709,Norman Rotrig (New Earth),Secret Identity,Bad Characters,Brown Eyes,Red Hair,Living Characters,1,"2011, October",2011
5710,Metalhead II (New Earth),Secret Identity,Bad Characters,Brown Eyes,Red Hair,Living Characters,1,"2000, May",2000
5711,Micron (New Earth),Secret Identity,Good Characters,Brown Eyes,Black Hair,Living Characters,1,"2010, August",2010
5712,Oya (New Earth),Secret Identity,Good Characters,Brown Eyes,Black Hair,Living Characters,1,"2001, June",2001
5713,Arashi Ohashi (New Earth),Secret Identity,Good Characters,Brown Eyes,Black Hair,Living Characters,1,"1996, December",1996
5714,Clay Irons (New Earth),Secret Identity,Good Characters,Brown Eyes,Black Hair,Living Characters,1,1995,1995
5715,Abe Crane (New Earth),Secret Identity,Good Characters,Brown Eyes,Black Hair,Living Characters,1,"1988, December",1988
5716,Kid Emotion (New Earth),Secret Identity,Good Characters,Brown Eyes,Brown Hair,Living Characters,1,"1998, February",1998
5717,Soapy (New Earth),Secret Identity,Neutral Characters,Brown Eyes,Black Hair,Living Characters,1,"2005, May",2005
5718,Charles Ralston (Earth-One),Secret Identity,Neutral Characters,Brown Eyes,Black Hair,Living Characters,1,"1981, November",1981
5719,Immortal Man in Darkness III (New Earth),Secret Identity,Unknown or None,Brown Eyes,Black Hair,Deceased Characters,1,"2010, April",2010
5720,Pharamond (New Earth),Secret Identity,Unknown or None,Brown Eyes,Brown Hair,Living Characters,1,"1992, November",1992
5721,Jack of Clubs IV (New Earth),Unknown,Bad Characters,Brown Eyes,Black Hair,Living Characters,1,"2010, October",2010
5722,Lyana (New Earth),Unknown,Bad Characters,Brown Eyes,Black Hair,Living Characters,1,"1991, September",1991
5723,Marita (New Earth),Unknown,Bad Characters,Brown Eyes,Black Hair,Living Characters,1,"1991, September",1991
5724,Jaime Sanchez (New Earth),Unknown,Bad Characters,Brown Eyes,Black Hair,Living Characters,1,"1979, September",1979
5725,Poet II (New Earth),Unknown,Bad Characters,Brown Eyes,Blond Hair,Living Characters,1,"1990, April",1990
5726,Mudge (New Earth),Unknown,Bad Characters,Brown Eyes,Brown Hair,Living Characters,1,"2001, January",2001
5727,Peter Ostine (New Earth),Unknown,Bad Characters,Brown Eyes,Brown Hair,Deceased Characters,1,"1997, February",1997
5728,Shalir (New Earth),Unknown,Bad Characters,Brown Eyes,Brown Hair,Living Characters,1,"1991, September",1991
5729,Batman Jones (New Earth),Unknown,Good Characters,Brown Eyes,Black Hair,Living Characters,1,"2009, July",2009
5730,Terri Thirteen (New Earth),Unknown,Good Characters,Brown Eyes,Black Hair,Living Characters,1,"2006, September",2006
5731,Vestina (New Earth),Unknown,Good Characters,Brown Eyes,Black Hair,Living Characters,1,"1999, November",1999
5732,Wallace Johnson (New Earth),Unknown,Good Characters,Brown Eyes,Black Hair,Living Characters,1,"1996, December",1996
5733,Carya (New Earth),Unknown,Good Characters,Brown Eyes,Black Hair,Living Characters,1,"1989, July",1989
5734,Ahmed Samsarra (New Earth),Unknown,Good Characters,Brown Eyes,Brown Hair,Deceased Characters,1,"2005, July",2005
5735,Patricia Grace-Colby (New Earth),Unknown,Good Characters,Brown Eyes,Brown Hair,Deceased Characters,1,"2005, July",2005
5736,Althea (New Earth),Unknown,Good Characters,Brown Eyes,Brown Hair,Living Characters,1,"2003, June",2003
5737,Catalyn (New Earth),Unknown,Good Characters,Brown Eyes,Brown Hair,Living Characters,1,"2003, May",2003
5738,Gisa (New Earth),Unknown,Good Characters,Brown Eyes,Unknown or None,Living Characters,1,"1989, June",1989
5739,Imara (New Earth),Unknown,Good Characters,Brown Eyes,Unknown or None,Deceased Characters,1,"1989, June",1989
5740,Esteban of the Posse (New Earth),Unknown,Neutral Characters,Brown Eyes,Black Hair,Living Characters,1,"2006, September",2006
5741,Lakutha (New Earth),Unknown,Neutral Characters,Brown Eyes,Brown Hair,Deceased Characters,1,"2000, August",2000
5742,Assyra (New Earth),Unknown,Unknown or None,Brown Eyes,Black Hair,Living Characters,1,"1989, May",1989
5743,Cyrus Lord (New Earth),Unknown,Unknown or None,Brown Eyes,Brown Hair,Living Characters,1,"2009, March",2009
5744,Cilissa (New Earth),Unknown,Unknown or None,Brown Eyes,Brown Hair,Living Characters,1,"2006, January",2006
5745,Jasmine (New Earth),Unknown,Unknown or None,Brown Eyes,Brown Hair,Living Characters,1,"1991, May",1991
5746,Eye of Horus (New Earth),Public Identity,Bad Characters,Green Eyes,Unknown or None,Living Characters,1,"1966, March",1966
5747,Desdemona (New Earth),Public Identity,Good Characters,Green Eyes,Unknown or None,Living Characters,1,"1991, January",1991
5748,Thomas Raymond Chatham (New Earth),Public Identity,Unknown or None,Green Eyes,Brown Hair,Deceased Characters,1,"1995, July",1995
5749,Tsunami (New Earth),Secret Identity,Bad Characters,Green Eyes,Black Hair,Living Characters,1,"1982, January",1982
5750,Guilt (New Earth),Secret Identity,Bad Characters,Green Eyes,Blue Hair,Living Characters,1,"2005, July",2005
5751,Meat Cleaver (New Earth),Secret Identity,Bad Characters,Green Eyes,Brown Hair,Living Characters,1,"2002, October",2002
5752,Stiletta (New Earth),Secret Identity,Bad Characters,Green Eyes,Brown Hair,Living Characters,1,"1994, September",1994
5753,Marauder I (New Earth),Secret Identity,Bad Characters,Green Eyes,Red Hair,Deceased Characters,1,"1993, October",1993
5754,Maxi-Man II (New Earth),Secret Identity,Good Characters,Green Eyes,Blond Hair,Living Characters,1,"2007, May",2007
5755,Green Arrow (Oliver Queen),Secret Identity,Good Characters,Green Eyes,Blond Hair,Living Characters,1,"1941, November",1941
5756,Lady Liberty III (New Earth),Secret Identity,Good Characters,Green Eyes,Red Hair,Deceased Characters,1,"2006, June",2006
5757,Kai-Ro (New Earth),Secret Identity,Good Characters,Green Eyes,Unknown or None,Living Characters,1,"2010, August",2010
5758,Illuminata (New Earth),Unknown,Bad Characters,Green Eyes,Blond Hair,Living Characters,1,"1999, June",1999
5759,Queen of Hearts V (New Earth),Unknown,Bad Characters,Green Eyes,Red Hair,Living Characters,1,"2010, October",2010
5760,Precious (New Earth),Unknown,Bad Characters,Green Eyes,Red Hair,Deceased Characters,1,"2004, June",2004
5761,Shirea Vaas (New Earth),Unknown,Good Characters,Green Eyes,Black Hair,Living Characters,1,"2006, February",2006
5762,Mark Armstrong (New Earth),Unknown,Good Characters,Green Eyes,Brown Hair,Living Characters,1,"1994, December",1994
5763,Liana (New Earth),Unknown,Good Characters,Green Eyes,Unknown or None,Living Characters,1,"1983, March",1983
5764,Dana Simpson (New Earth),Unknown,Unknown or None,Green Eyes,Brown Hair,Living Characters,1,"1989, December",1989
5765,Thorne (New Earth),Public Identity,Good Characters,Grey Eyes,Grey Hair,Living Characters,1,"1990, April",1990
5766,Gorbzil Mammit (New Earth),Public Identity,Good Characters,Hazel Eyes,Black Hair,Living Characters,1,"1999, August",1999
5767,Boka (New Earth),Public Identity,Good Characters,Hazel Eyes,Black Hair,Living Characters,1,"1962, March",1962
5768,Syra (New Earth),Public Identity,Good Characters,Hazel Eyes,Blond Hair,Deceased Characters,1,"1989, May",1989
5769,Becky Albright (New Earth),Public Identity,Good Characters,Hazel Eyes,Brown Hair,Living Characters,1,"1998, February",1998
5770,Agantha (New Earth),Secret Identity,Bad Characters,Photocellular Eyes,Unknown or None,Living Characters,1,"1964, September",1964
5771,Aluminum (New Earth),Secret Identity,Bad Characters,Photocellular Eyes,Unknown or None,Living Characters,1,"1963, July",1963
5772,Barium (New Earth),Secret Identity,Bad Characters,Photocellular Eyes,Unknown or None,Living Characters,1,"1963, July",1963
5773,Calcium (New Earth),Secret Identity,Bad Characters,Photocellular Eyes,Unknown or None,Living Characters,1,"1963, July",1963
5774,Plutonium (New Earth),Secret Identity,Bad Characters,Photocellular Eyes,Unknown or None,Living Characters,1,"1963, July",1963
5775,Sodium (New Earth),Secret Identity,Bad Characters,Photocellular Eyes,Unknown or None,Living Characters,1,"1963, July",1963
5776,Zirconium (New Earth),Secret Identity,Bad Characters,Photocellular Eyes,Unknown or None,Living Characters,1,"1963, July",1963
5777,C.A.P.D. (New Earth),Secret Identity,Good Characters,Photocellular Eyes,Unknown or None,Living Characters,1,"1982, October",1982
5778,Krakko (New Earth),Unknown,Bad Characters,Photocellular Eyes,Unknown or None,Deceased Characters,1,"1982, July",1982
5779,Carnivore (New Earth),Identity Unknown,Bad Characters,Red Eyes,Black Hair,Living Characters,1,"1998, March",1998
5780,Gluttony II (New Earth),Public Identity,Bad Characters,Red Eyes,Black Hair,Living Characters,1,"2008, December",2008
5781,Jack (New Earth),Public Identity,Bad Characters,Red Eyes,Black Hair,Living Characters,1,"2008, December",2008
5782,James (New Earth),Public Identity,Bad Characters,Red Eyes,Black Hair,Living Characters,1,"2008, December",2008
5783,Angst (New Earth),Public Identity,Bad Characters,Red Eyes,Black Hair,Living Characters,1,"1991, October",1991
5784,Harold Kramer (Earth-One),Public Identity,Bad Characters,Red Eyes,Brown Hair,Living Characters,1,"1981, March",1981
5785,Rip Roar (New Earth),Public Identity,Bad Characters,Red Eyes,Strawberry Blond Hair,Living Characters,1,"1998, October",1998
5786,Nurse Maggit (New Earth),Public Identity,Bad Characters,Red Eyes,Unknown or None,Living Characters,1,"1999, September",1999
5787,Rott (New Earth),Public Identity,Bad Characters,Red Eyes,Unknown or None,Living Characters,1,"1992, April",1992
5788,Echielias (New Earth),Public Identity,Good Characters,Red Eyes,Grey Hair,Living Characters,1,"1999, November",1999
5789,Heraphon (New Earth),Public Identity,Good Characters,Red Eyes,Grey Hair,Living Characters,1,"1999, November",1999
5790,Rrall (New Earth),Public Identity,Good Characters,Red Eyes,Grey Hair,Living Characters,1,"1999, November",1999
5791,Miss Tribb (New Earth),Public Identity,Neutral Characters,Red Eyes,Black Hair,Living Characters,1,"1990, November",1990
5792,Lucifer (New Earth),Secret Identity,Bad Characters,Red Eyes,Black Hair,Deceased Characters,1,"1986, December",1986
5793,Acidia (New Earth),Secret Identity,Bad Characters,Red Eyes,Blond Hair,Living Characters,1,"1998, May",1998
5794,Mister Finish (New Earth),Secret Identity,Bad Characters,Red Eyes,Brown Hair,Living Characters,1,"1997, September",1997
5795,Bogeyman (New Earth),Secret Identity,Bad Characters,Red Eyes,White Hair,Living Characters,1,"2010, November",2010
5796,La Sangre (New Earth),Secret Identity,Good Characters,Red Eyes,Red Hair,Living Characters,1,"2009, August",2009
5797,Mister Frost (New Earth),Unknown,Bad Characters,Red Eyes,White Hair,Living Characters,1,"1997, March",1997
5798,Paradox (New Earth),Unknown,Bad Characters,Red Eyes,White Hair,Living Characters,1,1991,1991
5799,Stigmonus (New Earth),Unknown,Bad Characters,Red Eyes,Unknown or None,Living Characters,1,"2002, December",2002
5800,Phantos (New Earth),Unknown,Good Characters,Red Eyes,Unknown or None,Deceased Characters,1,"1998, December",1998
5801,Skokiaan (New Earth),Unknown,Good Characters,Red Eyes,Unknown or None,Living Characters,1,"1984, July",1984
5802,Soma (New Earth),Unknown,Good Characters,Red Eyes,Unknown or None,Living Characters,1,"1984, July",1984
5803,Sharon Quinzel (New Earth),Public Identity,Unknown or None,Violet Eyes,Green Hair,Living Characters,1,"2010, February",2010
5804,Gong Gong Impostor (New Earth),Identity Unknown,Neutral Characters,White Eyes,Unknown or None,Living Characters,1,"2010, January",2010
5805,Lei Kung Impostor (New Earth),Identity Unknown,Neutral Characters,White Eyes,Unknown or None,Living Characters,1,"2010, January",2010
5806,Hemo-Goblin (New Earth),Public Identity,Bad Characters,White Eyes,Unknown or None,Deceased Characters,1,"1988, September",1988
5807,Cythonna (New Earth),Public Identity,Bad Characters,White Eyes,White Hair,Living Characters,1,1999,1999
5808,Buzzword (New Earth),Secret Identity,Bad Characters,White Eyes,Blond Hair,Living Characters,1,"1999, August",1999
5809,Bloodthirst (New Earth),Secret Identity,Bad Characters,White Eyes,Unknown or None,Living Characters,1,"1993, November",1993
5810,Mister Justice (New Earth),Secret Identity,Good Characters,White Eyes,Black Hair,Living Characters,1,"2010, March",2010
5811,Vegar (New Earth),Secret Identity,Good Characters,White Eyes,Blue Hair,Deceased Characters,1,"2011, September",2011
5812,Kuan Ti Impostor (New Earth),Secret Identity,Neutral Characters,White Eyes,Unknown or None,Living Characters,1,"2010, January",2010
5813,Sigyn (New Earth),Unknown,Neutral Characters,White Eyes,White Hair,Living Characters,1,"1991, March",1991
5814,Chu Jung Impostor (New Earth),Unknown,Neutral Characters,White Eyes,Unknown or None,Living Characters,1,"2010, January",2010
5815,Lei Zi Impostor (New Earth),Unknown,Neutral Characters,White Eyes,Unknown or None,Living Characters,1,"2010, January",2010
5816,Quetzlotl (New Earth),Public Identity,Good Characters,Yellow Eyes,Blond Hair,Living Characters,1,"2010, March",2010
5817,Prowley (New Earth),Public Identity,Neutral Characters,Yellow Eyes,Black Hair,Living Characters,1,,
5818,Jackson Jones (New Earth),Secret Identity,Bad Characters,Yellow Eyes,Brown Hair,Deceased Characters,1,"2007, November",2007
5819,Cinderblock (New Earth),Secret Identity,Bad Characters,Yellow Eyes,Unknown or None,Living Characters,1,"2009, November",2009
5820,Artois (New Earth),Secret Identity,Good Characters,Yellow Eyes,Blond Hair,Deceased Characters,1,"2011, September",2011
5821,Sirius (New Earth),Secret Identity,Neutral Characters,Yellow Eyes,Red Hair,Living Characters,1,"2001, March",2001
5822,Imecsub (New Earth),Unknown,Bad Characters,Yellow Eyes,Red Hair,Deceased Characters,1,"2009, April",2009
5823,Juju (New Earth),Unknown,Good Characters,Yellow Eyes,Black Hair,Living Characters,1,"1984, July",1984
5824,Brighteyes (New Earth),Unknown,Good Characters,Yellow Eyes,Blue Hair,Living Characters,1,"1984, July",1984
5825,Thulka Re (New Earth),Unknown,Good Characters,Yellow Eyes,Unknown or None,Deceased Characters,1,"2010, May",2010
5826,Ace of Spades VII (New Earth),Identity Unknown,Bad Characters,Unknown or None,Brown Hair,Living Characters,1,"2010, October",2010
5827,Sewer King (New Earth),Identity Unknown,Bad Characters,Unknown or None,Unknown or None,Deceased Characters,1,"2006, October",2006
5828,Abyss (New Earth),Identity Unknown,Bad Characters,Unknown or None,Unknown or None,Living Characters,1,"1982, February",1982
5829,Nathaniel Wayne (New Earth),Public Identity,Bad Characters,Unknown or None,Black Hair,Living Characters,1,"2010, July",2010
5830,Recca (New Earth),Public Identity,Bad Characters,Unknown or None,Black Hair,Living Characters,1,"2008, April",2008
5831,Nina Close (New Earth),Public Identity,Bad Characters,Unknown or None,Black Hair,Living Characters,1,"2007, November",2007
5832,Wunda (New Earth),Public Identity,Bad Characters,Unknown or None,Black Hair,Living Characters,1,"2005, November",2005
5833,Jack Monteleone (New Earth),Public Identity,Bad Characters,Unknown or None,Black Hair,Living Characters,1,"2002, March",2002
5834,Hathak (New Earth),Public Identity,Bad Characters,Unknown or None,Black Hair,Deceased Characters,1,"1997, December",1997
5835,Fong (New Earth),Public Identity,Bad Characters,Unknown or None,Black Hair,Deceased Characters,1,"1996, March",1996
5836,Jesus Valdez (New Earth),Public Identity,Bad Characters,Unknown or None,Black Hair,Deceased Characters,1,"1993, July",1993
5837,Iota (New Earth),Public Identity,Bad Characters,Unknown or None,Black Hair,Living Characters,1,"1989, April",1989
5838,Carl Hammer (New Earth),Public Identity,Bad Characters,Unknown or None,Black Hair,Living Characters,1,"1985, February",1985
5839,Mr. Hammer (New Earth),Public Identity,Bad Characters,Unknown or None,Black Hair,Deceased Characters,1,"1985, February",1985
5840,Ferenc Aldebaran (New Earth),Public Identity,Bad Characters,Unknown or None,Black Hair,Living Characters,1,"1962, April",1962
5841,Bludhound (New Earth),Public Identity,Bad Characters,Unknown or None,Blond Hair,Deceased Characters,1,"1993, December",1993
5842,Turbeau (New Earth),Public Identity,Bad Characters,Unknown or None,Blond Hair,Living Characters,1,"1991, August",1991
5843,Jonathan Gunnarson (New Earth),Public Identity,Bad Characters,Unknown or None,Blond Hair,Deceased Characters,1,"1983, February",1983
5844,Donald Sullivan (New Earth),Public Identity,Bad Characters,Unknown or None,Brown Hair,Deceased Characters,1,"1997, January",1997
5845,Jimmy Murphy (New Earth),Public Identity,Bad Characters,Unknown or None,Brown Hair,Deceased Characters,1,"1997, January",1997
5846,Kevin Kelly (New Earth),Public Identity,Bad Characters,Unknown or None,Brown Hair,Deceased Characters,1,"1997, January",1997
5847,Luca Mareli (New Earth),Public Identity,Bad Characters,Unknown or None,Brown Hair,Deceased Characters,1,"1997, February",1997
5848,Mickey Sullivan (New Earth),Public Identity,Bad Characters,Unknown or None,Brown Hair,Deceased Characters,1,"1997, January",1997
5849,Mindy Falconer (New Earth),Public Identity,Bad Characters,Unknown or None,Brown Hair,Deceased Characters,1,"1996, September",1996
5850,Abner Girdler (New Earth),Public Identity,Bad Characters,Unknown or None,Brown Hair,Living Characters,1,"1995, October",1995
5851,Aaron Babcock (New Earth),Public Identity,Bad Characters,Unknown or None,Brown Hair,Deceased Characters,1,"1992, March",1992
5852,Agogg (New Earth),Public Identity,Bad Characters,Unknown or None,Brown Hair,Deceased Characters,1,"1991, February",1991
5853,Sophia Santos (New Earth),Public Identity,Bad Characters,Unknown or None,Brown Hair,Living Characters,1,"1978, November",1978
5854,John Dolan (Earth-One),Public Identity,Bad Characters,Unknown or None,Brown Hair,Living Characters,1,"1961, August",1961
5855,Vincent Falcone (New Earth),Public Identity,Bad Characters,Unknown or None,Grey Hair,Living Characters,1,"1997, August",1997
5856,Merritz (New Earth),Public Identity,Bad Characters,Unknown or None,Red Hair,Deceased Characters,1,"1994, May",1994
5857,Angela Wainwright (New Earth),Public Identity,Bad Characters,Unknown or None,Red Hair,Living Characters,1,"1981, December",1981
5858,Charles I (New Earth),Public Identity,Bad Characters,Unknown or None,Unknown or None,Living Characters,1,"2011, February",2011
5859,Edward I (New Earth),Public Identity,Bad Characters,Unknown or None,Unknown or None,Living Characters,1,"2011, February",2011
5860,John I (New Earth),Public Identity,Bad Characters,Unknown or None,Unknown or None,Living Characters,1,"2011, February",2011
5861,Richard III (New Earth),Public Identity,Bad Characters,Unknown or None,Unknown or None,Living Characters,1,"2011, February",2011
5862,Victor Sono (New Earth),Public Identity,Bad Characters,Unknown or None,Unknown or None,Living Characters,1,"2008, March",2008
5863,Blur (New Earth),Public Identity,Bad Characters,Unknown or None,Unknown or None,Living Characters,1,"2006, January",2006
5864,Buster (New Earth),Public Identity,Bad Characters,Unknown or None,Unknown or None,Living Characters,1,"2006, January",2006
5865,Marisius (New Earth),Public Identity,Bad Characters,Unknown or None,Unknown or None,Living Characters,1,"2006, October",2006
5866,Quaker (New Earth),Public Identity,Bad Characters,Unknown or None,Unknown or None,Living Characters,1,"2006, January",2006
5867,Sapling (New Earth),Public Identity,Bad Characters,Unknown or None,Unknown or None,Living Characters,1,"2006, January",2006
5868,Silhouette II (New Earth),Public Identity,Bad Characters,Unknown or None,Unknown or None,Living Characters,1,"2006, January",2006
5869,Water (New Earth),Public Identity,Bad Characters,Unknown or None,Unknown or None,Deceased Characters,1,"2006, April",2006
5870,Vartan Kevork (New Earth),Public Identity,Bad Characters,Unknown or None,Unknown or None,Deceased Characters,1,"2002, November",2002
5871,Canis Minor (New Earth),Public Identity,Bad Characters,Unknown or None,Unknown or None,Living Characters,1,"2001, August",2001
5872,Tusk (New Earth),Public Identity,Bad Characters,Unknown or None,Unknown or None,Deceased Characters,1,"2000, January",2000
5873,Phillipe Mouton (New Earth),Public Identity,Bad Characters,Unknown or None,Unknown or None,Living Characters,1,"1996, November",1996
5874,Duality (New Earth),Public Identity,Bad Characters,Unknown or None,Unknown or None,Living Characters,1,"1995, May",1995
5875,Cyborg-87 (New Earth),Public Identity,Bad Characters,Unknown or None,Unknown or None,Living Characters,1,"1989, April",1989
5876,Wolfgang Teppel (New Earth),Public Identity,Bad Characters,Unknown or None,Unknown or None,Deceased Characters,1,"1989, October",1989
5877,Henry Strauss (New Earth),Public Identity,Bad Characters,Unknown or None,Unknown or None,Deceased Characters,1,"1987, July",1987
5878,Prince Aquamarine (New Earth),Public Identity,Bad Characters,Unknown or None,Unknown or None,Living Characters,1,"1985, March",1985
5879,Todd Walton (New Earth),Public Identity,Bad Characters,Unknown or None,Unknown or None,Living Characters,1,1985,1985
5880,Hoogin (New Earth),Public Identity,Bad Characters,Unknown or None,Unknown or None,Living Characters,1,"1972, April",1972
5881,Jerome Cox (New Earth),Public Identity,Bad Characters,Unknown or None,Unknown or None,Living Characters,1,,
5882,Dickson Kurata (New Earth),Public Identity,Bad Characters,Unknown or None,White Hair,Living Characters,1,"2002, March",2002
5883,James Stark (New Earth),Public Identity,Bad Characters,Unknown or None,White Hair,Deceased Characters,1,"2002, August",2002
5884,Professor Powder (New Earth),Public Identity,Bad Characters,Unknown or None,White Hair,Living Characters,1,"1991, September",1991
5885,Kha-Ef-Re (New Earth),Public Identity,Good Characters,Unknown or None,Black Hair,Living Characters,1,"2011, March",2011
5886,Tyson Sykes (New Earth),Public Identity,Good Characters,Unknown or None,Black Hair,Living Characters,1,"2008, June",2008
5887,Henry Knight (New Earth),Public Identity,Good Characters,Unknown or None,Black Hair,Deceased Characters,1,"2006, September",2006
5888,Sheila Carr (New Earth),Public Identity,Good Characters,Unknown or None,Black Hair,Deceased Characters,1,"2004, August",2004
5889,Hannibal Hawk (New Earth),Public Identity,Good Characters,Unknown or None,Black Hair,Living Characters,1,1997,1997
5890,Ohiyesa II (New Earth),Public Identity,Good Characters,Unknown or None,Black Hair,Living Characters,1,1997,1997
5891,Diana Tyler (New Earth),Public Identity,Good Characters,Unknown or None,Black Hair,Living Characters,1,"1989, March",1989
5892,Robert Kane (New Earth),Public Identity,Good Characters,Unknown or None,Blond Hair,Deceased Characters,1,"2011, October",2011
5893,Dyn-Xe (New Earth),Public Identity,Good Characters,Unknown or None,Blond Hair,Living Characters,1,"2009, September",2009
5894,Joatt (New Earth),Public Identity,Good Characters,Unknown or None,Blond Hair,Living Characters,1,"2000, July",2000
5895,Phinea (New Earth),Public Identity,Good Characters,Unknown or None,Brown Hair,Deceased Characters,1,"2010, January",2010
5896,Antinus (New Earth),Public Identity,Good Characters,Unknown or None,Brown Hair,Deceased Characters,1,"2009, August",2009
5897,Gennes (New Earth),Public Identity,Good Characters,Unknown or None,Brown Hair,Deceased Characters,1,"2008, February",2008
5898,James Wright (New Earth),Public Identity,Good Characters,Unknown or None,Brown Hair,Deceased Characters,1,"2004, August",2004
5899,Koenraad Von Grimm (New Earth),Public Identity,Good Characters,Unknown or None,Brown Hair,Living Characters,1,"2003, October",2003
5900,Norman the Doorman (New Earth),Public Identity,Good Characters,Unknown or None,Brown Hair,Living Characters,1,"1992, September",1992
5901,Jewelius Blak (New Earth),Public Identity,Good Characters,Unknown or None,Brown Hair,Living Characters,1,"1988, March",1988
5902,Gan-M (New Earth),Public Identity,Good Characters,Unknown or None,Brown Hair,Living Characters,1,"1987, December",1987
5903,"Henry Heywood, Jr. (New Earth)",Public Identity,Good Characters,Unknown or None,Brown Hair,Deceased Characters,1,"1984, December",1984
5904,Charlotte West (New Earth),Public Identity,Good Characters,Unknown or None,Brown Hair,Living Characters,1,"1978, February",1978
5905,Michael Wheeler (New Earth),Public Identity,Good Characters,Unknown or None,Brown Hair,Deceased Characters,1,"1978, September",1978
5906,Clyde Mardon (New Earth),Public Identity,Good Characters,Unknown or None,Brown Hair,Living Characters,1,"1960, January",1960
5907,Druu (New Earth),Public Identity,Good Characters,Unknown or None,Green Hair,Living Characters,1,"1994, October",1994
5908,Glyn Droilx (New Earth),Public Identity,Good Characters,Unknown or None,Grey Hair,Living Characters,1,"2010, November",2010
5909,Audrey Lee (New Earth),Public Identity,Good Characters,Unknown or None,Grey Hair,Living Characters,1,"1999, May",1999
5910,Mary Harper (New Earth),Public Identity,Good Characters,Unknown or None,Grey Hair,Deceased Characters,1,"1994, November",1994
5911,Doctor Aikens (New Earth),Public Identity,Good Characters,Unknown or None,Grey Hair,Living Characters,1,"1987, June",1987
5912,Han-T (New Earth),Public Identity,Good Characters,Unknown or None,Grey Hair,Living Characters,1,"1987, December",1987
5913,Isabel Glenn (New Earth),Public Identity,Good Characters,Unknown or None,Red Hair,Living Characters,1,"2010, January",2010
5914,Agrippe (New Earth),Public Identity,Good Characters,Unknown or None,Red Hair,Living Characters,1,"2008, March",2008
5915,Jake Olsen (New Earth),Public Identity,Good Characters,Unknown or None,Red Hair,Living Characters,1,"1990, January",1990
5916,Tyr-N (New Earth),Public Identity,Good Characters,Unknown or None,Red Hair,Deceased Characters,1,"1989, May",1989
5917,Phyllis Baker (New Earth),Public Identity,Good Characters,Unknown or None,Strawberry Blond Hair,Living Characters,1,"1992, April",1992
5918,Horus (New Earth),Public Identity,Good Characters,Unknown or None,Unknown or None,Living Characters,1,"2007, March",2007
5919,Summer Gleeson (New Earth),Public Identity,Good Characters,Unknown or None,Unknown or None,Living Characters,1,"2002, November",2002
5920,Andrea Martinez (New Earth),Public Identity,Good Characters,Unknown or None,Unknown or None,Living Characters,1,"1997, October",1997
5921,Tarant (New Earth),Public Identity,Good Characters,Unknown or None,Unknown or None,Living Characters,1,"1996, August",1996
5922,Epernix (New Earth),Public Identity,Good Characters,Unknown or None,Unknown or None,Deceased Characters,1,"1993, August",1993
5923,Rayyana (New Earth),Public Identity,Good Characters,Unknown or None,Unknown or None,Deceased Characters,1,"1993, August",1993
5924,Tuprolix (New Earth),Public Identity,Good Characters,Unknown or None,Unknown or None,Deceased Characters,1,"1993, August",1993
5925,Dannel (New Earth),Public Identity,Good Characters,Unknown or None,Unknown or None,Deceased Characters,1,"1990, April",1990
5926,Fatima (New Earth),Public Identity,Good Characters,Unknown or None,Unknown or None,Living Characters,1,"1990, July",1990
5927,Lazer (New Earth),Public Identity,Good Characters,Unknown or None,Unknown or None,Living Characters,1,"1990, August",1990
5928,Mara II (New Earth),Public Identity,Good Characters,Unknown or None,Unknown or None,Deceased Characters,1,"1990, April",1990
5929,Beau Tyler (New Earth),Public Identity,Good Characters,Unknown or None,Unknown or None,Living Characters,1,"1989, March",1989
5930,Kradlock (New Earth),Public Identity,Good Characters,Unknown or None,Unknown or None,Living Characters,1,"1989, April",1989
5931,Jan-L (New Earth),Public Identity,Good Characters,Unknown or None,Unknown or None,Living Characters,1,"1988, February",1988
5932,Nara (New Earth),Public Identity,Good Characters,Unknown or None,Unknown or None,Living Characters,1,"1988, February",1988
5933,Susan Lawton (New Earth),Public Identity,Good Characters,Unknown or None,Unknown or None,Living Characters,1,"1988, November",1988
5934,Zan-R (New Earth),Public Identity,Good Characters,Unknown or None,Unknown or None,Living Characters,1,"1988, February",1988
5935,Branwilla (New Earth),Public Identity,Good Characters,Unknown or None,Unknown or None,Deceased Characters,1,"1987, November",1987
5936,Theodore Roosevelt (New Earth),Public Identity,Good Characters,Unknown or None,Unknown or None,Living Characters,1,"1987, October",1987
5937,Galte-Re (New Earth),Public Identity,Good Characters,Unknown or None,Unknown or None,Living Characters,1,"1983, January",1983
5938,Lyndon Johnson (New Earth),Public Identity,Good Characters,Unknown or None,Unknown or None,Living Characters,1,"1967, January",1967
5939,Kay (New Earth),Public Identity,Good Characters,Unknown or None,Unknown or None,Living Characters,1,"1946, August",1946
5940,Carnie Callahan (New Earth),Public Identity,Good Characters,Unknown or None,Unknown or None,Living Characters,1,"1944, May",1944
5941,Zevonn Parzzx (New Earth),Public Identity,Good Characters,Unknown or None,White Hair,Living Characters,1,"2008, October",2008
5942,Silas Kent (New Earth),Public Identity,Good Characters,Unknown or None,White Hair,Deceased Characters,1,"1997, August",1997
5943,Zifor (New Earth),Public Identity,Good Characters,Unknown or None,White Hair,Deceased Characters,1,"1992, December",1992
5944,James Kim (New Earth),Public Identity,Neutral Characters,Unknown or None,Black Hair,Living Characters,1,"2011, February",2011
5945,Eve Teschmacher (New Earth),Public Identity,Neutral Characters,Unknown or None,Brown Hair,Living Characters,1,"2000, January",2000
5946,Zbigniew X (New Earth),Public Identity,Neutral Characters,Unknown or None,Unknown or None,Living Characters,1,"2006, April",2006
5947,Martian Womanhunter (New Earth),Public Identity,Neutral Characters,Unknown or None,Unknown or None,Living Characters,1,"1992, September",1992
5948,Monmouth (New Earth),Public Identity,Neutral Characters,Unknown or None,Unknown or None,Living Characters,1,"1989, May",1989
5949,Adrian Zapruder (New Earth),Public Identity,Neutral Characters,Unknown or None,White Hair,Living Characters,1,"1995, March",1995
5950,Elaine Curry (New Earth),Public Identity,Unknown or None,Unknown or None,Unknown or None,Deceased Characters,1,"2006, May",2006
5951,Suli (New Earth),Public Identity,Unknown or None,Unknown or None,Unknown or None,Deceased Characters,1,"1989, September",1989
5952,Hildy Park (New Earth),Public Identity,Unknown or None,Unknown or None,Black Hair,Living Characters,1,"1978, November",1978
5953,Randall Stagg (New Earth),Public Identity,Unknown or None,Unknown or None,Blond Hair,Living Characters,1,"1972, October",1972
5954,Scott Scanlon (New Earth),Public Identity,Unknown or None,Unknown or None,Blond Hair,Living Characters,1,"1938, June",1938
5955,Eric Trautmann (New Earth),Public Identity,Unknown or None,Unknown or None,Brown Hair,Living Characters,1,"2006, October",2006
5956,Max Tuefeld (New Earth),Public Identity,Unknown or None,Unknown or None,Brown Hair,Living Characters,1,"2001, November",2001
5957,Aimee DeWitt (New Earth),Public Identity,Unknown or None,Unknown or None,Brown Hair,Living Characters,1,"1997, July",1997
5958,Elizabeth Harkness (New Earth),Public Identity,Unknown or None,Unknown or None,Brown Hair,Deceased Characters,1,"1990, August",1990
5959,Doctor Peterson (New Earth),Public Identity,Unknown or None,Unknown or None,Brown Hair,Living Characters,1,"1987, June",1987
5960,Materna Minnx (New Earth),Public Identity,Unknown or None,Unknown or None,Brown Hair,Living Characters,1,,
5961,Jerrie Rathaway (New Earth),Public Identity,Unknown or None,Unknown or None,Red Hair,Living Characters,1,"1989, November",1989
5962,Doctor Cummings (New Earth),Public Identity,Unknown or None,Unknown or None,Red Hair,Living Characters,1,"1987, June",1987
5963,Paul Proch (New Earth),Public Identity,Unknown or None,Unknown or None,White Hair,Living Characters,1,"2003, July",2003
5964,Black Spider IV (New Earth),Secret Identity,Bad Characters,Unknown or None,Black Hair,Living Characters,1,"2011, July",2011
5965,Ace of Spades VI (New Earth),Secret Identity,Bad Characters,Unknown or None,Black Hair,Living Characters,1,"2008, December",2008
5966,Bizarro Robin (New Earth),Secret Identity,Bad Characters,Unknown or None,Black Hair,Living Characters,1,"2007, December",2007
5967,Purple Pilgrim (New Earth),Secret Identity,Bad Characters,Unknown or None,Black Hair,Living Characters,1,"2005, September",2005
5968,Kittyhawk (New Earth),Secret Identity,Bad Characters,Unknown or None,Black Hair,Living Characters,1,"2000, March",2000
5969,Napalm II (New Earth),Secret Identity,Bad Characters,Unknown or None,Black Hair,Living Characters,1,"2000, March",2000
5970,AWOL (New Earth),Secret Identity,Bad Characters,Unknown or None,Black Hair,Living Characters,1,"1997, March",1997
5971,Ace of Clubs (Arcana) (New Earth),Secret Identity,Bad Characters,Unknown or None,Black Hair,Deceased Characters,1,"1996, August",1996
5972,Lighter Man (New Earth),Secret Identity,Bad Characters,Unknown or None,Black Hair,Deceased Characters,1,"1995, April",1995
5973,Blowout (New Earth),Secret Identity,Bad Characters,Unknown or None,Black Hair,Deceased Characters,1,"1994, December",1994
5974,Wildman (New Earth),Secret Identity,Bad Characters,Unknown or None,Black Hair,Living Characters,1,"1994, February",1994
5975,Misanthrope (New Earth),Secret Identity,Bad Characters,Unknown or None,Black Hair,Living Characters,1,"1988, August",1988
5976,Skid Row Slasher (New Earth),Secret Identity,Bad Characters,Unknown or None,Black Hair,Living Characters,1,"1987, September",1987
5977,Spear (New Earth),Secret Identity,Bad Characters,Unknown or None,Black Hair,Living Characters,1,"1983, August",1983
5978,Sky Raider (New Earth),Secret Identity,Bad Characters,Unknown or None,Black Hair,Living Characters,1,"1981, October",1981
5979,Supreme One (New Earth),Secret Identity,Bad Characters,Unknown or None,Black Hair,Living Characters,1,"1966, April",1966
5980,Otto Fisher (New Earth),Secret Identity,Bad Characters,Unknown or None,Black Hair,Living Characters,1,"1965, March",1965
5981,Orphan (New Earth),Secret Identity,Bad Characters,Unknown or None,Blond Hair,Living Characters,1,"2011, August",2011
5982,Yo-Yo (New Earth),Secret Identity,Bad Characters,Unknown or None,Blond Hair,Living Characters,1,"2011, July",2011
5983,Stake (New Earth),Secret Identity,Bad Characters,Unknown or None,Blond Hair,Deceased Characters,1,"2010, June",2010
5984,Blockbuster IV (New Earth),Secret Identity,Bad Characters,Unknown or None,Blond Hair,Living Characters,1,"2009, August",2009
5985,Bizarro Green Arrow (New Earth),Secret Identity,Bad Characters,Unknown or None,Blond Hair,Living Characters,1,"2007, December",2007
5986,Bizarro Toyman (New Earth),Secret Identity,Bad Characters,Unknown or None,Blond Hair,Living Characters,1,"2007, November",2007
5987,Vitaman (New Earth),Secret Identity,Bad Characters,Unknown or None,Blond Hair,Living Characters,1,"2006, May",2006
5988,Lagomorph (New Earth),Secret Identity,Bad Characters,Unknown or None,Blond Hair,Living Characters,1,"2005, October",2005
5989,Bitter Ruth (New Earth),Secret Identity,Bad Characters,Unknown or None,Blond Hair,Living Characters,1,"1999, July",1999
5990,Pom Pom Girl (New Earth),Secret Identity,Bad Characters,Unknown or None,Blond Hair,Living Characters,1,"1998, May",1998
5991,Ace of Spades (Arcana) (New Earth),Secret Identity,Bad Characters,Unknown or None,Blond Hair,Deceased Characters,1,"1995, July",1995
5992,Mainframe (New Earth),Secret Identity,Bad Characters,Unknown or None,Blond Hair,Living Characters,1,"1991, April",1991
5993,Hurricane (New Earth),Secret Identity,Bad Characters,Unknown or None,Blond Hair,Living Characters,1,"1988, July",1988
5994,N-Emy (New Earth),Secret Identity,Bad Characters,Unknown or None,Blue Hair,Deceased Characters,1,"2009, August",2009
5995,Morris Major (New Earth),Secret Identity,Bad Characters,Unknown or None,Brown Hair,Living Characters,1,"2011, January",2011
5996,Big Don Drummond (New Earth),Secret Identity,Bad Characters,Unknown or None,Brown Hair,Living Characters,1,"2009, August",2009
5997,Vial (New Earth),Secret Identity,Bad Characters,Unknown or None,Brown Hair,Deceased Characters,1,"2009, October",2009
5998,White Star (New Earth),Secret Identity,Bad Characters,Unknown or None,Brown Hair,Living Characters,1,"2008, January",2008
5999,Strongarm (New Earth),Secret Identity,Bad Characters,Unknown or None,Brown Hair,Living Characters,1,"2007, January",2007
6000,Samuel Benjamin (New Earth),Secret Identity,Bad Characters,Unknown or None,Brown Hair,Living Characters,1,"2005, August",2005
6001,Mourn II (New Earth),Secret Identity,Bad Characters,Unknown or None,Brown Hair,Living Characters,1,"2003, February",2003
6002,Bookworm III (New Earth),Secret Identity,Bad Characters,Unknown or None,Brown Hair,Living Characters,1,"1998, May",1998
6003,Crackle (New Earth),Secret Identity,Bad Characters,Unknown or None,Brown Hair,Living Characters,1,"1998, May",1998
6004,Ace of Diamonds (Arcana) (New Earth),Secret Identity,Bad Characters,Unknown or None,Brown Hair,Deceased Characters,1,"1996, August",1996
6005,Chillblaine II (New Earth),Secret Identity,Bad Characters,Unknown or None,Brown Hair,Living Characters,1,"1994, March",1994
6006,Daniel Paoulo (New Earth),Secret Identity,Bad Characters,Unknown or None,Brown Hair,Deceased Characters,1,"1994, May",1994
6007,Codpiece (New Earth),Secret Identity,Bad Characters,Unknown or None,Brown Hair,Living Characters,1,"1993, September",1993
6008,Chillblaine I (New Earth),Secret Identity,Bad Characters,Unknown or None,Brown Hair,Deceased Characters,1,1992,1992
6009,Hydra (New Earth),Secret Identity,Bad Characters,Unknown or None,Brown Hair,Living Characters,1,"1988, July",1988
6010,Red-Eye (New Earth),Secret Identity,Bad Characters,Unknown or None,Brown Hair,Living Characters,1,"1985, December",1985
6011,K-9 (New Earth),Secret Identity,Bad Characters,Unknown or None,Brown Hair,Living Characters,1,"1981, September",1981
6012,Toymaster (Earth-One),Secret Identity,Bad Characters,Unknown or None,Brown Hair,Living Characters,1,"1967, September",1967
6013,Ace of Hearts (Arcana) (New Earth),Secret Identity,Bad Characters,Unknown or None,Grey Hair,Deceased Characters,1,"1996, August",1996
6014,Nicholas Pierce (New Earth),Secret Identity,Bad Characters,Unknown or None,Red Hair,Living Characters,1,"2011, October",2011
6015,Sparkplug (New Earth),Secret Identity,Bad Characters,Unknown or None,Red Hair,Living Characters,1,"2006, November",2006
6016,Dartagnan (New Earth),Secret Identity,Bad Characters,Unknown or None,Red Hair,Living Characters,1,"1999, July",1999
6017,Doctor Omega (New Earth),Secret Identity,Bad Characters,Unknown or None,Red Hair,Living Characters,1,"1999, July",1999
6018,Andrew McFee (New Earth),Secret Identity,Bad Characters,Unknown or None,Red Hair,Deceased Characters,1,"1997, October",1997
6019,Ironbolt (New Earth),Secret Identity,Bad Characters,Unknown or None,Red Hair,Deceased Characters,1,"1996, April",1996
6020,Typhoon (O.G.R.E.) (New Earth),Secret Identity,Bad Characters,Unknown or None,Red Hair,Living Characters,1,"1966, April",1966
6021,Springheeled Jack (Prime Earth),Secret Identity,Bad Characters,Unknown or None,Unknown or None,Living Characters,1,"2013, October",2013
6022,Napalm (Prime Earth),Secret Identity,Bad Characters,Unknown or None,Unknown or None,Deceased Characters,1,"2012, June",2012
6023,Backslash (New Earth),Secret Identity,Bad Characters,Unknown or None,Unknown or None,Living Characters,1,"2011, June",2011
6024,Bayfrentos (New Earth),Secret Identity,Bad Characters,Unknown or None,Unknown or None,Living Characters,1,"2011, May",2011
6025,Hooded Hoodie (New Earth),Secret Identity,Bad Characters,Unknown or None,Unknown or None,Living Characters,1,"2011, May",2011
6026,Jabberwock (New Earth),Secret Identity,Bad Characters,Unknown or None,Unknown or None,Living Characters,1,"2011, September",2011
6027,Mad Hat Harry (New Earth),Secret Identity,Bad Characters,Unknown or None,Unknown or None,Living Characters,1,"2011, March",2011
6028,Cornwall Boy (New Earth),Secret Identity,Bad Characters,Unknown or None,Unknown or None,Living Characters,1,"2010, December",2010
6029,Diesel (New Earth),Secret Identity,Bad Characters,Unknown or None,Unknown or None,Living Characters,1,"2010, February",2010
6030,Hide (New Earth),Secret Identity,Bad Characters,Unknown or None,Unknown or None,Deceased Characters,1,"2010, June",2010
6031,Luftwaffe (New Earth),Secret Identity,Bad Characters,Unknown or None,Unknown or None,Living Characters,1,"2010, November",2010
6032,Steven Frank (New Earth),Secret Identity,Bad Characters,Unknown or None,Unknown or None,Living Characters,1,"2010, July",2010
6033,Stone Cold Luke (New Earth),Secret Identity,Bad Characters,Unknown or None,Unknown or None,Living Characters,1,"2010, December",2010
6034,Two-Ton Ted (New Earth),Secret Identity,Bad Characters,Unknown or None,Unknown or None,Living Characters,1,"2010, December",2010
6035,Boneblaster (New Earth),Secret Identity,Bad Characters,Unknown or None,Unknown or None,Living Characters,1,"2009, August",2009
6036,Regulator II (New Earth),Secret Identity,Bad Characters,Unknown or None,Unknown or None,Living Characters,1,"2009, July",2009
6037,Gas Chamber (New Earth),Secret Identity,Bad Characters,Unknown or None,Unknown or None,Living Characters,1,"2007, December",2007
6038,Impulse (New Earth),Secret Identity,Bad Characters,Unknown or None,Unknown or None,Living Characters,1,"2007, April",2007
6039,Master Task (New Earth),Secret Identity,Bad Characters,Unknown or None,Unknown or None,Living Characters,1,"2007, December",2007
6040,Rebel II (New Earth),Secret Identity,Bad Characters,Unknown or None,Unknown or None,Living Characters,1,"2007, February",2007
6041,Seducer (New Earth),Secret Identity,Bad Characters,Unknown or None,Unknown or None,Living Characters,1,"2007, December",2007
6042,Thunderer II (New Earth),Secret Identity,Bad Characters,Unknown or None,Unknown or None,Deceased Characters,1,"2007, December",2007
6043,Wicker Man (New Earth),Secret Identity,Bad Characters,Unknown or None,Unknown or None,Living Characters,1,"2006, February",2006
6044,Boy Blue (New Earth),Secret Identity,Bad Characters,Unknown or None,Unknown or None,Deceased Characters,1,"2005, April",2005
6045,Flex III (New Earth),Secret Identity,Bad Characters,Unknown or None,Unknown or None,Living Characters,1,"2005, November",2005
6046,Little B.U.D.D.Y. (New Earth),Secret Identity,Bad Characters,Unknown or None,Unknown or None,Living Characters,1,"2005, November",2005
6047,Thought Terror (New Earth),Secret Identity,Bad Characters,Unknown or None,Unknown or None,Living Characters,1,"2005, June",2005
6048,Steel Fang (New Earth),Secret Identity,Bad Characters,Unknown or None,Unknown or None,Living Characters,1,"2004, January",2004
6049,Bloque (New Earth),Secret Identity,Bad Characters,Unknown or None,Unknown or None,Living Characters,1,"2002, May",2002
6050,Larvanaut (New Earth),Secret Identity,Bad Characters,Unknown or None,Unknown or None,Deceased Characters,1,"2002, January",2002
6051,Putty (New Earth),Secret Identity,Bad Characters,Unknown or None,Unknown or None,Deceased Characters,1,"2002, January",2002
6052,Warjack (New Earth),Secret Identity,Bad Characters,Unknown or None,Unknown or None,Living Characters,1,"2001, December",2001
6053,Girth (New Earth),Secret Identity,Bad Characters,Unknown or None,Unknown or None,Living Characters,1,"2000, March",2000
6054,Gualicho (New Earth),Secret Identity,Bad Characters,Unknown or None,Unknown or None,Living Characters,1,"2000, September",2000
6055,Skeleton (New Earth),Secret Identity,Bad Characters,Unknown or None,Unknown or None,Living Characters,1,"2000, April",2000
6056,Tengu II (New Earth),Secret Identity,Bad Characters,Unknown or None,Unknown or None,Living Characters,1,"2000, August",2000
6057,Crazytop (New Earth),Secret Identity,Bad Characters,Unknown or None,Unknown or None,Living Characters,1,"1999, January",1999
6058,Cybersaw (New Earth),Secret Identity,Bad Characters,Unknown or None,Unknown or None,Living Characters,1,"1999, July",1999
6059,Deadfall II (New Earth),Secret Identity,Bad Characters,Unknown or None,Unknown or None,Living Characters,1,"1999, July",1999
6060,Hearse (New Earth),Secret Identity,Bad Characters,Unknown or None,Unknown or None,Living Characters,1,"1999, July",1999
6061,Adder (New Earth),Secret Identity,Bad Characters,Unknown or None,Unknown or None,Deceased Characters,1,"1998, July",1998
6062,Radiant II (New Earth),Secret Identity,Bad Characters,Unknown or None,Unknown or None,Living Characters,1,"1998, May",1998
6063,Thaddeus Hoskins (New Earth),Secret Identity,Bad Characters,Unknown or None,Unknown or None,Living Characters,1,"1998, December",1998
6064,Bloodtype (New Earth),Secret Identity,Bad Characters,Unknown or None,Unknown or None,Deceased Characters,1,"1996, August",1996
6065,Mink (New Earth),Secret Identity,Bad Characters,Unknown or None,Unknown or None,Deceased Characters,1,"1996, April",1996
6066,Panzer (New Earth),Secret Identity,Bad Characters,Unknown or None,Unknown or None,Deceased Characters,1,"1996, April",1996
6067,Wardog (New Earth),Secret Identity,Bad Characters,Unknown or None,Unknown or None,Living Characters,1,"1996, January",1996
6068,Adrian Wentworth (New Earth),Secret Identity,Bad Characters,Unknown or None,Unknown or None,Living Characters,1,"1995, December",1995
6069,Doctor Spectron (New Earth),Secret Identity,Bad Characters,Unknown or None,Unknown or None,Living Characters,1,"1995, November",1995
6070,Killrok (New Earth),Secret Identity,Bad Characters,Unknown or None,Unknown or None,Living Characters,1,"1995, June",1995
6071,Hotspot (New Earth),Secret Identity,Bad Characters,Unknown or None,Unknown or None,Living Characters,1,"1994, September",1994
6072,Ohm (New Earth),Secret Identity,Bad Characters,Unknown or None,Unknown or None,Living Characters,1,"1994, May",1994
6073,Quake (New Earth),Secret Identity,Bad Characters,Unknown or None,Unknown or None,Living Characters,1,"1994, September",1994
6074,Hardknox (New Earth),Secret Identity,Bad Characters,Unknown or None,Unknown or None,Living Characters,1,"1993, December",1993
6075,Nicodemus (New Earth),Secret Identity,Bad Characters,Unknown or None,Unknown or None,Deceased Characters,1,"1992, July",1992
6076,Electrocutioner II (New Earth),Secret Identity,Bad Characters,Unknown or None,Unknown or None,Living Characters,1,"1991, February",1991
6077,Shadowy Mister Evans (New Earth),Secret Identity,Bad Characters,Unknown or None,Unknown or None,Living Characters,1,"1991, September",1991
6078,Veil (New Earth),Secret Identity,Bad Characters,Unknown or None,Unknown or None,Living Characters,1,"1989, January",1989
6079,Fist of Allah (New Earth),Secret Identity,Bad Characters,Unknown or None,Unknown or None,Living Characters,1,"1988, March",1988
6080,Jackal I (New Earth),Secret Identity,Bad Characters,Unknown or None,Unknown or None,Living Characters,1,"1988, March",1988
6081,Killerwatt (New Earth),Secret Identity,Bad Characters,Unknown or None,Unknown or None,Deceased Characters,1,"1988, February",1988
6082,Pyro (New Earth),Secret Identity,Bad Characters,Unknown or None,Unknown or None,Living Characters,1,"1988, July",1988
6083,Razorback (New Earth),Secret Identity,Bad Characters,Unknown or None,Unknown or None,Deceased Characters,1,"1988, February",1988
6084,Slash (New Earth),Secret Identity,Bad Characters,Unknown or None,Unknown or None,Living Characters,1,1988,1988
6085,Warhead (New Earth),Secret Identity,Bad Characters,Unknown or None,Unknown or None,Deceased Characters,1,"1988, February",1988
6086,Gary Johnson (New Earth),Secret Identity,Bad Characters,Unknown or None,Unknown or None,Living Characters,1,"1983, August",1983
6087,Scorcher I (New Earth),Secret Identity,Bad Characters,Unknown or None,Unknown or None,Living Characters,1,"1983, August",1983
6088,Tanker (New Earth),Secret Identity,Bad Characters,Unknown or None,Unknown or None,Living Characters,1,"1983, August",1983
6089,Marionette (New Earth),Secret Identity,Bad Characters,Unknown or None,Unknown or None,Deceased Characters,1,"1982, January",1982
6090,Bounty Hunter (New Earth),Secret Identity,Bad Characters,Unknown or None,Unknown or None,Deceased Characters,1,"1981, August",1981
6091,Hans Metis (New Earth),Secret Identity,Bad Characters,Unknown or None,Unknown or None,Living Characters,1,"1981, June",1981
6092,Ice King (New Earth),Secret Identity,Bad Characters,Unknown or None,Unknown or None,Living Characters,1,"1981, September",1981
6093,Wildebeest I (New Earth),Secret Identity,Bad Characters,Unknown or None,Unknown or None,Living Characters,1,"1981, July",1981
6094,Cricket (New Earth),Secret Identity,Bad Characters,Unknown or None,White Hair,Living Characters,1,"2011, September",2011
6095,Shadower II (New Earth),Secret Identity,Bad Characters,Unknown or None,White Hair,Living Characters,1,"2002, November",2002
6096,Muse (New Earth),Secret Identity,Bad Characters,Unknown or None,White Hair,Living Characters,1,1988,1988
6097,Brand (New Earth),Secret Identity,Bad Characters,Unknown or None,White Hair,Deceased Characters,1,"1983, November",1983
6098,Windrider (New Earth),Secret Identity,Bad Characters,Unknown or None,White Hair,Living Characters,1,"1983, February",1983
6099,Auctioneer II (New Earth),Secret Identity,Bad Characters,Unknown or None,White Hair,Living Characters,1,,
6100,Mister Unknown (New Earth),Secret Identity,Good Characters,Unknown or None,Black Hair,Deceased Characters,1,"2011, January",2011
6101,King Billy (New Earth),Secret Identity,Good Characters,Unknown or None,Black Hair,Living Characters,1,"2009, August",2009
6102,E.S. Pete (New Earth),Secret Identity,Good Characters,Unknown or None,Black Hair,Living Characters,1,"2006, October",2006
6103,Honest Abe (New Earth),Secret Identity,Good Characters,Unknown or None,Black Hair,Living Characters,1,"2006, September",2006
6104,Muhammad X (New Earth),Secret Identity,Good Characters,Unknown or None,Black Hair,Living Characters,1,"2002, April",2002
6105,Mister Action (New Earth),Secret Identity,Good Characters,Unknown or None,Black Hair,Deceased Characters,1,"1998, July",1998
6106,Song Bird (New Earth),Secret Identity,Good Characters,Unknown or None,Black Hair,Deceased Characters,1,"1998, July",1998
6107,Myst (New Earth),Secret Identity,Good Characters,Unknown or None,Black Hair,Living Characters,1,"1996, August",1996
6108,Indigo (New Earth),Secret Identity,Good Characters,Unknown or None,Black Hair,Living Characters,1,"1995, July",1995
6109,Michael Wasco (New Earth),Secret Identity,Good Characters,Unknown or None,Black Hair,Deceased Characters,1,1993,1993
6110,Arsala (New Earth),Secret Identity,Good Characters,Unknown or None,Black Hair,Living Characters,1,"1990, October",1990
6111,Chlorino (New Earth),Secret Identity,Good Characters,Unknown or None,Black Hair,Living Characters,1,"1989, July",1989
6112,Sunburst IV (New Earth),Secret Identity,Good Characters,Unknown or None,Black Hair,Living Characters,1,"1989, September",1989
6113,Margaux de Mortain (New Earth),Secret Identity,Good Characters,Unknown or None,Blond Hair,Deceased Characters,1,"2008, February",2008
6114,Retro (New Earth),Secret Identity,Good Characters,Unknown or None,Blond Hair,Deceased Characters,1,"1998, February",1998
6115,Jake Tyler (New Earth),Secret Identity,Good Characters,Unknown or None,Blond Hair,Living Characters,1,"1988, August",1988
6116,Ernie II (New Earth),Secret Identity,Good Characters,Unknown or None,Brown Hair,Living Characters,1,"2011, January",2011
6117,Paul F. Burrows (New Earth),Secret Identity,Good Characters,Unknown or None,Brown Hair,Deceased Characters,1,"2010, March",2010
6118,Card Queen (New Earth),Secret Identity,Good Characters,Unknown or None,Brown Hair,Living Characters,1,"1989, July",1989
6119,Coalface (New Earth),Secret Identity,Good Characters,Unknown or None,Red Hair,Living Characters,1,"2010, December",2010
6120,Thumbelina (New Earth),Secret Identity,Good Characters,Unknown or None,Red Hair,Living Characters,1,"2006, April",2006
6121,Scratch (New Earth),Secret Identity,Good Characters,Unknown or None,Red Hair,Living Characters,1,"2004, August",2004
6122,Buckeye (New Earth),Secret Identity,Good Characters,Unknown or None,Red Hair,Deceased Characters,1,"2002, May",2002
6123,Sonarr (New Earth),Secret Identity,Good Characters,Unknown or None,Red Hair,Living Characters,1,"1992, September",1992
6124,Ms. Terrific (New Earth),Secret Identity,Good Characters,Unknown or None,Red Hair,Living Characters,1,"1989, July",1989
6125,Doc Scary (New Earth),Secret Identity,Good Characters,Unknown or None,Red Hair,Living Characters,1,"1976, January",1976
6126,Big Mummy (New Earth),Secret Identity,Good Characters,Unknown or None,Unknown or None,Living Characters,1,"2011, February",2011
6127,Cockroach (New Earth),Secret Identity,Good Characters,Unknown or None,Unknown or None,Deceased Characters,1,"2011, August",2011
6128,Farooq (New Earth),Secret Identity,Good Characters,Unknown or None,Unknown or None,Living Characters,1,"2011, July",2011
6129,Shedd (New Earth),Secret Identity,Good Characters,Unknown or None,Unknown or None,Living Characters,1,"2011, June",2011
6130,Rex Stewart (New Earth),Secret Identity,Good Characters,Unknown or None,Unknown or None,Living Characters,1,"2010, August",2010
6131,Elisabeth Saint-Marie (New Earth),Secret Identity,Good Characters,Unknown or None,Unknown or None,Deceased Characters,1,"2008, February",2008
6132,Dynamole (New Earth),Secret Identity,Good Characters,Unknown or None,Unknown or None,Living Characters,1,"2006, October",2006
6133,Fireface (New Earth),Secret Identity,Good Characters,Unknown or None,Unknown or None,Living Characters,1,"2006, October",2006
6134,Gladiator Giant (New Earth),Secret Identity,Good Characters,Unknown or None,Unknown or None,Living Characters,1,"2006, October",2006
6135,Immortal Bald-Man-in-Armor (New Earth),Secret Identity,Good Characters,Unknown or None,Unknown or None,Living Characters,1,"2006, October",2006
6136,Jack of All Trades (New Earth),Secret Identity,Good Characters,Unknown or None,Unknown or None,Living Characters,1,"2006, October",2006
6137,King of the Cats II (New Earth),Secret Identity,Good Characters,Unknown or None,Unknown or None,Living Characters,1,"2006, April",2006
6138,Poledancer (New Earth),Secret Identity,Good Characters,Unknown or None,Unknown or None,Living Characters,1,"2006, October",2006
6139,Tornado Ninja (New Earth),Secret Identity,Good Characters,Unknown or None,Unknown or None,Living Characters,1,"2006, October",2006
6140,Joe Hollywood (New Earth),Secret Identity,Good Characters,Unknown or None,Unknown or None,Living Characters,1,"2002, February",2002
6141,Colonel Glory (New Earth),Secret Identity,Good Characters,Unknown or None,Unknown or None,Deceased Characters,1,"2000, April",2000
6142,Doll Man II (New Earth),Secret Identity,Good Characters,Unknown or None,Unknown or None,Living Characters,1,"2000, October",2000
6143,Pampero (New Earth),Secret Identity,Good Characters,Unknown or None,Unknown or None,Living Characters,1,"2000, September",2000
6144,Manx (New Earth),Secret Identity,Good Characters,Unknown or None,Unknown or None,Deceased Characters,1,"1998, July",1998
6145,Hector Ramirez (New Earth),Secret Identity,Good Characters,Unknown or None,Unknown or None,Deceased Characters,1,"1997, April",1997
6146,Stinkbug (New Earth),Secret Identity,Good Characters,Unknown or None,Unknown or None,Living Characters,1,"1992, September",1992
6147,Herald II (New Earth),Secret Identity,Good Characters,Unknown or None,Unknown or None,Living Characters,1,"1989, July",1989
6148,Heimdall (New Earth),Secret Identity,Good Characters,Unknown or None,Unknown or None,Living Characters,1,"1967, October",1967
6149,Dean Farr (New Earth),Secret Identity,Good Characters,Unknown or None,Unknown or None,Living Characters,1,"1965, August",1965
6150,Virago (New Earth),Secret Identity,Good Characters,Unknown or None,White Hair,Deceased Characters,1,"2002, March",2002
6151,Bizarro Power Girl (New Earth),Secret Identity,Neutral Characters,Unknown or None,Blond Hair,Living Characters,1,"2011, April",2011
6152,Bizarro Booster Gold (New Earth),Secret Identity,Neutral Characters,Unknown or None,Blond Hair,Living Characters,1,"2010, December",2010
6153,Nobody (New Earth),Secret Identity,Neutral Characters,Unknown or None,Blond Hair,Living Characters,1,"2005, October",2005
6154,Bizarro Fire (New Earth),Secret Identity,Neutral Characters,Unknown or None,Blue Hair,Living Characters,1,"2010, December",2010
6155,Anna Resik (New Earth),Secret Identity,Neutral Characters,Unknown or None,Brown Hair,Living Characters,1,"1986, August",1986
6156,Bizarro Firestorm (New Earth),Secret Identity,Neutral Characters,Unknown or None,Unknown or None,Living Characters,1,"2010, December",2010
6157,Bizarro Hawkman (New Earth),Secret Identity,Neutral Characters,Unknown or None,Unknown or None,Living Characters,1,"2010, December",2010
6158,Bullfinch (New Earth),Secret Identity,Unknown or None,Unknown or None,Unknown or None,Living Characters,1,"2011, May",2011
6159,Doctor Retina (New Earth),Secret Identity,Unknown or None,Unknown or None,Unknown or None,Living Characters,1,"2011, May",2011
6160,Fork (New Earth),Secret Identity,Unknown or None,Unknown or None,Unknown or None,Living Characters,1,"2011, May",2011
6161,Hilt (New Earth),Secret Identity,Unknown or None,Unknown or None,Unknown or None,Living Characters,1,"2011, May",2011
6162,Leatherchap (New Earth),Secret Identity,Unknown or None,Unknown or None,Unknown or None,Living Characters,1,"2011, May",2011
6163,Spangle (New Earth),Secret Identity,Unknown or None,Unknown or None,Unknown or None,Living Characters,1,"2011, May",2011
6164,SVRMiger (New Earth),Secret Identity,Unknown or None,Unknown or None,Unknown or None,Living Characters,1,"2011, August",2011
6165,Black Commando (New Earth),Secret Identity,Unknown or None,Unknown or None,Unknown or None,Living Characters,1,"2010, December",2010
6166,British Bulldog (New Earth),Secret Identity,Unknown or None,Unknown or None,Unknown or None,Living Characters,1,"2010, December",2010
6167,Captain Jaques (New Earth),Secret Identity,Unknown or None,Unknown or None,Unknown or None,Living Characters,1,"2010, December",2010
6168,Cavalry-Man (New Earth),Secret Identity,Unknown or None,Unknown or None,Unknown or None,Living Characters,1,"2010, December",2010
6169,Choreographer (New Earth),Secret Identity,Unknown or None,Unknown or None,Unknown or None,Living Characters,1,"2010, December",2010
6170,Drama King (New Earth),Secret Identity,Unknown or None,Unknown or None,Unknown or None,Living Characters,1,"2010, December",2010
6171,Ill-Informed White Guy (New Earth),Secret Identity,Unknown or None,Unknown or None,Unknown or None,Living Characters,1,"2010, December",2010
6172,Lady Voodoo (New Earth),Secret Identity,Unknown or None,Unknown or None,Unknown or None,Living Characters,1,"2010, December",2010
6173,Mighty Morris (New Earth),Secret Identity,Unknown or None,Unknown or None,Unknown or None,Living Characters,1,"2010, December",2010
6174,Ming Dynasty (New Earth),Secret Identity,Unknown or None,Unknown or None,Unknown or None,Living Characters,1,"2010, December",2010
6175,Mister Granite (New Earth),Secret Identity,Unknown or None,Unknown or None,Unknown or None,Living Characters,1,"2010, December",2010
6176,Orange Medal (New Earth),Secret Identity,Unknown or None,Unknown or None,Unknown or None,Living Characters,1,"2010, December",2010
6177,Oxymoron (New Earth),Secret Identity,Unknown or None,Unknown or None,Unknown or None,Living Characters,1,"2010, December",2010
6178,Pharaoh I (New Earth),Secret Identity,Unknown or None,Unknown or None,Unknown or None,Living Characters,1,"2010, December",2010
6179,Pharaoh II (New Earth),Secret Identity,Unknown or None,Unknown or None,Unknown or None,Living Characters,1,"2010, December",2010
6180,Rush Hour III (New Earth),Secret Identity,Unknown or None,Unknown or None,Unknown or None,Living Characters,1,"2010, December",2010
6181,Settler II (New Earth),Secret Identity,Unknown or None,Unknown or None,Unknown or None,Living Characters,1,"2010, December",2010
6182,Settler III (New Earth),Secret Identity,Unknown or None,Unknown or None,Unknown or None,Living Characters,1,"2010, December",2010
6183,Settler IV (New Earth),Secret Identity,Unknown or None,Unknown or None,Unknown or None,Living Characters,1,"2010, December",2010
6184,Settler V (New Earth),Secret Identity,Unknown or None,Unknown or None,Unknown or None,Living Characters,1,"2010, December",2010
6185,Sterling Silver (New Earth),Secret Identity,Unknown or None,Unknown or None,Unknown or None,Living Characters,1,"2010, December",2010
6186,Super Annuator (New Earth),Secret Identity,Unknown or None,Unknown or None,Unknown or None,Living Characters,1,"2010, December",2010
6187,Tin Bib (New Earth),Secret Identity,Unknown or None,Unknown or None,Unknown or None,Living Characters,1,"2010, December",2010
6188,Toxic Tucker (New Earth),Secret Identity,Unknown or None,Unknown or None,Unknown or None,Living Characters,1,"2010, December",2010
6189,Yellow Peril (New Earth),Secret Identity,Unknown or None,Unknown or None,Unknown or None,Living Characters,1,"2010, December",2010
6190,Momma Cuss (New Earth),Secret Identity,Unknown or None,Unknown or None,Black Hair,Living Characters,1,"2010, December",2010
6191,Laura Klein (New Earth),Secret Identity,Unknown or None,Unknown or None,Black Hair,Living Characters,1,"2000, October",2000
6192,Only Child (New Earth),Secret Identity,Unknown or None,Unknown or None,Blond Hair,Living Characters,1,"2010, December",2010
6193,Fabulous Boater Man (New Earth),Secret Identity,Unknown or None,Unknown or None,Brown Hair,Living Characters,1,"2010, December",2010
6194,Near Miss (New Earth),Secret Identity,Unknown or None,Unknown or None,Brown Hair,Living Characters,1,"2010, December",2010
6195,Layla Adams (New Earth),Secret Identity,Unknown or None,Unknown or None,Brown Hair,Living Characters,1,"2008, June",2008
6196,Lady Nightingale (New Earth),Secret Identity,Unknown or None,Unknown or None,Grey Hair,Living Characters,1,"2010, December",2010
6197,Senior Citizen (New Earth),Secret Identity,Unknown or None,Unknown or None,Grey Hair,Living Characters,1,"2010, December",2010
6198,Major Hubert (New Earth),Secret Identity,Unknown or None,Unknown or None,White Hair,Living Characters,1,"2010, December",2010
6199,Rush Hour I (New Earth),Secret Identity,Unknown or None,Unknown or None,White Hair,Living Characters,1,"2010, December",2010
6200,Ten of Hearts II (New Earth),Unknown,Bad Characters,Unknown or None,Black Hair,Living Characters,1,"2010, October",2010
6201,Sterling Fry (New Earth),Unknown,Bad Characters,Unknown or None,Black Hair,Living Characters,1,"2008, March",2008
6202,David Sutabi (New Earth),Unknown,Bad Characters,Unknown or None,Black Hair,Living Characters,1,"2005, March",2005
6203,Eliza (New Earth),Unknown,Bad Characters,Unknown or None,Black Hair,Deceased Characters,1,"2002, January",2002
6204,Carver Malone (New Earth),Unknown,Bad Characters,Unknown or None,Black Hair,Deceased Characters,1,"2001, May",2001
6205,Bad Grrl (New Earth),Unknown,Bad Characters,Unknown or None,Black Hair,Living Characters,1,"1999, July",1999
6206,Dome (New Earth),Unknown,Bad Characters,Unknown or None,Black Hair,Living Characters,1,"1999, October",1999
6207,Bloodhound (New Earth),Unknown,Bad Characters,Unknown or None,Black Hair,Living Characters,1,"1997, March",1997
6208,Herbert Johnson (New Earth),Unknown,Bad Characters,Unknown or None,Black Hair,Living Characters,1,"1995, August",1995
6209,Freelance (New Earth),Unknown,Bad Characters,Unknown or None,Black Hair,Living Characters,1,"1994, December",1994
6210,Timothy Miller (New Earth),Unknown,Bad Characters,Unknown or None,Black Hair,Living Characters,1,"1993, June",1993
6211,Archibald Tipple (New Earth),Unknown,Bad Characters,Unknown or None,Black Hair,Living Characters,1,"1992, April",1992
6212,Caesar Lopez (New Earth),Unknown,Bad Characters,Unknown or None,Black Hair,Living Characters,1,"1991, December",1991
6213,Ricochet I (New Earth),Unknown,Bad Characters,Unknown or None,Black Hair,Living Characters,1,1991,1991
6214,Virtual (New Earth),Unknown,Bad Characters,Unknown or None,Black Hair,Living Characters,1,"1991, April",1991
6215,Blathoxi (New Earth),Unknown,Bad Characters,Unknown or None,Black Hair,Living Characters,1,"1988, March",1988
6216,Lucas McGill (New Earth),Unknown,Bad Characters,Unknown or None,Black Hair,Deceased Characters,1,"1987, December",1987
6217,Overseer (New Earth),Unknown,Bad Characters,Unknown or None,Black Hair,Living Characters,1,"1983, October",1983
6218,Prof (New Earth),Unknown,Bad Characters,Unknown or None,Black Hair,Living Characters,1,"1983, July",1983
6219,Senses-Taker (New Earth),Unknown,Bad Characters,Unknown or None,Black Hair,Living Characters,1,"1982, April",1982
6220,Emil Veldt (New Earth),Unknown,Bad Characters,Unknown or None,Black Hair,Deceased Characters,1,"1981, April",1981
6221,Gary Ames (New Earth),Unknown,Bad Characters,Unknown or None,Black Hair,Living Characters,1,"1981, July",1981
6222,Berelda (New Earth),Unknown,Bad Characters,Unknown or None,Black Hair,Living Characters,1,"1978, February",1978
6223,Lewis Farnham (New Earth),Unknown,Bad Characters,Unknown or None,Black Hair,Deceased Characters,1,"1978, September",1978
6224,Weisbogg (New Earth),Unknown,Bad Characters,Unknown or None,Black Hair,Living Characters,1,"1974, December",1974
6225,Armory (New Earth),Unknown,Bad Characters,Unknown or None,Blond Hair,Living Characters,1,"2011, April",2011
6226,Ericht (New Earth),Unknown,Bad Characters,Unknown or None,Blond Hair,Living Characters,1,"2001, February",2001
6227,Tattoo II (New Earth),Unknown,Bad Characters,Unknown or None,Blond Hair,Living Characters,1,"1997, March",1997
6228,Piton I (New Earth),Unknown,Bad Characters,Unknown or None,Blond Hair,Living Characters,1,"1995, February",1995
6229,Salvo (New Earth),Unknown,Bad Characters,Unknown or None,Blond Hair,Living Characters,1,"1994, April",1994
6230,Will Jones (New Earth),Unknown,Bad Characters,Unknown or None,Blond Hair,Deceased Characters,1,"1989, October",1989
6231,Allen Barr (New Earth),Unknown,Bad Characters,Unknown or None,Blond Hair,Living Characters,1,"1983, February",1983
6232,Familiar (New Earth),Unknown,Bad Characters,Unknown or None,Blond Hair,Living Characters,1,"1981, September",1981
6233,William Kessler (New Earth),Unknown,Bad Characters,Unknown or None,Blond Hair,Deceased Characters,1,"1981, October",1981
6234,Sir Real (New Earth),Unknown,Bad Characters,Unknown or None,Blue Hair,Living Characters,1,"1999, December",1999
6235,Sparx (New Earth),Unknown,Bad Characters,Unknown or None,Blue Hair,Living Characters,1,1984,1984
6236,Firecracker I (New Earth),Unknown,Bad Characters,Unknown or None,Blue Hair,Living Characters,1,"1983, January",1983
6237,King of Diamonds IV (New Earth),Unknown,Bad Characters,Unknown or None,Brown Hair,Living Characters,1,"2010, October",2010
6238,Three of Diamonds I (New Earth),Unknown,Bad Characters,Unknown or None,Brown Hair,Living Characters,1,"2003, October",2003
6239,Constance Hollis (New Earth),Unknown,Bad Characters,Unknown or None,Brown Hair,Deceased Characters,1,"1999, January",1999
6240,Curtis Falconer (New Earth),Unknown,Bad Characters,Unknown or None,Brown Hair,Deceased Characters,1,"1996, August",1996
6241,Mountain Man (New Earth),Unknown,Bad Characters,Unknown or None,Brown Hair,Living Characters,1,"1995, February",1995
6242,Kkrudd (New Earth),Unknown,Bad Characters,Unknown or None,Brown Hair,Deceased Characters,1,"1994, March",1994
6243,Janissary (New Earth),Unknown,Bad Characters,Unknown or None,Brown Hair,Living Characters,1,"1993, May",1993
6244,Barbara Kowaleski (New Earth),Unknown,Bad Characters,Unknown or None,Brown Hair,Living Characters,1,"1987, February",1987
6245,Bazooka (New Earth),Unknown,Bad Characters,Unknown or None,Brown Hair,Living Characters,1,"1983, August",1983
6246,Sammy Jaye (New Earth),Unknown,Bad Characters,Unknown or None,Brown Hair,Deceased Characters,1,"1983, July",1983
6247,Yuri Rashnikov (New Earth),Unknown,Bad Characters,Unknown or None,Brown Hair,Living Characters,1,"1983, May",1983
6248,Martha Winters (Earth-One),Unknown,Bad Characters,Unknown or None,Brown Hair,Living Characters,1,"1981, May",1981
6249,Big Jim (New Earth),Unknown,Bad Characters,Unknown or None,Brown Hair,Deceased Characters,1,"1972, March",1972
6250,Jacob Baker (Earth-One),Unknown,Bad Characters,Unknown or None,Brown Hair,Living Characters,1,"1960, January",1960
6251,Paul Strobe (Earth-One),Unknown,Bad Characters,Unknown or None,Brown Hair,Living Characters,1,"1960, June",1960
6252,Red Dart (New Earth),Unknown,Bad Characters,Unknown or None,Red Hair,Living Characters,1,"1999, October",1999
6253,Richard Dunston (New Earth),Unknown,Bad Characters,Unknown or None,Red Hair,Deceased Characters,1,"1996, August",1996
6254,Constantine Stratos (New Earth),Unknown,Bad Characters,Unknown or None,Red Hair,Living Characters,1,"1987, August",1987
6255,Rose Beryl (New Earth),Unknown,Bad Characters,Unknown or None,Red Hair,Living Characters,1,"1987, December",1987
6256,Swarm (New Earth),Unknown,Bad Characters,Unknown or None,Red Hair,Living Characters,1,"1983, August",1983
6257,"Martin Mantle, Jr. (New Earth)",Unknown,Bad Characters,Unknown or None,Red Hair,Living Characters,1,"1981, August",1981
6258,Doctor Drago (New Earth),Unknown,Bad Characters,Unknown or None,Red Hair,Living Characters,1,"1966, July",1966
6259,Stephen Lime (New Earth),Unknown,Bad Characters,Unknown or None,Unknown or None,Living Characters,1,"2011, June",2011
6260,Charles English (New Earth),Unknown,Bad Characters,Unknown or None,Unknown or None,Living Characters,1,"2010, March",2010
6261,Jack of Diamonds III (New Earth),Unknown,Bad Characters,Unknown or None,Unknown or None,Living Characters,1,"2010, March",2010
6262,Jack of Spades IX (New Earth),Unknown,Bad Characters,Unknown or None,Unknown or None,Living Characters,1,"2010, March",2010
6263,King of Spades VIII (New Earth),Unknown,Bad Characters,Unknown or None,Unknown or None,Living Characters,1,"2010, March",2010
6264,Ngo Sik (New Earth),Unknown,Bad Characters,Unknown or None,Unknown or None,Deceased Characters,1,"2010, June",2010
6265,Ten of Spades VIII (New Earth),Unknown,Bad Characters,Unknown or None,Unknown or None,Living Characters,1,"2010, March",2010
6266,Conundrum (New Earth),Unknown,Bad Characters,Unknown or None,Unknown or None,Living Characters,1,"2009, October",2009
6267,Dvorcek (New Earth),Unknown,Bad Characters,Unknown or None,Unknown or None,Living Characters,1,"2009, July",2009
6268,Ed Markham (New Earth),Unknown,Bad Characters,Unknown or None,Unknown or None,Deceased Characters,1,"2009, October",2009
6269,Eight of Diamonds I (New Earth),Unknown,Bad Characters,Unknown or None,Unknown or None,Living Characters,1,"2009, November",2009
6270,Eight of Hearts I (New Earth),Unknown,Bad Characters,Unknown or None,Unknown or None,Deceased Characters,1,"2009, October",2009
6271,Erszebet Bathory (New Earth),Unknown,Bad Characters,Unknown or None,Unknown or None,Living Characters,1,"2009, April",2009
6272,Five of Diamonds II (New Earth),Unknown,Bad Characters,Unknown or None,Unknown or None,Deceased Characters,1,"2009, October",2009
6273,Four of Diamonds I (New Earth),Unknown,Bad Characters,Unknown or None,Unknown or None,Deceased Characters,1,"2009, October",2009
6274,Four of Spades III (New Earth),Unknown,Bad Characters,Unknown or None,Unknown or None,Deceased Characters,1,"2009, October",2009
6275,Three of Spades III (New Earth),Unknown,Bad Characters,Unknown or None,Unknown or None,Deceased Characters,1,"2009, October",2009
6276,Val-Ty (New Earth),Unknown,Bad Characters,Unknown or None,Unknown or None,Living Characters,1,"2009, August",2009
6277,Wick (New Earth),Unknown,Bad Characters,Unknown or None,Unknown or None,Deceased Characters,1,"2009, June",2009
6278,Hammond Carter (New Earth),Unknown,Bad Characters,Unknown or None,Unknown or None,Living Characters,1,"2008, March",2008
6279,Harriet Pratt (New Earth),Unknown,Bad Characters,Unknown or None,Unknown or None,Living Characters,1,"2008, April",2008
6280,Lewis Yarnell (New Earth),Unknown,Bad Characters,Unknown or None,Unknown or None,Living Characters,1,"2008, April",2008
6281,Skitch Benson (New Earth),Unknown,Bad Characters,Unknown or None,Unknown or None,Living Characters,1,"2008, April",2008
6282,Sun-Chained-In-Ink (New Earth),Unknown,Bad Characters,Unknown or None,Unknown or None,Living Characters,1,"2008, July",2008
6283,Jack of Hearts II (New Earth),Unknown,Bad Characters,Unknown or None,Unknown or None,Living Characters,1,"2007, October",2007
6284,King of Hearts II (New Earth),Unknown,Bad Characters,Unknown or None,Unknown or None,Living Characters,1,"2007, October",2007
6285,Max Roboto (New Earth),Unknown,Bad Characters,Unknown or None,Unknown or None,Deceased Characters,1,"2007, July",2007
6286,Queen of Hearts III (New Earth),Unknown,Bad Characters,Unknown or None,Unknown or None,Living Characters,1,"2007, October",2007
6287,Bous3dra (New Earth),Unknown,Bad Characters,Unknown or None,Unknown or None,Living Characters,1,"2006, October",2006
6288,Harvest II (New Earth),Unknown,Bad Characters,Unknown or None,Unknown or None,Living Characters,1,"2006, November",2006
6289,Headmaster (New Earth),Unknown,Bad Characters,Unknown or None,Unknown or None,Living Characters,1,"2006, October",2006
6290,King of Spades VI (New Earth),Unknown,Bad Characters,Unknown or None,Unknown or None,Deceased Characters,1,"2006, January",2006
6291,Spinner (New Earth),Unknown,Bad Characters,Unknown or None,Unknown or None,Living Characters,1,"2006, October",2006
6292,Thunderhand (New Earth),Unknown,Bad Characters,Unknown or None,Unknown or None,Living Characters,1,"2006, January",2006
6293,Morass (New Earth),Unknown,Bad Characters,Unknown or None,Unknown or None,Living Characters,1,"2005, July",2005
6294,Jack of Clubs II (New Earth),Unknown,Bad Characters,Unknown or None,Unknown or None,Living Characters,1,"2002, February",2002
6295,Jack of Hearts I (New Earth),Unknown,Bad Characters,Unknown or None,Unknown or None,Living Characters,1,"2002, February",2002
6296,King of Hearts I (New Earth),Unknown,Bad Characters,Unknown or None,Unknown or None,Living Characters,1,"2002, February",2002
6297,Queen of Hearts II (New Earth),Unknown,Bad Characters,Unknown or None,Unknown or None,Living Characters,1,"2002, February",2002
6298,Two of Hearts I (New Earth),Unknown,Bad Characters,Unknown or None,Unknown or None,Living Characters,1,"2002, February",2002
6299,Tycho (New Earth),Unknown,Bad Characters,Unknown or None,Unknown or None,Living Characters,1,"2002, March",2002
6300,Captain Squidd (New Earth),Unknown,Bad Characters,Unknown or None,Unknown or None,Living Characters,1,"2001, October",2001
6301,Stormfront (New Earth),Unknown,Bad Characters,Unknown or None,Unknown or None,Living Characters,1,"2001, December",2001
6302,Colby Zag (New Earth),Unknown,Bad Characters,Unknown or None,Unknown or None,Living Characters,1,"1999, January",1999
6303,Piton II (New Earth),Unknown,Bad Characters,Unknown or None,Unknown or None,Living Characters,1,"1999, December",1999
6304,Psykosis (New Earth),Unknown,Bad Characters,Unknown or None,Unknown or None,Living Characters,1,1999,1999
6305,Dark (New Earth),Unknown,Bad Characters,Unknown or None,Unknown or None,Living Characters,1,"1998, December",1998
6306,Sharpe (New Earth),Unknown,Bad Characters,Unknown or None,Unknown or None,Living Characters,1,"1998, May",1998
6307,Termina (New Earth),Unknown,Bad Characters,Unknown or None,Unknown or None,Deceased Characters,1,"1998, June",1998
6308,Deathgrip (New Earth),Unknown,Bad Characters,Unknown or None,Unknown or None,Living Characters,1,"1997, March",1997
6309,Dell Merriwether (New Earth),Unknown,Bad Characters,Unknown or None,Unknown or None,Deceased Characters,1,"1997, October",1997
6310,Fangg (Post-Zero Hour),Unknown,Bad Characters,Unknown or None,Unknown or None,Living Characters,1,"1997, June",1997
6311,Inkling (New Earth),Unknown,Bad Characters,Unknown or None,Unknown or None,Living Characters,1,"1997, October",1997
6312,Nikolai Karpov (New Earth),Unknown,Bad Characters,Unknown or None,Unknown or None,Living Characters,1,"1997, March",1997
6313,Output (New Earth),Unknown,Bad Characters,Unknown or None,Unknown or None,Living Characters,1,"1997, September",1997
6314,Override (New Earth),Unknown,Bad Characters,Unknown or None,Unknown or None,Living Characters,1,"1997, September",1997
6315,Rockslide (Post-Zero Hour),Unknown,Bad Characters,Unknown or None,Unknown or None,Living Characters,1,"1997, June",1997
6316,Scareware (New Earth),Unknown,Bad Characters,Unknown or None,Unknown or None,Living Characters,1,"1997, June",1997
6317,Topkick (New Earth),Unknown,Bad Characters,Unknown or None,Unknown or None,Living Characters,1,"1997, October",1997
6318,Cockatoo (New Earth),Unknown,Bad Characters,Unknown or None,Unknown or None,Deceased Characters,1,"1996, April",1996
6319,Darkstorm (New Earth),Unknown,Bad Characters,Unknown or None,Unknown or None,Deceased Characters,1,"1996, April",1996
6320,Eckstein (New Earth),Unknown,Bad Characters,Unknown or None,Unknown or None,Living Characters,1,"1996, March",1996
6321,Karrion (New Earth),Unknown,Bad Characters,Unknown or None,Unknown or None,Living Characters,1,"1996, January",1996
6322,Firebomb (New Earth),Unknown,Bad Characters,Unknown or None,Unknown or None,Living Characters,1,"1995, April",1995
6323,Master Mayhem (New Earth),Unknown,Bad Characters,Unknown or None,Unknown or None,Deceased Characters,1,1995,1995
6324,Mourn (New Earth),Unknown,Bad Characters,Unknown or None,Unknown or None,Living Characters,1,"1995, November",1995
6325,Prince Inferno (New Earth),Unknown,Bad Characters,Unknown or None,Unknown or None,Living Characters,1,"1995, July",1995
6326,Firepower (New Earth),Unknown,Bad Characters,Unknown or None,Unknown or None,Living Characters,1,"1994, May",1994
6327,Phantom Barber (New Earth),Unknown,Bad Characters,Unknown or None,Unknown or None,Living Characters,1,"1994, April",1994
6328,Plasma (New Earth),Unknown,Bad Characters,Unknown or None,Unknown or None,Living Characters,1,"1994, June",1994
6329,Chumpp (New Earth),Unknown,Bad Characters,Unknown or None,Unknown or None,Deceased Characters,1,1993,1993
6330,Galaxa (New Earth),Unknown,Bad Characters,Unknown or None,Unknown or None,Living Characters,1,"1993, April",1993
6331,Robert Heavington Dubelz (New Earth),Unknown,Bad Characters,Unknown or None,Unknown or None,Deceased Characters,1,1993,1993
6332,Five of Diamonds I (New Earth),Unknown,Bad Characters,Unknown or None,Unknown or None,Living Characters,1,"1992, April",1992
6333,Four of Spades II (New Earth),Unknown,Bad Characters,Unknown or None,Unknown or None,Living Characters,1,"1992, April",1992
6334,Three of Hearts I (New Earth),Unknown,Bad Characters,Unknown or None,Unknown or None,Living Characters,1,"1992, April",1992
6335,Three of Spades II (New Earth),Unknown,Bad Characters,Unknown or None,Unknown or None,Living Characters,1,"1992, April",1992
6336,Boris Dhumov (New Earth),Unknown,Bad Characters,Unknown or None,Unknown or None,Living Characters,1,"1991, June",1991
6337,Database (New Earth),Unknown,Bad Characters,Unknown or None,Unknown or None,Living Characters,1,"1991, April",1991
6338,Queen of Hearts I (New Earth),Unknown,Bad Characters,Unknown or None,Unknown or None,Living Characters,1,"1991, December",1991
6339,Saul Calvino (New Earth),Unknown,Bad Characters,Unknown or None,Unknown or None,Living Characters,1,"1991, June",1991
6340,Temptress (New Earth),Unknown,Bad Characters,Unknown or None,Unknown or None,Living Characters,1,"1991, June",1991
6341,Front Page (New Earth),Unknown,Bad Characters,Unknown or None,Unknown or None,Living Characters,1,"1990, October",1990
6342,Infernus (New Earth),Unknown,Bad Characters,Unknown or None,Unknown or None,Living Characters,1,"1990, May",1990
6343,Kylstar (New Earth),Unknown,Bad Characters,Unknown or None,Unknown or None,Living Characters,1,"1990, October",1990
6344,Slasher II (New Earth),Unknown,Bad Characters,Unknown or None,Unknown or None,Living Characters,1,"1990, March",1990
6345,Hugh Fletcher (New Earth),Unknown,Bad Characters,Unknown or None,Unknown or None,Deceased Characters,1,"1989, July",1989
6346,Red Mask (New Earth),Unknown,Bad Characters,Unknown or None,Unknown or None,Deceased Characters,1,"1989, January",1989
6347,Squatterbloat (New Earth),Unknown,Bad Characters,Unknown or None,Unknown or None,Living Characters,1,"1989, April",1989
6348,Blockhouse I (New Earth),Unknown,Bad Characters,Unknown or None,Unknown or None,Living Characters,1,"1988, March",1988
6349,Holocaust (New Earth),Unknown,Bad Characters,Unknown or None,Unknown or None,Living Characters,1,"1988, March",1988
6350,Sonar II (New Earth),Unknown,Bad Characters,Unknown or None,Unknown or None,Living Characters,1,"1988, March",1988
6351,Camilla Ortin (New Earth),Unknown,Bad Characters,Unknown or None,Unknown or None,Living Characters,1,"1987, October",1987
6352,Timothy Walton (New Earth),Unknown,Bad Characters,Unknown or None,Unknown or None,Living Characters,1,"1987, October",1987
6353,Green Gargoyle (New Earth),Unknown,Bad Characters,Unknown or None,Unknown or None,Living Characters,1,"1986, July",1986
6354,Ghetto-Blaster (New Earth),Unknown,Bad Characters,Unknown or None,Unknown or None,Living Characters,1,"1985, May",1985
6355,Coil (New Earth),Unknown,Bad Characters,Unknown or None,Unknown or None,Living Characters,1,"1983, April",1983
6356,Decibel (New Earth),Unknown,Bad Characters,Unknown or None,Unknown or None,Living Characters,1,"1983, October",1983
6357,Electron (New Earth),Unknown,Bad Characters,Unknown or None,Unknown or None,Living Characters,1,"1983, October",1983
6358,Fire Devil (New Earth),Unknown,Bad Characters,Unknown or None,Unknown or None,Living Characters,1,"1983, June",1983
6359,Hitpin (New Earth),Unknown,Bad Characters,Unknown or None,Unknown or None,Living Characters,1,"1983, October",1983
6360,Power Pirate (New Earth),Unknown,Bad Characters,Unknown or None,Unknown or None,Living Characters,1,"1983, August",1983
6361,Distortionex (New Earth),Unknown,Bad Characters,Unknown or None,Unknown or None,Living Characters,1,"1982, January",1982
6362,Evil (Earth-Two),Unknown,Bad Characters,Unknown or None,Unknown or None,Living Characters,1,1982,1982
6363,Kristopher Kross (Earth-One),Unknown,Bad Characters,Unknown or None,Unknown or None,Living Characters,1,"1982, May",1982
6364,Arsenal (clone) (Earth-One),Unknown,Bad Characters,Unknown or None,Unknown or None,Living Characters,1,"1981, September",1981
6365,Asmodeus (New Earth),Unknown,Bad Characters,Unknown or None,Unknown or None,Living Characters,1,"1981, July",1981
6366,Blade Master (New Earth),Unknown,Bad Characters,Unknown or None,Unknown or None,Living Characters,1,"1981, June",1981
6367,Bruno Hogan (New Earth),Unknown,Bad Characters,Unknown or None,Unknown or None,Living Characters,1,"1981, April",1981
6368,"Cancero, the Electrical Crab Man (New Earth)",Unknown,Bad Characters,Unknown or None,Unknown or None,Living Characters,1,"1981, December",1981
6369,Chondak (New Earth),Unknown,Bad Characters,Unknown or None,Unknown or None,Living Characters,1,"1981, September",1981
6370,Crimson Star (New Earth),Unknown,Bad Characters,Unknown or None,Unknown or None,Living Characters,1,"1981, November",1981
6371,Grockk (New Earth),Unknown,Bad Characters,Unknown or None,Unknown or None,Living Characters,1,"1981, October",1981
6372,Jinx II (New Earth),Unknown,Bad Characters,Unknown or None,Unknown or None,Living Characters,1,"1981, December",1981
6373,Maniak (New Earth),Unknown,Bad Characters,Unknown or None,Unknown or None,Living Characters,1,"1981, September",1981
6374,Phantasm (New Earth),Unknown,Bad Characters,Unknown or None,Unknown or None,Living Characters,1,"1981, September",1981
6375,Radiator (New Earth),Unknown,Bad Characters,Unknown or None,Unknown or None,Living Characters,1,"1981, November",1981
6376,Silversmith (New Earth),Unknown,Bad Characters,Unknown or None,Unknown or None,Living Characters,1,"1981, June",1981
6377,Thunder Axe (New Earth),Unknown,Bad Characters,Unknown or None,Unknown or None,Living Characters,1,"1981, April",1981
6378,Conrad Cabel (New Earth),Unknown,Bad Characters,Unknown or None,Unknown or None,Deceased Characters,1,"1979, August",1979
6379,Jack of Spades II (Earth-One),Unknown,Bad Characters,Unknown or None,Unknown or None,Living Characters,1,"1979, June",1979
6380,Bane of Apokolips (New Earth),Unknown,Bad Characters,Unknown or None,Unknown or None,Living Characters,1,"1978, June",1978
6381,Junior Jumbo (New Earth),Unknown,Bad Characters,Unknown or None,Unknown or None,Deceased Characters,1,"1978, February",1978
6382,Marvelous Marno (New Earth),Unknown,Bad Characters,Unknown or None,Unknown or None,Living Characters,1,"1978, February",1978
6383,Toxxin (New Earth),Unknown,Bad Characters,Unknown or None,Unknown or None,Living Characters,1,"1976, June",1976
6384,Blackjack Jorgis (New Earth),Unknown,Bad Characters,Unknown or None,Unknown or None,Deceased Characters,1,"1974, June",1974
6385,Peter Dudley (New Earth),Unknown,Bad Characters,Unknown or None,Unknown or None,Living Characters,1,"1967, August",1967
6386,Dagon (New Earth),Unknown,Bad Characters,Unknown or None,Unknown or None,Living Characters,1,"1965, May",1965
6387,Mentor the Magnificent (Earth-Four),Unknown,Bad Characters,Unknown or None,Unknown or None,Living Characters,1,"1965, August",1965
6388,Frederick Devere (New Earth),Unknown,Bad Characters,Unknown or None,Unknown or None,Living Characters,1,"1941, June",1941
6389,Edgar Warnock (New Earth),Unknown,Bad Characters,Unknown or None,White Hair,Deceased Characters,1,"1983, April",1983
6390,Stavros Markos (New Earth),Unknown,Bad Characters,Unknown or None,White Hair,Living Characters,1,"1979, August",1979
6391,Doctor Deering (New Earth),Unknown,Bad Characters,Unknown or None,White Hair,Living Characters,1,"1964, June",1964
6392,Joshua Dazzleby (New Earth),Unknown,Good Characters,Unknown or None,Black Hair,Living Characters,1,"2010, August",2010
6393,Barbara Lane (New Earth),Unknown,Good Characters,Unknown or None,Black Hair,Living Characters,1,"2009, June",2009
6394,Greb (New Earth),Unknown,Good Characters,Unknown or None,Black Hair,Deceased Characters,1,"2009, June",2009
6395,Mitchell Lane (New Earth),Unknown,Good Characters,Unknown or None,Black Hair,Living Characters,1,"2009, June",2009
6396,Ratira (New Earth),Unknown,Good Characters,Unknown or None,Black Hair,Living Characters,1,"2001, May",2001
6397,Blithe (New Earth),Unknown,Good Characters,Unknown or None,Black Hair,Living Characters,1,"1999, December",1999
6398,Franklin Pierce (New Earth),Unknown,Good Characters,Unknown or None,Black Hair,Living Characters,1,"1997, September",1997
6399,Jocasta of Themyscira (New Earth),Unknown,Good Characters,Unknown or None,Black Hair,Living Characters,1,"1994, September",1994
6400,Dyctinna (New Earth),Unknown,Good Characters,Unknown or None,Black Hair,Living Characters,1,"1990, November",1990
6401,Beast (New Earth),Unknown,Good Characters,Unknown or None,Black Hair,Deceased Characters,1,"1989, April",1989
6402,Seagrin (New Earth),Unknown,Good Characters,Unknown or None,Black Hair,Deceased Characters,1,"1971, September",1971
6403,Diablo the Horse (New Earth),Unknown,Good Characters,Unknown or None,Black Hair,Living Characters,1,"1940, January",1940
6404,Macaria (New Earth),Unknown,Good Characters,Unknown or None,Blond Hair,Living Characters,1,"2003, June",2003
6405,Trey Hartley (New Earth),Unknown,Good Characters,Unknown or None,Blond Hair,Living Characters,1,"2003, February",2003
6406,Penelope II (New Earth),Unknown,Good Characters,Unknown or None,Blond Hair,Living Characters,1,"1994, November",1994
6407,Gyp (New Earth),Unknown,Good Characters,Unknown or None,Blond Hair,Living Characters,1,"1989, April",1989
6408,Susan Palmer (New Earth),Unknown,Good Characters,Unknown or None,Blond Hair,Living Characters,1,"1988, December",1988
6409,Harold Halston (New Earth),Unknown,Good Characters,Unknown or None,Blond Hair,Deceased Characters,1,"1987, June",1987
6410,Katydid (New Earth),Unknown,Good Characters,Unknown or None,Blond Hair,Living Characters,1,"1984, July",1984
6411,Daniel Young (New Earth),Unknown,Good Characters,Unknown or None,Blond Hair,Living Characters,1,"1982, February",1982
6412,Mirror Monarch (New Earth),Unknown,Good Characters,Unknown or None,Brown Hair,Deceased Characters,1,"2010, June",2010
6413,Chante Coles (New Earth),Unknown,Good Characters,Unknown or None,Brown Hair,Living Characters,1,"2009, June",2009
6414,Laryn Nelson (New Earth),Unknown,Good Characters,Unknown or None,Brown Hair,Living Characters,1,"2007, November",2007
6415,Marlus Randone (New Earth),Unknown,Good Characters,Unknown or None,Brown Hair,Living Characters,1,"2003, August",2003
6416,Nyrese (New Earth),Unknown,Good Characters,Unknown or None,Brown Hair,Living Characters,1,"2002, March",2002
6417,Grover Cleveland (New Earth),Unknown,Good Characters,Unknown or None,Brown Hair,Living Characters,1,"1999, August",1999
6418,Althesia (New Earth),Unknown,Good Characters,Unknown or None,Brown Hair,Living Characters,1,"1997, July",1997
6419,Helen (New Earth),Unknown,Good Characters,Unknown or None,Brown Hair,Living Characters,1,"1994, September",1994
6420,Trigona (New Earth),Unknown,Good Characters,Unknown or None,Brown Hair,Living Characters,1,"1994, October",1994
6421,Billy the Girl (New Earth),Unknown,Good Characters,Unknown or None,Brown Hair,Living Characters,1,"1993, December",1993
6422,Ismure (New Earth),Unknown,Good Characters,Unknown or None,Brown Hair,Living Characters,1,"1990, June",1990
6423,Rutherford B. Hayes (New Earth),Unknown,Good Characters,Unknown or None,Brown Hair,Living Characters,1,"1990, April",1990
6424,Blowhard (New Earth),Unknown,Good Characters,Unknown or None,Brown Hair,Living Characters,1,"1989, April",1989
6425,Hippodamia (New Earth),Unknown,Good Characters,Unknown or None,Brown Hair,Living Characters,1,"1989, December",1989
6426,Lawless (New Earth),Unknown,Good Characters,Unknown or None,Brown Hair,Living Characters,1,"1989, April",1989
6427,Ray Carson (New Earth),Unknown,Good Characters,Unknown or None,Brown Hair,Living Characters,1,"1989, May",1989
6428,Shiv I (New Earth),Unknown,Good Characters,Unknown or None,Brown Hair,Living Characters,1,"1989, April",1989
6429,Zaharra (New Earth),Unknown,Good Characters,Unknown or None,Brown Hair,Deceased Characters,1,"1989, June",1989
6430,Calvin Coolidge (New Earth),Unknown,Good Characters,Unknown or None,Brown Hair,Living Characters,1,"1984, November",1984
6431,Skittre (New Earth),Unknown,Good Characters,Unknown or None,Brown Hair,Living Characters,1,"1984, July",1984
6432,Xenofobe (New Earth),Unknown,Good Characters,Unknown or None,Green Hair,Living Characters,1,"1976, January",1976
6433,Robert Smith (New Earth),Unknown,Good Characters,Unknown or None,Grey Hair,Living Characters,1,"1998, February",1998
6434,Nickels (New Earth),Unknown,Good Characters,Unknown or None,Grey Hair,Living Characters,1,"1989, April",1989
6435,Big Breeda (New Earth),Unknown,Good Characters,Unknown or None,Red Hair,Living Characters,1,"1991, June",1991
6436,Zvvireel (New Earth),Unknown,Good Characters,Unknown or None,Unknown or None,Deceased Characters,1,"2010, December",2010
6437,Airam Sappal (New Earth),Unknown,Good Characters,Unknown or None,Unknown or None,Deceased Characters,1,"2009, January",2009
6438,Henry Lane (New Earth),Unknown,Good Characters,Unknown or None,Unknown or None,Living Characters,1,"2009, June",2009
6439,Nhoj Sappal (New Earth),Unknown,Good Characters,Unknown or None,Unknown or None,Deceased Characters,1,"2009, January",2009
6440,Lady Liberty II (New Earth),Unknown,Good Characters,Unknown or None,Unknown or None,Deceased Characters,1,"2006, October",2006
6441,Laris (New Earth),Unknown,Good Characters,Unknown or None,Unknown or None,Living Characters,1,"2001, May",2001
6442,Aaron Hayley (New Earth),Unknown,Good Characters,Unknown or None,Unknown or None,Living Characters,1,1998,1998
6443,Andrew Johnson (New Earth),Unknown,Good Characters,Unknown or None,Unknown or None,Living Characters,1,"1998, May",1998
6444,3g4 (New Earth),Unknown,Good Characters,Unknown or None,Unknown or None,Deceased Characters,1,"1997, October",1997
6445,Gaia (New Earth),Unknown,Good Characters,Unknown or None,Unknown or None,Living Characters,1,"1995, February",1995
6446,Braka (New Earth),Unknown,Good Characters,Unknown or None,Unknown or None,Living Characters,1,"1994, September",1994
6447,Lartys (New Earth),Unknown,Good Characters,Unknown or None,Unknown or None,Living Characters,1,"1994, September",1994
6448,Nera (New Earth),Unknown,Good Characters,Unknown or None,Unknown or None,Living Characters,1,"1994, January",1994
6449,Patrice (New Earth),Unknown,Good Characters,Unknown or None,Unknown or None,Living Characters,1,"1994, December",1994
6450,Selaya (New Earth),Unknown,Good Characters,Unknown or None,Unknown or None,Deceased Characters,1,"1993, December",1993
6451,Ceres (New Earth),Unknown,Good Characters,Unknown or None,Unknown or None,Living Characters,1,"1991, September",1991
6452,Meda (New Earth),Unknown,Good Characters,Unknown or None,Unknown or None,Living Characters,1,"1991, November",1991
6453,Thorvall (New Earth),Unknown,Good Characters,Unknown or None,Unknown or None,Living Characters,1,"1990, September",1990
6454,Ace High (New Earth),Unknown,Good Characters,Unknown or None,Unknown or None,Living Characters,1,"1989, April",1989
6455,Aliaza (New Earth),Unknown,Good Characters,Unknown or None,Unknown or None,Living Characters,1,"1989, August",1989
6456,Dinky (New Earth),Unknown,Good Characters,Unknown or None,Unknown or None,Living Characters,1,"1989, September",1989
6457,Mazita (New Earth),Unknown,Good Characters,Unknown or None,Unknown or None,Living Characters,1,"1989, June",1989
6458,Egeria (New Earth),Unknown,Good Characters,Unknown or None,Unknown or None,Deceased Characters,1,1988,1988
6459,Bogosar (New Earth),Unknown,Good Characters,Unknown or None,Unknown or None,Deceased Characters,1,"1986, January",1986
6460,Sandro Batorn (New Earth),Unknown,Good Characters,Unknown or None,Unknown or None,Deceased Characters,1,"1986, May",1986
6461,Dkrtzy Rrr (New Earth),Unknown,Good Characters,Unknown or None,Unknown or None,Living Characters,1,"1985, May",1985
6462,Impasse (New Earth),Unknown,Good Characters,Unknown or None,Unknown or None,Living Characters,1,"1984, July",1984
6463,Burkett (New Earth),Unknown,Good Characters,Unknown or None,Unknown or None,Deceased Characters,1,"1983, August",1983
6464,James Madison (New Earth),Unknown,Good Characters,Unknown or None,Unknown or None,Living Characters,1,"1975, June",1975
6465,Tyr (New Earth),Unknown,Good Characters,Unknown or None,Unknown or None,Living Characters,1,"1967, October",1967
6466,Porpy the Porpoise (New Earth),Unknown,Good Characters,Unknown or None,Unknown or None,Living Characters,1,"1962, June",1962
6467,Apollo (Roman God) (New Earth),Unknown,Good Characters,Unknown or None,Unknown or None,Living Characters,1,,
6468,Jinny Greenteeth (New Earth),Unknown,Good Characters,Unknown or None,White Hair,Deceased Characters,1,"2011, August",2011
6469,Henry Crawford (New Earth),Unknown,Good Characters,Unknown or None,White Hair,Living Characters,1,"1978, September",1978
6470,Woodrow Wilson (New Earth),Unknown,Good Characters,Unknown or None,White Hair,Living Characters,1,"1975, June",1975
6471,Joshua Turnbull (New Earth),Unknown,Neutral Characters,Unknown or None,Black Hair,Deceased Characters,1,"2010, March",2010
6472,Bizarro Aquaman (New Earth),Unknown,Neutral Characters,Unknown or None,Blond Hair,Deceased Characters,1,"2007, December",2007
6473,Jonathan Hedley (New Earth),Unknown,Neutral Characters,Unknown or None,Blond Hair,Living Characters,1,"1990, May",1990
6474,Crissy (New Earth),Unknown,Neutral Characters,Unknown or None,Brown Hair,Deceased Characters,1,"1990, July",1990
6475,Aniela Arcane (New Earth),Unknown,Neutral Characters,Unknown or None,Brown Hair,Living Characters,1,"1989, February",1989
6476,Roxanne Snow (New Earth),Unknown,Neutral Characters,Unknown or None,Red Hair,Living Characters,1,"2007, February",2007
6477,Bizarro Blue Beetle (New Earth),Unknown,Neutral Characters,Unknown or None,Unknown or None,Living Characters,1,"2011, April",2011
6478,Bizarro Captain Marvel (New Earth),Unknown,Neutral Characters,Unknown or None,Unknown or None,Living Characters,1,"2011, April",2011
6479,Chu Jiang Impostor (New Earth),Unknown,Neutral Characters,Unknown or None,Unknown or None,Deceased Characters,1,"2010, January",2010
6480,Doctor Mephistopheles (New Earth),Unknown,Neutral Characters,Unknown or None,Unknown or None,Living Characters,1,"2008, August",2008
6481,Xolotl (New Earth),Unknown,Neutral Characters,Unknown or None,Unknown or None,Deceased Characters,1,"2006, September",2006
6482,Thrax (New Earth),Unknown,Neutral Characters,Unknown or None,Unknown or None,Deceased Characters,1,"1996, March",1996
6483,Suula (New Earth),Unknown,Neutral Characters,Unknown or None,Unknown or None,Living Characters,1,"1990, March",1990
6484,Krakor (New Earth),Unknown,Neutral Characters,Unknown or None,Unknown or None,Deceased Characters,1,"1976, June",1976
6485,Randolph Ormsby (New Earth),Unknown,Neutral Characters,Unknown or None,Unknown or None,Living Characters,1,"1966, May",1966
6486,Wackyman (Earth-One),Unknown,Neutral Characters,Unknown or None,Unknown or None,Living Characters,1,"1957, February",1957
6487,Smother (New Earth),Unknown,Neutral Characters,Unknown or None,Unknown or None,Living Characters,1,,
6488,Koko (New Earth),Unknown,Neutral Characters,Unknown or None,White Hair,Living Characters,1,"2008, October",2008
6489,Aya (New Earth),Unknown,Unknown or None,Unknown or None,Unknown or None,Living Characters,1,"2011, June",2011
6490,Caleb Skinner (New Earth),Unknown,Unknown or None,Unknown or None,Unknown or None,Deceased Characters,1,"2010, November",2010
6491,Rosalyn Mays (New Earth),Unknown,Unknown or None,Unknown or None,Unknown or None,Living Characters,1,"2010, August",2010
6492,Sarolis (New Earth),Unknown,Unknown or None,Unknown or None,Unknown or None,Living Characters,1,"2009, September",2009
6493,Raymond Gibson (New Earth),Unknown,Unknown or None,Unknown or None,Unknown or None,Living Characters,1,"2008, June",2008
6494,Anaea (New Earth),Unknown,Unknown or None,Unknown or None,Unknown or None,Living Characters,1,"2007, September",2007
6495,Damara (New Earth),Unknown,Unknown or None,Unknown or None,Unknown or None,Living Characters,1,"2007, October",2007
6496,Eurybe (New Earth),Unknown,Unknown or None,Unknown or None,Unknown or None,Living Characters,1,"2007, September",2007
6497,Helene (New Earth),Unknown,Unknown or None,Unknown or None,Unknown or None,Deceased Characters,1,"2007, September",2007
6498,Felicia (New Earth),Unknown,Unknown or None,Unknown or None,Unknown or None,Living Characters,1,"2006, February",2006
6499,Jonathan Warrawa (New Earth),Unknown,Unknown or None,Unknown or None,Unknown or None,Living Characters,1,"2006, September",2006
6500,Joseph Kline (New Earth),Unknown,Unknown or None,Unknown or None,Unknown or None,Living Characters,1,"2006, November",2006
6501,Tekla (New Earth),Unknown,Unknown or None,Unknown or None,Unknown or None,Deceased Characters,1,"2006, January",2006
6502,Arnold Locane (New Earth),Unknown,Unknown or None,Unknown or None,Unknown or None,Living Characters,1,"2004, September",2004
6503,Alexis (New Earth),Unknown,Unknown or None,Unknown or None,Unknown or None,Living Characters,1,"1998, September",1998
6504,Simone (New Earth),Unknown,Unknown or None,Unknown or None,Unknown or None,Living Characters,1,"1998, September",1998
6505,Michael Adams (New Earth),Unknown,Unknown or None,Unknown or None,Unknown or None,Living Characters,1,"1996, October",1996
6506,Procne (New Earth),Unknown,Unknown or None,Unknown or None,Unknown or None,Living Characters,1,"1991, December",1991
6507,Janus (New Earth),Unknown,Unknown or None,Unknown or None,Unknown or None,Living Characters,1,1990,1990
6508,Belizar (New Earth),Unknown,Unknown or None,Unknown or None,Unknown or None,Living Characters,1,"1989, September",1989
6509,Kahiri (New Earth),Unknown,Unknown or None,Unknown or None,Unknown or None,Living Characters,1,"1989, September",1989
6510,Glommer (New Earth),Unknown,Unknown or None,Unknown or None,Unknown or None,Living Characters,1,"1987, March",1987
6511,Zzlrrrzzzm (New Earth),Unknown,Unknown or None,Unknown or None,Unknown or None,Living Characters,1,"1987, August",1987
6512,Shirley Rice (New Earth),Unknown,Unknown or None,Unknown or None,Unknown or None,Living Characters,1,"1986, December",1986
6513,Snurff (New Earth),Unknown,Unknown or None,Unknown or None,Unknown or None,Living Characters,1,"1985, October",1985
6514,Edgar Rhodes (New Earth),Unknown,Unknown or None,Unknown or None,Unknown or None,Living Characters,1,"1978, February",1978
6515,Willik (New Earth),Unknown,Unknown or None,Unknown or None,Unknown or None,Living Characters,1,"1972, August",1972
6516,Bragi (New Earth),Unknown,Unknown or None,Unknown or None,Unknown or None,Living Characters,1,"1967, October",1967
6517,Freyr (New Earth),Unknown,Unknown or None,Unknown or None,Unknown or None,Living Characters,1,"1967, October",1967
6518,Dro Dorno (New Earth),Unknown,Unknown or None,Unknown or None,Unknown or None,Living Characters,1,"1962, November",1962
6519,Mister Fowler (New Earth),Unknown,Unknown or None,Unknown or None,Unknown or None,Living Characters,1,"1962, February",1962
6520,Teacher Elider (New Earth),Unknown,Unknown or None,Unknown or None,Unknown or None,Living Characters,1,"1960, November",1960
6521,Gareth (New Earth),Unknown,Unknown or None,Unknown or None,Unknown or None,Living Characters,1,"1936, February",1936
6522,Dimita (New Earth),Unknown,Unknown or None,Unknown or None,Black Hair,Living Characters,1,"1998, October",1998
6523,Fatima II (New Earth),Unknown,Unknown or None,Unknown or None,Black Hair,Living Characters,1,"1989, September",1989
6524,Tommy Moon (New Earth),Unknown,Unknown or None,Unknown or None,Black Hair,Living Characters,1,"1962, March",1962
6525,Gypper Zilich (New Earth),Unknown,Unknown or None,Unknown or None,Black Hair,Living Characters,1,"1941, July",1941
6526,Marissa Nelson (New Earth),Unknown,Unknown or None,Unknown or None,Brown Hair,Living Characters,1,"2007, November",2007
6527,Marta (New Earth),Unknown,Unknown or None,Unknown or None,Brown Hair,Living Characters,1,"2007, August",2007
6528,Bryony (New Earth),Unknown,Unknown or None,Unknown or None,Brown Hair,Deceased Characters,1,"2006, January",2006
6529,Sitra (New Earth),Unknown,Unknown or None,Unknown or None,Brown Hair,Deceased Characters,1,"2006, January",2006
6530,Carol Erikson (New Earth),Unknown,Unknown or None,Unknown or None,Brown Hair,Deceased Characters,1,"2004, September",2004
6531,Louis Erikson (New Earth),Unknown,Unknown or None,Unknown or None,Brown Hair,Deceased Characters,1,"2004, September",2004
6532,Onassis Sklar (New Earth),Unknown,Unknown or None,Unknown or None,Brown Hair,Living Characters,1,"1995, June",1995
6533,Harry Kent (New Earth),Unknown,Unknown or None,Unknown or None,Brown Hair,Deceased Characters,1,"1993, June",1993
6534,Eugenie Hedstrom (New Earth),Unknown,Unknown or None,Unknown or None,Brown Hair,Living Characters,1,"1987, June",1987
6535,Inez Rhodes (New Earth),Unknown,Unknown or None,Unknown or None,Brown Hair,Living Characters,1,"1978, February",1978
6536,Charles Elkin (New Earth),Unknown,Unknown or None,Unknown or None,Brown Hair,Living Characters,1,"1962, March",1962
6537,Brenda Forest (New Earth),Unknown,Unknown or None,Unknown or None,Brown Hair,Living Characters,1,"1941, June",1941
6538,Norman Grimes (New Earth),Unknown,Unknown or None,Unknown or None,Orange Hair,Living Characters,1,"1976, August",1976
6539,Miss Gsptlsnz (New Earth),Unknown,Unknown or None,Unknown or None,Red Hair,Living Characters,1,"1999, July",1999
6540,Jonathan Romero (New Earth),Unknown,Unknown or None,Unknown or None,White Hair,Living Characters,1,"2009, June",2009
